FIPS,MEDHHINC10,POVRATE10,CHILDPOVRATE10,Unemployment_rate_2012
1001,53049,11.9,17.5,6.9
1003,47618,13.3,20.2,7.5
1005,33074,25.3,36.2,11.5
1007,35472,20.9,28.6,8.6
1009,42906,16.5,24.1,6.9
1011,25969,31.1,40.3,10.4
1013,29500,28.1,39.6,11.6
1015,37916,23.5,31.5,8.9
1017,30061,28.5,43.5,9.9
1019,34410,21.2,33.1,8
1021,38553,20.4,32,7.2
1023,32003,20.7,29.9,10.3
1025,33739,24.9,33.5,15
1027,33035,20.6,29.8,9.4
1029,37566,17.8,26.8,8.2
1031,40779,20.1,30,7.1
1033,37455,19.2,32.2,8.8
1035,27855,25.7,41,11.9
1037,33721,18.6,29.5,9.4
1039,33484,20.9,30.2,8.4
1041,35577,20.3,30.3,8.3
1043,37948,19.2,26.8,7.7
1045,41287,17.8,25.6,7.4
1047,26195,35.6,56.5,12.9
1049,34822,20.8,31.6,9.1
1051,51013,12.5,18.4,6.9
1053,31365,26.1,35.6,9.2
1055,36088,19,28.8,8.2
1057,32643,27.3,36,8.6
1059,33649,21.6,34.2,8.4
1061,34418,20.3,31.6,7.6
1063,27117,31,40.9,13.6
1065,31790,24.8,35.7,11.5
1067,37851,18.1,28.8,8.3
1069,39290,17.9,28,7.6
1071,36158,19.9,28.6,8.6
1073,41740,18.6,27.7,7.4
1075,32993,21.5,31.4,7.5
1077,39213,17.6,25.7,7.7
1079,37365,18.1,24.1,9
1081,40102,21.3,20.6,6.8
1083,49667,14.1,19.5,6.9
1085,28754,30.7,45.8,15.4
1087,27041,31.2,46.8,10.7
1089,54633,12.7,18,7
1091,33085,23.6,32.5,10.2
1093,32080,20.9,31.1,8.9
1095,38859,19.4,30.9,7.8
1097,39753,20.5,28.9,9.2
1099,31744,28.4,49.9,12.6
1101,41556,21.3,32.3,8.1
1103,44859,14.1,21.4,7.8
1105,24742,39.5,54.3,13.4
1107,31032,24.4,35.5,10.2
1109,32771,30,37.7,8
1111,32584,24.8,36.5,9.2
1113,32733,24.1,35.8,8.8
1115,48296,13,19.8,6.9
1117,67135,9.8,13.2,5
1119,25586,31.3,42.8,10.5
1121,35646,22.7,33.6,9.4
1123,34440,18.3,29.5,8.6
1125,43098,18,23.4,7
1127,36044,23.2,34.6,9.2
1129,37639,19.6,28.5,11.9
1131,21611,39.6,52.5,20
1133,32574,20.3,31.9,10
2013,47077,16.8,16.4,6.8
2016,58517,9,11,6.9
2020,70524,9.6,12.2,5.4
2050,45481,22.6,30.2,15.4
2060,62912,8.8,9.1,9.8
2068,61004,5.6,6.7,13.8
2070,46845,20.6,29.5,9.9
2090,60472,9.4,12.5,6.1
2100,46111,12.1,19.5,10
2110,69844,8.2,10,5.1
2122,57347,10.7,14.4,8.6
2130,58073,10,14.8,8.1
2150,59847,8.3,10.3,6.7
2164,39794,17.7,25.3,15.2
2170,68670,10.9,14.1,8.6
2180,43147,24.6,30.7,11.7
2185,68744,11.4,13.2,7.7
2188,49466,20,21.9,15.7
2220,58000,9.1,11.8,5.7
2105,38122,19.4,26.4,14.4
2240,54508,13.4,21.7,12.9
2261,60297,9,11.2,9.7
2270,30883,34.1,46,0
2195,52294,10.6,15.6,8.1
2282,49331,14.7,22.6,9.7
2290,35177,27.1,34.9,17.4
4001,30651,34.5,41.8,19
4003,43677,17.7,26.9,9
4005,43051,23.8,28.1,8.6
4007,37430,19.8,33.6,10.2
4009,39299,21.6,26.3,8.5
4011,49592,12.7,16.7,8.2
4012,33818,23.7,38.1,8.6
4013,50424,16.6,23.5,7.3
4015,36446,18.7,33.8,11
4017,37723,27.8,36.4,14.1
4019,44293,17.8,25.1,7.4
4021,49833,14.4,18.4,8.6
4023,33952,28,43.5,15.4
4025,40562,18.3,28,8.6
4027,40609,21.1,32,23.9
5001,38129,18.6,28.3,8.8
5003,37042,19.4,31.8,12.2
5005,34421,15.7,27.2,8.4
5007,52417,10.2,13.9,6
5009,35532,16,26.3,7.6
5011,31047,28.5,43.4,11.1
5013,36955,15.6,22.6,9.1
5015,33789,16.4,26.5,6.3
5017,27321,30.7,44.1,11.4
5019,33433,22.2,28.4,10.1
5021,31976,18.3,28.6,11
5023,35472,18.6,29.1,8.5
5025,40402,15.5,22.7,7.4
5027,34538,25.6,35.5,9
5029,37475,18.2,26.4,9.2
5031,37780,21.1,27.3,6.9
5033,39672,15.8,24.2,8
5035,33938,30.3,45.9,9.6
5037,35080,19.6,29.5,7.9
5039,31350,19.4,33.5,11.5
5041,29586,28,41.7,9.9
5043,34952,20.9,30,10.7
5045,46199,14.8,17.4,6.6
5047,38514,17.2,26.6,7.1
5049,30191,18.9,31.2,7.2
5051,36690,21.7,38,7.9
5053,45347,11.9,18.5,6.8
5055,36391,17,25.7,8.7
5057,31786,21.8,33.2,7.3
5059,37243,15.3,26.4,7.2
5061,32543,21,30.5,6.7
5063,35888,18.2,27.2,9.2
5065,29883,18.6,32.2,8.8
5067,30405,25.8,35.9,10.8
5069,35092,22.7,34.1,10
5071,32326,21.9,31.3,7.4
5073,29084,23.2,35.8,9.5
5075,32869,22.4,35.2,9.1
5077,25944,37.5,46.1,9.5
5079,35070,28.5,32.7,8.7
5081,37260,17.8,26,7.3
5083,36015,17.1,28.2,8
5085,50021,12.4,17.5,6.4
5087,34547,19.3,29.7,5.9
5089,31438,19.5,36.4,8.3
5091,37806,20.1,30.9,5.9
5093,32169,25,36.2,11
5095,28637,26.6,36.9,9.1
5097,32032,22.2,35.2,8.5
5099,32896,25.2,38.4,7.8
5101,30965,23.3,37.1,7.3
5103,35971,20.3,31.2,10.5
5105,39054,16.8,26.6,9.1
5107,26933,36,51.8,11.6
5109,31569,21.2,32.3,9.1
5111,32130,27.1,39,8.7
5113,29938,22.8,36,7.4
5115,39040,17.7,24.8,7.3
5117,36898,18.3,29.2,7.6
5119,44733,17.1,25.3,6.9
5121,33401,19.2,31.4,10.8
5123,29825,32.7,47,10.8
5125,53430,9.6,14.5,6.1
5127,29633,22.5,36.2,6.7
5129,27896,23.7,42,8.2
5131,38724,20.5,30.9,7.9
5133,35279,23.5,31.8,8.8
5135,28933,25.1,39.3,10.2
5137,29182,22.4,37.5,8.3
5139,36934,21.6,33,9.2
5141,32142,20.9,33.2,10.1
5143,39692,19.6,24.7,5.6
5145,39974,16.7,22.3,7.9
5147,27003,25.9,43.4,10.2
5149,33522,20.3,30.2,6.7
6001,66937,13.5,17.2,8.7
6003,44241,16.9,29.2,11.4
6005,49516,12.8,17,12.3
6007,41168,20.1,25.1,12.2
6009,50745,11.1,18.3,12.4
6011,44981,14.9,22.9,20.7
6013,73678,9.3,12.7,8.9
6015,35438,23.5,30.6,13.5
6017,65201,9.4,11.6,10.2
6019,44869,26.8,38.2,15.1
6021,40859,17.6,25.6,14.2
6023,38254,18,22,9.6
6025,39261,22.3,31.8,27.4
6027,44507,13.9,20.5,9.1
6029,45045,21.4,30.3,13.2
6031,44020,22.5,29.7,14.9
6033,35914,21,29.8,12.8
6035,50093,16.8,18.7,12.5
6037,52595,17.6,24.5,10.9
6039,43596,21.7,31.7,14.5
6041,82383,9.2,10.9,6.3
6043,42222,14.8,22.3,12.2
6045,40339,19.6,28.6,10
6047,41730,23.1,31.4,16.3
6049,34579,21.9,32.5,14.4
6051,52768,10.8,15,10.4
6053,53735,17.1,25.9,11.6
6055,62893,10.7,14.7,8.4
6057,54154,11.7,17.3,9.8
6059,70727,12.2,16.4,7.9
6061,68330,9.1,10.7,9.4
6063,41421,15.3,22.3,16.2
6065,53981,16.4,23.4,11.6
6067,52655,16.7,23.6,10.5
6069,58194,12.7,17.4,13.1
6071,52270,18.1,24.7,11.4
6073,59759,14.8,19.1,9.1
6075,70883,12.8,14.7,6.8
6077,49742,19,26,14.4
6079,53620,14.3,15.1,8.2
6081,82413,7,8.5,6.4
6083,56243,17.7,21.7,8.4
6085,84627,10.6,13.3,7.9
6087,60247,14.2,19,11.8
6089,41058,18.2,25.4,14.2
6091,42800,13.4,18.9,14.3
6093,36001,21.5,30.7,15.6
6095,62948,12.2,17.9,10.7
6097,58703,12.8,14.8,8.9
6099,47442,19.7,28.2,14.9
6101,46188,16.8,23.5,16.8
6103,38188,20.4,31.1,13.7
6105,35207,18.4,31.3,14.6
6107,42377,24.6,33.6,16.2
6109,44751,15.2,21.5,13
6111,71418,11,15.3,9.1
6113,54433,16.4,18.9,10.6
6115,41045,20.7,28.2,15.4
8001,52785,13,17.5,9.4
8003,36339,21,29,10.5
8005,58152,11.4,15,7.7
8007,46165,13.1,23.1,10
8009,33086,17.3,26.2,4.5
8011,33702,30.9,32.1,8.4
8013,62215,13.6,13.8,6.2
8014,76006,6,6.8,6.6
8015,42420,12.9,19.2,6.8
8017,44464,12.1,20,4.5
8019,64822,8.6,12.6,7
8021,32254,21.3,28.3,10.6
8023,27305,25.7,37.1,11.4
8025,34569,34.7,35.7,8.1
8027,42951,15,27.8,6.3
8029,40288,15.7,22.8,9.6
8031,45415,21.3,30.8,7.8
8033,40511,12.9,14.7,10.2
8035,97806,3.5,3.8,6
8037,69182,8.5,12,7.2
8039,78550,6.5,9.8,7.1
8041,51553,13.4,18.2,8.8
8043,40543,16.7,23.2,11.7
8045,60456,9.6,13.6,8.5
8047,63024,7.5,10.5,6.7
8049,55818,8.3,12.6,7.2
8051,47698,14.5,15.3,6
8053,48195,9.4,16.8,4.8
8055,31696,22.7,36.6,14.2
8057,43691,15.1,27.4,5.2
8059,64181,8.8,11.4,7.4
8061,37600,13,18.5,4.5
8063,39498,14,19.6,4.4
8065,43565,14.4,21.4,8.6
8067,53029,11.5,14.1,6.6
8069,54739,13.6,13,6.7
8071,37700,18.8,25.1,12
8073,39230,17.9,23,6.5
8075,40637,16.3,19.8,6
8077,47324,14.7,18,9.7
8079,45645,11.9,22.7,5.4
8081,55913,10.1,14.1,8.2
8083,41074,17.4,26.5,8.5
8085,44002,15,22.6,10.3
8087,43209,14.2,20.5,6.8
8089,34360,19.9,30,10.3
8091,54920,9.4,15.9,9.3
8093,66400,9.3,14.4,6.9
8095,44064,11.4,15.6,5.1
8097,65568,7,7.9,7.2
8099,34488,23,31.8,7
8101,39107,19.6,25.8,10.7
8103,59308,8.6,10.9,8.3
8105,37300,17.3,29.1,12.2
8107,60506,7.7,9.9,7.2
8109,30985,25.1,37,11.1
8111,37001,15.9,22.9,9.9
8113,62368,10,14.1,7.8
8115,36749,13.6,22,7
8117,60087,10.1,12.9,6
8119,59966,8.7,14.3,8.4
8121,40914,13.9,20.5,4.9
8123,52334,14.3,18.5,7.8
8125,43361,12.5,17.3,5.1
9001,74634,9.3,10.8,7.8
9003,60028,11.3,14.8,8.7
9005,66076,6.7,8.4,7.5
9007,70805,6.8,6.7,7
9009,57070,11.6,16.1,9.1
9011,61792,8.9,11.5,8.6
9013,74868,6.4,6.1,7.1
9015,56564,11.8,15.3,9.4
10001,51490,12.1,19.6,7.9
10003,59877,11.2,15.2,7
10005,48582,13.9,24,7.2
11001,60729,18.8,31.1,9
12001,40656,25.3,26.3,6.7
12003,45802,17.5,24.2,8.6
12005,44364,15.1,22.4,8.7
12007,39454,19.4,26.2,7.6
12009,46331,13.5,20,9.4
12011,47917,14.7,19.8,8
12013,34054,22.1,29.6,9.2
12015,41991,13.9,25.5,9.5
12017,36174,17.2,30.8,10.8
12019,57913,11.3,16.1,7.6
12021,53341,15.7,26.3,8.5
12023,34870,19.5,29.9,8.9
12027,33966,32.9,40.1,10
12029,30967,26.6,37.1,10.3
12031,46112,16.6,23.5,8.8
12033,41428,19.1,28.2,8.4
12035,45685,15.5,22,9.9
12037,34522,24.2,35,6.5
12039,35704,23.8,32.7,10.4
12041,38517,21,26.9,9.1
12043,39089,21,29,7.7
12045,39403,21.1,26.6,8.1
12047,31820,30.8,39.4,8.9
12049,33732,30.3,40.8,8.9
12051,37220,26.7,43.8,12.8
12053,37867,15.1,24.2,10.6
12055,34469,20.7,33.4,10.3
12057,46043,16.7,23.2,7.9
12059,33696,22.5,32.1,8.8
12061,47525,14.4,25.2,11
12063,37351,19,27,8.7
12065,39113,18.5,29.2,9.3
12067,36001,26,28.7,5.7
12069,42343,13.5,22.4,8.9
12071,44377,17.1,28,8.9
12073,42393,26.3,25,7
12075,32197,27,41.5,9.3
12077,37815,22.9,28,8
12079,31942,23.4,35.7,8.6
12081,44990,14.5,23.4,8.2
12083,37162,19.6,30.8,10.2
12085,49539,11.3,17,8.3
12086,40145,20.3,25.5,8.3
12087,50388,12.6,19.1,5.7
12089,57605,11.3,17.7,8.1
12091,51173,12.4,19.7,6.7
12093,35417,22.3,33,10
12095,45105,16.4,22.8,8.2
12097,42165,16.3,24.2,9.5
12099,49891,14.3,22.4,8.5
12101,42184,15.2,20.8,9.1
12103,42628,14.2,20.4,8
12105,41184,17.5,28.3,9.7
12107,33300,26.7,38.2,11.9
12109,60841,12,14.1,6.6
12111,39378,17.6,27.2,11
12113,51208,12.6,17.6,7.6
12115,46047,13.1,21.8,8.5
12117,57381,11,14.1,8.1
12119,45165,13,33.8,10.6
12121,39259,20.9,30,8
12123,35343,20.6,30.8,9
12125,40523,24.3,25.5,7.2
12127,41368,16.5,26.6,9.5
12129,47566,14.1,20,7.3
12131,44622,16.5,26.6,7.3
12133,35378,21.1,30.9,8.9
13001,36601,24.5,35.7,11.2
13003,28579,36.3,58.1,11.5
13005,31692,25.6,35.5,9.7
13007,33950,26,40.6,11
13009,36091,27,34.5,11.6
13011,42196,16.4,24.7,8.2
13013,52391,12,17.7,8.6
13015,43825,14.5,21.9,9.9
13017,29910,27.9,41.5,13.9
13019,32859,21.7,33.7,10.2
13021,36220,25.9,38.7,10.5
13023,38513,19.8,27.1,12.6
13025,35732,23.6,32.4,12
13027,32067,24.5,38.4,9.1
13029,65478,11.8,16.7,8.3
13031,31943,34.3,31.7,9.8
13033,30688,32.9,47,12.3
13035,43777,16.5,23.5,10.2
13037,28618,36.8,41,7.8
13039,48967,15.5,21.3,8.6
13043,30496,25.2,38.2,8.6
13045,45242,19,24.3,10.2
13047,47337,14.3,20.6,7.5
13049,32316,27.9,32.1,9.3
13051,42728,19.7,27.5,9.2
13053,46292,18.5,20.6,11.7
13055,33990,20.5,28.8,10.2
13057,63520,8.6,11.7,7.1
13059,34000,33.3,35.6,8.7
13061,27080,35.7,58.3,12.5
13063,36595,22.6,34.1,12
13065,30428,24.7,34.9,9.7
13067,59471,14,19.7,7.7
13069,33527,25.9,39.3,11.4
13071,32010,26.2,35.3,8.8
13073,64435,8.8,10.6,7
13075,32244,24.7,36.6,9.4
13077,56407,11,16.9,8
13079,41593,19,29.8,9.8
13081,35232,29.9,47.4,12.5
13083,40161,16.3,22.3,7.6
13085,51127,13.9,21.7,8.6
13087,33288,25.1,38.8,10.1
13089,47068,19.4,26.5,9.4
13091,33731,22.5,33.3,11.5
13093,32216,25.2,34.9,11.5
13095,31200,35.1,49.2,11.3
13097,52887,12.7,19.1,9.6
13099,30572,27.6,40.3,10.1
13101,32674,27,40.6,7.4
13103,60017,10.6,15.1,8.3
13105,32888,24.5,37.8,12.5
13107,30985,29.5,43.1,12.3
13109,32427,24.9,37.4,8.5
13111,33253,18.2,28.2,10.2
13113,79276,6.7,10,7.5
13115,38289,19.1,26.3,10.9
13117,81629,7.2,8.9,6.6
13119,36109,18,29,11.3
13121,53580,17.7,23.9,9.1
13123,39710,15.9,28.8,10.5
19023,49703,9.5,12.7,4.5
19025,44859,12,17.4,5.5
19027,49536,9.1,11.5,3.8
19029,40867,13.7,20.4,5.2
19031,55413,7.3,9.7,4.6
19033,43982,13,17,5.6
19035,46305,9.6,14.3,4.3
19037,45083,10.6,15.3,5.2
19039,43016,12.4,19.1,6
19041,44395,11.3,15.5,5.1
19043,41940,12.2,19.3,5.7
19045,46577,13.5,18.7,6.2
19047,45637,13.1,18,4.5
19049,68568,6.4,7.7,3.9
19051,40145,17,27.8,5.8
19053,34250,19.1,26.2,4.4
19055,45910,10.1,13.8,4.5
19057,42191,15.3,24.2,6.2
19059,49295,9.1,12.7,5.7
19061,49493,10.7,13.6,4.5
19063,41519,12.6,18.7,4.5
19065,41163,13.3,19.1,5.5
19067,42233,15.2,22.4,6.3
19069,45383,11.8,19.3,4.5
19071,47513,11.2,16.9,5.1
19073,46947,11.1,18.5,5
19075,55302,6.2,7.5,4.6
19077,48064,10.4,14.6,5.6
19079,46574,11,15.3,6.9
19081,48195,9.4,13.4,4.6
19083,46411,11.4,17.4,5.4
19085,50845,10,14.9,5.1
19087,43228,14.9,19.7,6
19089,40919,12.7,19.8,4.6
19091,46300,10.6,15.5,4.2
19093,47035,12.8,17.2,4
19095,52592,8.1,10.4,4.5
19097,42274,13.2,19.6,5.5
19099,46565,12.4,15.7,6
19101,40158,14.9,22.5,5.3
19103,51014,17,12.5,3.7
19105,46600,10.9,14.3,5.3
19107,42999,13,18.2,5.5
19109,47930,10.3,13.8,3.9
19111,40363,15.8,24.1,7.2
19113,54806,9.9,12.2,5.2
19115,50301,11.4,16.4,5.5
19117,39207,17.5,25.4,4.8
19119,51491,8.9,12,3
19121,52351,9,10.9,5.6
19123,45211,15.4,18,5.2
21121,25965,33.9,45.3,12.8
21123,37863,19.1,29.7,8.5
21125,34712,24,33.3,10.2
21127,33313,20,29.9,10.6
21129,24908,37.3,52.2,12.6
21131,30597,29.2,35.8,14.3
21133,33410,23.2,32.6,13.5
21135,29453,28.4,39.5,11.6
21137,32864,23.3,33.9,10.3
21139,38608,14.7,23.4,9.7
21141,37316,17.9,27.5,7.6
21143,39588,14.9,20.8,9.2
21145,41585,16.1,25.6,8
21147,24691,36.5,49.3,13.2
21149,38580,16.4,24.1,7.6
21151,41945,21.4,25.1,6.7
21153,28943,29.4,41.2,17.2
21155,36816,18.4,25.9,8.9
21157,43825,11.5,18.5,8.1
21159,29575,36.6,42.2,9.2
21161,36795,21.6,33.9,9.4
21163,46671,14.3,21.5,9.8
21165,28061,28.4,43.2,11.6
21167,41985,15.3,22.9,8.2
21169,28538,21.4,36.1,8
21171,28074,24.5,39.1,7.2
21173,37678,19.2,26.6,8.8
21175,30502,31.8,38.8,10.6
21177,37614,21,30,9.8
21179,43330,16,21.5,8.3
21181,36306,18.7,29.2,8.3
21183,35975,20.4,29.5,8.7
21185,75724,7.7,8.5,5.9
21187,40413,16.7,25.1,6.6
21189,22335,40.1,54.4,12.8
21191,43517,15,23,8.8
21193,31604,28.7,37.9,12.5
21195,30302,27.3,36.8,9.7
21197,32041,25.2,40.1,10.9
21199,33026,21.5,29.4,9.4
21201,32844,22.6,33.3,10.4
21203,30900,23.9,35.1,10.2
21205,35145,28.3,32.3,8.3
21207,29478,27.8,37.4,10.3
21209,56791,11.3,15.9,6.5
21211,51845,12.1,17.7,6.2
21213,40905,16.2,25.2,8.5
21215,62579,9,12.6,7
21217,35962,22.8,35,9.6
21219,36173,23.6,35.1,7.6
21221,42387,15,25.1,9.3
28095,34468,24.1,35.1,11.1
28097,30197,23.5,34.9,11.7
28099,34698,22.4,33,8.4
28101,34123,21.6,32.2,8
28103,24699,32.6,46.8,13
28105,33008,26.5,30.8,8.4
28107,32377,27.9,38.8,12.1
28109,39424,21.5,31.9,8.2
28111,34470,21.7,33,11.5
28113,29601,27.1,41.2,10.5
28115,37493,16,24.7,7.8
28117,33940,21.8,30.6,8.6
28119,25507,36.9,53.2,13.9
28121,51007,13.8,20,5.7
28123,32711,21,32.1,7.6
28125,24987,37.9,58.9,13.6
28127,34843,21.9,34,8.3
28129,36912,20.8,31,7.3
28131,37975,19.3,28.3,10.3
28133,26921,39.2,53.9,14.4
28135,27352,34.8,44.2,11.1
28137,41465,18.2,25.8,9.3
28139,33223,20.7,31.6,10.1
28141,33775,17.7,27.1,10.3
28143,29808,28.1,43.1,12.4
28145,37403,20,28.6,8.1
28147,30278,24.5,39.4,11.2
28149,37578,23.3,33.5,9
28151,25559,42.2,57.1,14.5
28153,32355,24.8,36.1,11.1
28155,32798,23.4,34.3,9.2
28157,27622,33.3,42.2,12.3
28159,31021,29.7,43.6,11.6
28161,31644,23.9,37.9,10.2
28163,28474,39,51.4,11.2
29001,32015,22.2,23.6,7
29003,53150,10.1,13.6,5.4
29005,43587,11.6,14.5,6.4
29007,40899,18.4,28.1,6.5
29009,34838,18.9,28.6,7.1
29011,36851,17.6,26.7,7.4
29013,39265,15.7,22.7,8.3
29015,30920,20.6,35.1,9.1
29017,36972,19.5,29.7,7
29019,42202,18.8,16.6,4.5
29021,41210,15.9,22.5,6.3
29023,32919,19.3,30.6,8.2
29025,39216,13.9,19.9,7
29027,47098,13.8,18.9,6.2
29029,42955,14.6,26.8,9.6
47141,35225,21.5,28.3,8
47143,36308,20.6,32.2,10.2
47145,42620,15.2,24.9,8.6
47147,51074,12.7,20.3,7
47149,51815,14.4,18.4,6.5
47151,29792,27,36,15.5
47153,38082,22,34,8.4
47155,39349,16.5,26.5,8.7
47157,43859,20.4,29.2,8.6
47159,39330,20.3,26.8,8.1
47161,40329,15.3,24.3,11
47163,36337,18,27.8,7.5
47165,48502,13.3,19,6.5
47167,47824,13.6,19.5,8.8
47169,35824,16.9,26.7,8.6
47171,35976,17.3,27.4,10.3
47173,32533,26.4,40,9.4
47175,31455,22.1,33.2,11.5
47177,33265,26.4,37.7,8.8
47179,41702,17.8,22.6,7.1
47181,32334,22.1,31.7,9.5
47183,34782,21.6,28.5,10.9
47185,33251,21,32.9,9.8
47187,82273,6.4,7.4,5
47189,56270,10,15.1,6.4
48001,40482,20.9,27.2,6.3
48003,51339,13.5,19.4,4
48005,38954,19,27,6.9
48007,38516,22.3,41.2,7
48009,51895,11.1,15.2,5.5
48011,48738,8.8,11.6,4.5
48013,42439,20.4,30.5,6.7
48015,50154,12.5,18.3,6.4
48017,35476,18.8,30.2,6.9
48019,46678,16.5,27.3,6.5
48021,49812,15.5,24.4,6.7
48023,32111,19.3,31.9,5.1
48025,36462,27.3,34.6,7
48027,49338,13.2,20.2,7.4
48029,47724,17,24.6,6.3
48031,46981,12.7,20,5.2
48033,47938,11.9,15.5,4.3
48035,40732,17.5,27.4,7.2
48037,42272,18.7,27.8,7.4
48039,64242,12.1,15.3,6.7
48041,37468,30.8,26,5.3
48043,37200,14.7,23.3,5.1
48045,35931,16.4,28.6,5.4
48047,26027,33,49.5,8.7
48049,37512,18.8,28.5,6.8
13125,36433,18.5,23.5,9.7
13127,42993,18.8,30.2,9.5
13129,40656,18.5,26.3,9.8
13131,31297,28.1,38.3,8.6
13133,36001,27.4,41.7,11.1
13135,57848,13.6,19.2,7.7
13137,40316,17.3,25.6,9.5
13139,47238,17.8,25.2,7.8
13141,23887,33.1,42,16.9
13143,39046,20.7,28.7,10.2
13145,62264,9.4,13.2,7.2
13147,33753,23,30.1,10.3
13149,39614,21.3,31.2,10.3
13151,59371,10.2,13.9,9.4
13153,54977,14.1,21.2,8
13155,32859,24,35.1,11.7
13157,50409,15.7,21.3,8.2
13159,43443,18.9,30.3,9.8
13161,32380,23.6,34.7,11.5
13163,29683,28.9,44,13.2
13165,27682,28.9,45.7,13.7
13167,28332,30.5,36,10
13169,52215,11.9,18.1,8.5
13171,40001,17.8,26.8,12
13173,33430,22.6,33.7,9.3
13175,36568,19.7,28.9,12.2
13177,61489,10.3,14.8,7.6
13179,39697,21.8,30.9,8.9
13181,35201,20.8,32,10.8
13183,38243,20.8,29.6,8.5
13185,36486,23.3,30.4,9.1
13187,44309,16.5,24.5,8.3
13189,36559,21.4,31.5,12.6
13191,35681,19,32.8,9.7
13193,27324,31.7,40.1,13.3
13195,41267,17.2,25.3,8.9
13197,33534,23.8,36.7,10
13199,35287,20.1,31.2,12
13201,32015,24.4,37.1,8.1
13205,31094,29.3,40.7,8.9
13207,49839,14.5,21.6,8.6
13209,35133,23.5,32.8,11.6
13211,45804,16.5,24.3,9
13213,39911,19.1,27.3,12.8
13215,36359,20.2,29.6,9.8
13217,48989,15.1,20.8,11
13219,76298,8.2,10.9,6.3
13221,40936,16.6,24.2,8.5
13223,61496,8.8,12.2,8.3
13225,38024,25.7,35.6,11.1
13227,48532,13.6,22.4,9.1
13229,37262,18.3,29.3,9.4
13231,52411,12.7,18.3,9.2
13233,36468,22.1,31.3,10
13235,36665,20.8,28.4,8.9
13237,40037,17.8,33,11.5
13239,28102,28.9,44.4,9.5
13241,37990,18.1,30.9,11.4
13243,26863,27.6,39.4,12.5
13245,37866,25.9,39.1,10.6
13247,53899,14.9,24.6,10.2
13249,37761,17.6,24.8,10.4
13251,30925,23.7,33.5,13.8
13253,30604,27.5,40.7,10.9
13255,38451,22.5,35.1,12.5
13257,34445,22.2,34.2,10.5
13259,26659,38.1,46.1,9.2
13261,31871,30.6,43,11.9
13263,29933,21.7,35.8,10
13265,26863,30.3,48.9,14.2
13267,35039,28,35.6,8.3
13269,30748,23.6,34,13.3
13271,28414,32.9,41.2,11.7
13273,31143,29.3,42.2,10.9
13275,35539,26.4,35.5,9.7
13277,34702,22.6,33.1,10.1
13279,32002,28.1,40,11.7
13281,38207,15,28.6,11.2
13283,30809,29.6,42.4,13.4
13285,39422,21.1,29.9,9.8
13287,26845,28,41,11.7
13289,35232,25.1,32.1,14.8
13291,37540,19.1,32.6,8.8
13293,33461,21.3,31.8,10.6
13295,36854,17.8,25.9,9
13297,51913,14.5,20.8,9.1
13299,33176,23.2,34.1,10.1
13301,29764,27.7,39.4,14.9
13303,33199,30.6,35.4,10.3
13305,36562,22.8,35.4,10.7
13307,31216,21.8,30.5,9.9
13309,29834,33.2,35.3,13.3
13311,40120,16.8,25.2,8.6
13313,40117,20.2,27.4,10.6
13315,31442,30,38.2,11.6
13317,30451,24.9,38.7,12.2
13319,35530,21.1,33,11.5
13321,37436,21.2,30.4,10.1
15001,46444,18.3,24.5,8.3
15003,67519,9.5,12.3,5.4
15005,<Null>,<Null>,<Null>,0
15007,52714,12.1,15.7,7.3
15009,56206,11.9,16.6,6.4
16001,50909,13.9,16.1,6.2
16003,34730,15.8,24.8,15
16005,40946,16.3,20.3,6.9
16007,39469,15.5,20.3,5.6
16009,36906,16.8,25.3,12.2
16011,43571,15.6,19.6,6.4
16013,59191,10.1,14.6,7
16015,46871,14.4,20.9,9.5
16017,40119,17.4,25.3,10.5
16019,49979,13.8,17.3,6.3
16021,37037,17.1,24.9,9.4
16023,41368,15.4,21.5,8.2
16025,46483,11.3,17,9.1
16027,42419,19.7,25.1,9.1
16029,49208,12.1,16.1,6.1
16031,40739,15.7,21,5.8
16033,41387,17.9,26.6,7.8
16035,38124,15.3,26.3,12.6
16037,42575,14.9,19.8,8.1
16039,40475,15.8,22.1,7.6
16041,43936,10.5,14.7,4.6
16043,38407,16.4,23.6,6.2
16045,40110,17.1,24.7,9.4
16047,37751,16.4,23.1,5.7
16049,35715,18.3,26.6,11
16051,50123,12,15.8,6.2
16053,40229,19.1,25.1,6.4
16055,43826,14.6,17.7,8.8
16057,40942,17.6,14.9,5.8
16059,34757,21.1,32.6,9.9
16061,37742,17.8,28.6,5.4
16063,39517,14.1,19,9.2
16065,36202,28.4,20.1,4.6
16067,39802,15.8,22.1,6.1
16069,43580,12.5,17.8,5.8
16071,44425,12.4,16.6,4.9
16073,36670,22.7,32.2,4.2
16075,39724,17.1,23.3,7.9
16077,39555,16.4,24.3,7.8
16079,36129,20.8,27.3,13.1
16081,52272,11.3,17.2,5.9
16083,42007,15.4,19,6.9
16085,45248,12.6,21.6,11.2
16087,35774,17,26.4,8.4
17001,41734,13.2,18.3,6.5
17003,29278,31.1,49,11.9
17005,46364,13.7,18.8,8.8
17007,57323,11.6,16.9,10.4
17009,43640,14.4,13.8,6
17011,45580,11.2,17.6,9.1
17013,45772,10.9,15.4,10
17015,47032,13,21,8.1
17017,43183,12.8,19.5,8.4
17019,45803,19.6,20.2,7.3
17021,44253,14.2,20,9.2
17023,44312,12.1,18.6,9.5
17025,38091,15.3,22.3,9.6
17027,52650,8.4,11.9,6.6
17029,38242,18.7,21.9,8.7
17031,51457,16.8,24.5,9.7
17033,41612,14.9,20.1,7.7
17035,43448,11.6,17.7,7.7
17037,52106,14.3,14.5,8.4
17039,48662,10.9,16.8,7.9
17041,48469,11.1,16.9,7.2
17043,72470,6.9,8.8,7.5
17045,39386,14.3,21.8,9.6
17047,43044,11.3,17.4,7.8
17049,49001,9.9,14.9,6.5
17051,38966,15.8,22.7,9
17053,48622,11,16.9,7.6
17055,32853,20.3,27.9,10.6
17057,40749,14.5,19.4,9.8
17059,37287,18.5,27.7,8.3
17061,40399,14.9,22.3,8.4
17063,60130,8,9.4,11.4
17065,40670,14.6,22.5,7.9
17067,41520,13.4,20.1,8.3
17069,34228,19.4,31,10.2
17071,43212,12.3,20.5,7.9
17073,49262,10.8,15.9,7.4
17075,43873,11.2,18.2,8.4
17077,32739,23.5,31.3,7.7
17079,46000,10.8,16.2,7.7
17081,40527,17,24.9,9.1
17083,54278,10,14.3,8.9
17085,45972,9.3,15.5,7.5
17087,41743,14.2,19.5,11.6
17089,65430,11,16.4,8.8
17091,45707,14.8,20.2,10.3
17093,79542,4.6,6.2,8.4
17095,39409,15.4,25.1,8.3
17097,74594,9,12.1,8
17099,49414,13.2,17.6,10
17101,37428,17.5,23.5,10
17103,48749,11,15.3,8.3
17105,51427,11.5,15.7,7.7
17107,48311,11.5,17.9,7.4
17109,37890,22,23.2,7.6
17111,69290,7.3,9.6,9
17113,59719,11.7,10.3,6.4
17115,42206,17.7,26.8,9.9
17117,45995,13,19.3,9.4
17119,51706,14.3,21.8,8.8
17121,38182,16.5,26.6,9.7
17123,48647,11.4,17.7,8.1
17125,42529,15,23.6,10
17127,39636,16.7,26.6,9.6
17129,58075,9,14,6.9
17131,46871,11.3,14.5,7.7
17133,69731,4.9,5.8,6.7
17135,42468,14.4,20.7,11.1
17137,43753,14.8,21,7.7
17139,47459,10.4,16.5,7.1
17141,53402,10.8,15.7,10
17143,50166,14.3,21.4,8.3
17145,38916,17.4,24.1,10.6
17147,54350,7.3,9.5,6.9
17149,37172,17,25.3,7.5
17151,37926,17.9,26.5,8.5
17153,33262,20.8,36.2,11.2
17155,52564,7.8,13.7,9.3
17157,46410,13.5,19.2,8.3
17159,40893,14.5,20.7,8
17161,45114,12.5,20.2,8
17163,47027,15.9,22.7,9.5
17165,37170,19.4,28.2,9
17167,51057,13.2,19.7,7.2
17169,45481,12,17.5,7.8
17171,48890,9.7,13,8.5
17173,45474,12.3,17.7,8.5
17175,49280,10.6,16.5,7.9
17177,42869,13.4,21.1,9
17179,50737,9.9,13.7,7.4
17181,39764,18.4,26,10.8
17183,38534,20.9,31.3,9.2
17185,42129,14.4,20.5,8
17187,43881,13.9,19.3,7.1
17189,51209,8.2,12.5,6.3
17191,40630,14.9,22.6,7.7
17193,39964,16.9,26.1,7.5
17195,45606,11.7,18.3,8.7
17197,71344,8.5,12.2,9.8
17199,43004,16,23.5,8.6
17201,44336,17.5,27.2,10.5
17203,65931,7.5,9.6,6
18001,43121,16.8,29.6,7
18003,47014,13.9,19.8,8.4
18005,49045,12.8,22,6.4
18007,47520,11.3,17.5,7.4
18009,38637,16,24.3,11.4
18011,66023,8,9.6,6.1
18013,46770,13.2,21,8
18015,49966,10.1,16.3,7.3
18017,38859,16.7,25.5,8.6
18019,44775,12.5,19.1,7.8
18021,42233,13.6,22.2,9.8
18023,47229,12.8,21.5,8
18025,39358,17,28,10.6
18027,42318,14.7,23.7,6
18029,55817,10.1,14.2,8.9
18031,49551,13.6,21.7,8.1
18033,46781,10.6,15.6,8.3
18035,36362,24.2,27.5,9.4
18037,51885,8.4,9.9,5.7
18039,42168,17.2,26.8,8.9
18041,36734,17,25.5,11.1
18043,49117,12.4,19.3,7.1
18045,43947,12.4,19.5,8.4
18047,48938,12.3,18.4,9.5
18049,40856,13.8,21.6,8.4
18051,45383,12.1,15.9,6.8
18053,35976,19.8,29.7,9.7
18055,41504,14,20.7,10.4
18057,82054,4.9,6.3,5.3
18059,62195,8.5,10.6,7.3
18061,48775,11,16.5,7.7
18063,66080,6.4,8,6.3
18065,40732,16.2,23.5,10.1
18067,41786,16,24.5,9.1
18069,46530,11.3,15.8,8.8
18071,46562,12.7,18.9,7.5
18073,55267,9.5,13.9,8.1
18075,38117,15.6,26,7.9
18077,41654,15.9,22.8,8.5
18079,41869,14.2,22.4,10.3
18081,58695,10.5,14.8,7
18083,39123,17.6,22.9,7.1
18085,47811,13.4,19.7,7.7
18087,44151,16.1,26.9,7.1
18089,45252,17.7,26,9.1
18091,44039,16.2,25,9.7
18093,41305,15.2,22.6,11
18095,39449,18,27.7,10
18097,39393,20.8,30.7,9.3
18099,43283,12.7,19,8.2
18101,43854,13.2,18.9,7.1
18103,40466,17,23.8,9.7
18105,38348,24.3,18.1,7.3
18107,41853,15.3,22.9,8.2
18109,53738,11.9,18.1,8.4
18111,48043,11.1,16.8,9.6
18113,45269,12.6,19.4,8.6
18115,47937,10,14.3,8.9
18117,35999,17.5,26.5,10.8
18119,42658,14.1,22.5,10.8
18121,42749,16.6,27.5,10.2
18123,41446,13,17.3,8.4
18125,39684,14.7,20.1,7.4
18127,56648,10.9,13.5,7.6
18129,56159,9.8,13.5,6.8
18131,41794,14.2,21.6,7.4
18133,44437,13.9,17.6,9.9
18135,40806,16,26.2,9.6
18137,45951,10.7,15.1,9
18139,45464,13.2,20.5,8.5
18141,42316,15.9,24.1,9.4
18143,39134,18.8,28.8,10.3
18145,46619,12.8,18.9,8.3
18147,47726,11.3,15.2,7.2
18149,38317,18.2,30.2,10.6
18151,45431,12.8,19.9,7.3
18153,42481,14.7,21,9.3
18155,42268,16.3,27.3,7.7
18157,41722,20.9,20.1,7
18159,54171,8.5,14.5,7.8
18161,44337,12.6,20.1,8.1
18163,41024,16.9,25.1,7.7
18165,42613,13.6,20.2,11.4
18167,39089,19.1,27,9.9
18169,42990,12.2,18.4,8.5
18171,50349,9.8,16.1,7.4
18173,59195,7.3,10.4,6.8
18175,39945,15.9,24.6,9.4
18177,36424,20.3,29.8,9.9
18179,45492,9.6,14.5,7.2
18181,43487,12.2,18.4,7.8
18183,49989,9.3,13.4,7.9
19001,45540,9.7,14.1,4.4
19003,39781,14.1,20.7,4
19005,45881,13.3,22.3,6.5
19007,35352,15.7,24.2,6.5
19009,45563,10,15.3,4.8
19011,54283,8.3,11.4,5.3
19013,44046,18,25.2,5.4
19015,51723,9.4,12.1,4.3
19017,55606,7.6,8.3,3.8
19019,50026,11,16.4,4.8
19021,44795,13,18.6,4.2
48353,33981,20.1,32.7,5.9
48355,41899,20,31.1,6.6
48357,50979,12.7,19.1,3.8
48359,43739,13.4,25.5,4.3
48361,45264,15.1,23,10.4
48363,39595,16.8,27.2,6.7
48365,48621,13.8,20.5,6.9
48367,57092,12,17.7,5.9
48369,38619,14.9,21.3,4.1
48371,39118,22.1,27.8,5.1
48373,38747,19.6,31.4,8
48375,35323,24.5,36,5.3
48377,30357,23.6,37.3,13.3
48379,40966,16.7,28.1,7
48381,57862,8.7,11.2,4.4
48383,48667,11.7,15.6,3.4
48385,31490,24.1,45.1,9.4
48387,32128,19.2,31.7,10.7
48389,32623,32.2,36.2,6.7
48391,39582,17.8,26.5,6
48393,58372,6.9,8.9,5.1
48395,36935,21.6,33.9,8
48397,81113,6.4,9.1,6.2
48399,32628,23.1,34.5,5.5
48401,43318,15.3,23.6,6.3
48403,34034,18.5,30.6,14.5
48405,31729,21.2,34.9,12.1
48407,42770,19.1,31.4,8.2
48409,44307,21.1,31.7,7.6
48411,34264,21,34.2,6.2
48413,32831,17.5,24.7,4
48415,44063,17.4,24,4.5
48417,42685,13.5,20.7,3.5
48419,34490,21.9,33.1,7.3
48421,41518,12.5,16.9,4.2
48423,44249,15,21.7,7
48425,49582,10.7,17.1,6.6
48427,24497,39.2,54.7,14.5
48429,38002,20,31,5.9
48431,49064,12.4,19,3.5
48433,36687,17.2,26.3,4.4
48435,51386,13.4,22,4.8
48437,33786,20.9,30,5.9
48439,52482,14.4,20.7,6.5
48441,41558,17.9,24.3,5.7
48443,35683,15.2,23.1,4.7
48445,34495,21.9,34.8,6.5
48447,37273,14.7,25.3,5.3
48449,37818,20.7,29.5,7.5
48451,39004,19.2,27,5.3
19125,52845,10.2,11.4,4.8
19127,45911,13.3,18.4,6.4
19129,57359,9.4,13,4.6
19131,47406,11.1,17,4.6
19133,43052,11,20,6.4
19135,42631,12.7,18.5,5.8
19137,41068,14.4,22.1,5.1
19139,47583,13.8,20.4,5.7
19141,44209,12,15.3,3.8
19143,51042,9.3,15.1,4.2
19145,40960,14.6,22.4,5.4
19147,43360,11.4,14.5,4.3
19149,61292,8,10.4,4.1
19151,44225,12.2,19.4,4
19153,54328,11,14.5,5.2
19155,47870,14.5,19.4,5.1
19157,48929,12,14.8,4.9
19159,36810,18.6,29.5,4.4
19161,42888,10.5,15.2,4.2
19163,47800,15,20.2,5.8
19165,49056,10.2,12.5,3.8
19167,53705,8,9.4,3.5
19169,49192,18.5,11.7,3.6
19171,48833,12.2,18.2,6
19173,42768,13.4,18.9,4.1
19175,39977,15.3,20.9,5.1
19177,37833,16.4,26,5.8
19179,38569,17.4,24.3,7
19181,62036,7.4,9.2,4.8
19183,47118,10,15.4,4.2
19185,35867,16.8,26.5,5.5
19187,39565,16.5,21.9,6.3
19189,48933,10.6,15.7,5.3
19191,51248,10,12,4.6
19193,42672,15.1,21.5,5.2
19195,46384,11.6,17.2,5.5
19197,44456,11.3,16.8,5.4
20001,39662,18.4,26.4,7.2
20003,41054,14.6,21.7,6.5
20005,41659,15.6,20,7.7
20007,42565,12.5,19.4,3.9
20009,43675,13.3,20.1,4.5
20011,37192,15.9,25.7,7.7
20013,40464,18.4,27.1,5.4
20015,55182,9.1,12,6.3
20017,39683,13.1,18.8,5.3
20019,34772,15.6,25.2,6.6
20021,36204,20.1,28.2,7.8
20023,35730,12.6,18.8,3.6
20025,41715,11.2,14.3,3.5
20027,46421,11.6,17.3,5.2
20029,37539,16,19.1,5
20031,49727,9.7,12.7,7
20033,38207,10.4,13.8,3.9
20035,39155,17.3,21.9,6.2
20037,35407,19.2,26.8,6.6
20039,37081,13.1,20.3,4.4
20041,45037,11.6,16.6,6.1
20043,45202,13,17.4,6.3
20045,47335,15.6,13.8,5.1
20047,41800,12.1,19.2,4
20049,32619,18.3,29.2,6.8
20051,42409,13.6,13.4,3.4
20053,41622,10.8,15.2,3.5
20055,46697,15.2,21.3,4.5
20057,43876,14.1,20.6,3.9
20059,46965,11.6,16.6,7.3
20061,43691,12.1,15.7,8.7
20063,41263,11.6,18.8,3
20065,40049,12.5,17.8,3.4
20067,51460,11.2,16.7,3.9
20069,51828,8.1,12.7,3.1
20071,47625,10.5,17,3.1
20073,35146,17.4,25.6,5.6
20075,42586,12.8,20,2.7
20077,37468,14.4,22.4,4.3
20079,46941,10.1,13.1,5.4
20081,51257,11,17.7,3.4
20083,43338,10.6,14.9,3.4
20085,50709,11.3,16,5.6
20087,52592,9,12.5,6.1
20089,37640,13.6,18.6,4.3
20091,71389,6.6,7.7,4.6
20093,49426,11.4,18.2,4
20095,46574,12.4,17.5,6.1
20097,41166,13.2,20,3.8
20099,39683,17.1,25.1,8
20101,44288,9.7,15.2,4.7
20103,60848,9.4,12.7,6.4
20105,39442,12.9,18.4,4.8
20107,43509,14.3,21.9,9.9
20109,42297,10.4,15.3,3
20111,39258,19.6,22.4,5.8
20113,54881,9.3,11.9,4.1
20115,45899,10.9,14,5.1
20117,43584,11.8,16.9,4.2
20119,48634,10.2,14.6,3.4
20121,58445,8.8,11.9,6.3
20123,42946,10.3,15.2,3
20125,37495,18.6,26.2,7.7
20127,44417,11,16.8,6.1
20129,49526,11.2,18.9,3.7
20131,44056,10,12.6,3.6
20133,38363,16.4,23.7,8.8
20135,51717,10.3,15.4,3.3
20137,40386,13.9,18,3.1
20139,45221,12.1,17.3,7.3
20141,36519,14.4,22,4.3
20143,53086,9.9,13.1,5.4
20145,42658,14.1,17.8,4.1
20147,42071,11.4,16.3,4.5
20149,52861,9,11.6,4.7
20151,43987,11.3,17,4.5
20153,40211,13,18.9,2.7
20155,41717,14.6,20.8,5.5
20157,38331,12.3,16.5,3.8
20159,41687,13.8,18,4.5
20161,45523,21.2,17.7,4.4
20163,38487,14.4,19.2,4.6
20165,38595,13.4,22.2,4.7
20167,36575,15.4,21.4,4.1
20169,43927,17.2,28.3,5.8
20171,46925,9.2,14,3.1
20173,45996,15.3,20.4,6.9
20175,43449,15.6,22.4,4.1
20177,45359,17.5,26,6.2
20179,46699,13.1,19.8,2.8
20181,37927,16.9,25.6,3.8
20183,38120,13.9,19.2,3.9
20185,39980,13.8,21.4,4.7
20187,49580,12.3,18.2,3.5
20189,50070,11.5,18.7,3.5
20191,47113,12.1,16.4,6.4
20193,45797,10.5,12.3,3.5
20195,40178,11.6,15.7,4.3
20197,50740,9.3,13.4,5.4
20199,43553,12.6,15.8,4.1
20201,40956,9.9,15.8,4.2
20203,45918,12.8,21.6,5.3
20205,37078,16,24.5,9.9
20207,33134,17.2,28.1,6.2
20209,37805,23.9,34.7,8.4
21001,30177,24,35.4,9.5
21003,35617,22.3,31,8
21005,52660,12.8,18.4,6.9
21007,41776,14.4,22.5,9.1
21009,38000,19.4,28.9,7.9
21011,32091,27.8,38.1,10.4
21013,26911,30.2,41.9,11.9
21015,64005,9.2,11.5,6.8
21017,39219,17,24.7,7.3
21019,38029,19.1,28.4,9.3
21021,39241,16.6,23.2,9
21023,42056,16.5,24.7,9.4
21025,28045,28.3,38.7,14.5
21027,35428,20.7,29.6,9.7
21029,51409,10.5,15.3,8.1
21031,35162,19.5,29.3,9
21033,36255,18.8,28.7,8.3
21035,39038,17.2,22.5,7.1
21037,47341,13,17.2,6.9
21039,38182,14.4,24.6,7.9
21041,42192,22.3,36.8,10.2
21043,34303,23.2,34.4,12.5
21045,26612,27.8,40.8,8.4
21047,36542,19.7,29,9.3
21049,45016,17.4,26.2,8.1
21051,24081,38,48.9,14
21053,27133,25.4,37.5,10.8
21055,33966,20,31.9,7.7
21057,27382,26.3,39.5,10.8
21059,41878,16.2,24.6,7
21061,34849,18.8,30.1,10
21063,29335,29.9,36,14.4
21065,29486,28.7,42.2,10
21067,45820,20,23.9,5.8
21069,33141,18.9,30.8,9
21071,28589,29.9,43.5,11.6
21073,46323,16,23,6.7
21075,30662,27.1,41.5,11.3
21077,42761,16.7,25.3,9.3
21079,40834,17,25.8,8.4
21081,42690,18.4,26.1,9
21083,34811,19.7,28.6,8.2
21085,32970,20.8,31.8,10.3
21087,31423,21.6,32.4,8.3
21089,40752,17.3,23.8,9.9
21091,46729,14.2,20.1,7.2
21093,44203,14.7,22.6,8.2
21095,28503,33.7,39.2,14.1
21097,42124,16.6,24.4,7.9
21099,31733,25.3,37,8.3
21101,41309,16.5,22.4,7.5
21103,40806,17.1,25.3,7.3
21105,39087,18.7,30.7,8.1
21107,39738,19.3,29.5,7.7
21109,26462,30.2,40.1,11.8
21111,42535,17.3,24.4,7.9
21113,43503,16.1,23.6,6.7
21115,34260,23.4,32.8,10.1
21117,51049,13.3,18.3,7.4
21119,30693,26.4,34.3,13.8
21223,44533,15,20.2,9
21225,41209,19.4,27,7.8
21227,41001,20.5,25.5,6.9
21229,38618,16.7,24.9,7.5
21231,26683,28.3,40.7,13
21233,41516,15.1,21.6,7.1
21235,29813,26.2,37.6,10.7
21237,25968,31.8,47.8,14.2
21239,55962,11.2,16.9,5.4
22001,36814,21,29.6,6
22003,35711,20.4,26.6,8
22005,62069,12.8,18.6,6.1
22007,43503,16.7,23.4,9.7
22009,31523,21.6,29.7,7.6
22011,43672,15.7,21.9,7.6
22013,31421,24.4,35.6,9
22015,48957,14,22,5.8
22017,37739,19.5,31.3,7.7
22019,40928,17.6,24.2,6.9
22021,34855,21.6,31.4,8.8
22023,47100,13.1,18.6,5.3
22025,31325,26.1,37.2,9
22027,34274,30.9,40.5,7.5
22029,29891,32.9,44.1,8.9
22031,37379,21.2,30.9,9
22033,44911,17.3,26.3,6.8
22035,25442,40.3,53.7,20.1
22037,42347,18.6,26,7.6
22039,31736,22.9,31.9,7.4
22041,30105,27.4,43.3,10.4
22043,38225,19.3,24.3,7.9
22045,40914,23,34.8,6.8
22047,40140,22.7,29.4,9.4
22049,36312,19.4,27.3,6.8
22051,46500,16.2,25.4,6.7
22053,39246,20.2,26.7,6.5
22055,48295,17.8,22.4,5
22057,48436,13.3,19.5,5.3
22059,41563,14.7,21.2,5.1
22061,36532,24.2,32,8.7
22063,53125,12.5,17.2,6.4
22065,25565,37.4,50.2,12.1
22067,29526,27.4,40.6,13.1
22069,32055,25.3,33.8,9
22071,36525,27.1,41.2,7.9
22073,37728,20.6,28.3,7.7
22075,49781,15.1,19.2,6
22077,41277,17.6,27.8,8.2
22079,39693,19.6,29.3,7.1
22081,32711,23.3,33,7.4
22083,32646,25.4,40,9.8
22085,36604,21.9,34.3,7
22087,38700,17.8,28.8,8
22089,54553,12.7,18.2,6.6
22091,32936,23.9,38.9,12.1
22093,45829,16.3,23.6,10.2
22095,45987,18.6,29,9.3
22097,33466,26.4,36.4,8.3
22099,39444,21.8,33.8,6.2
22101,40193,20.6,32.2,7.5
22103,59389,9.2,13.8,5.9
22105,37454,21.7,30.1,8.6
22107,26976,33.3,49.5,10.9
22109,47847,18.3,26.4,5.3
22111,36863,21,34.4,8.3
22113,43498,17.5,25.6,5.8
22115,43752,13.5,21.3,8.3
22117,30950,26.8,37.1,8.9
22119,35861,22.6,32.3,9.6
22121,46783,15,21.8,6.9
22123,32143,22.6,32.6,13.7
22125,48917,20.9,19.2,6.1
22127,33447,23.9,33,8.6
23001,41831,14.6,20.4,7.8
23003,36344,14,20,9.4
23005,57424,10.3,13.6,6
23007,39034,15.6,22.3,8.6
23009,41106,14,20.2,8.7
23011,44725,11.7,16.9,7.2
23013,42593,13.7,19.8,6.9
23015,45520,12.7,20.8,7.3
23017,38789,15,22.5,9.7
23019,42602,16,20.6,7.8
23021,34420,16.6,27.3,9.4
23023,52071,10.5,15.3,6.5
23025,36249,18.6,25.7,10
23027,37986,15.6,23.4,8.1
23029,32847,19.4,30.9,10.4
23031,54076,10.3,13.7,6.9
24001,37083,17.1,23.9,8.9
24003,80908,6.6,8.8,6
24005,62300,8.2,11,7.3
24009,86536,6.2,7.9,6.3
24011,55480,13,19.2,7.7
24013,80291,5.4,6.9,5.9
24015,61506,10.5,14.6,8.3
24017,83078,6.2,8.5,6.7
24019,39630,16.2,25.8,10.8
24021,80216,5.6,7.7,6.1
24023,43637,15.1,24.4,8.3
24025,71848,6.9,9.3,6.9
24027,100992,5.2,6,5
24029,49017,14.2,20.4,7.6
24031,88559,7.5,9.4,5.2
24033,69524,9.4,12.3,7.3
24035,78503,7.3,10.1,6.3
24037,81559,7.5,11,6.2
24039,38134,19.3,29.3,11.2
24041,56806,9.7,14.9,7.2
24043,51610,11.4,16.8,7.8
24045,47702,16.6,23.1,9.3
24047,55492,10.6,20.3,12.9
24510,38186,24.7,34.3,10.2
25001,54871,10.9,15.7,8.2
25003,44792,12.4,18.7,7.3
25005,51361,12.8,16.6,8.6
25007,56320,8.3,11.9,8.8
25009,61604,10.4,14.5,7
25011,49361,11.7,16.2,5.9
25013,46356,17.1,25.5,8.8
25015,57558,12.5,11.8,5.5
25017,75364,8.2,8.5,5.4
25019,67969,8.1,10.2,7.8
25021,79899,6.3,6.8,5.8
25023,71555,8.3,10.9,7.1
25025,49584,22.6,30,6.2
25027,61079,10.9,14,7.2
26001,33853,16.5,32.7,12.7
26003,36749,14.7,22.4,11.9
26005,45879,14.8,17.6,7.4
26007,36289,16.8,27,9.8
26009,42083,15.2,26.7,11.6
26011,34116,18.4,32,12.8
26013,38819,14.1,22.5,14.1
26015,50062,11,15.9,6.9
26017,43845,15.9,23,8.8
26019,43136,12.6,21.3,10.5
26021,40540,17.5,28.5,9.1
26023,37629,19.6,28.3,8.9
26025,42665,17,25.3,8.4
26027,42420,15.6,23.7,8.5
26029,43530,14,22.8,10.8
26031,36508,17,27.7,11.9
26033,36253,19.6,25.6,10.1
26035,31882,27.9,42.5,11.9
26037,58790,10.6,11,6.1
26039,38661,16.5,27.8,11.8
26041,39085,15,20.7,9.9
26043,41657,13.1,18,8.5
26045,52300,11,15.2,6.9
26047,45875,12.1,17,12
26049,39271,21,30.5,10
26051,36064,19.5,31.3,11.9
26053,31998,21,31.4,11.1
26055,47442,12,15.6,8.3
26057,40227,18.3,25.6,9
26059,41360,17.4,27.5,9.2
26061,34828,19.7,21.2,9
26063,38274,15.8,22.8,8.1
26065,43414,20.2,24.2,7.9
26067,42719,16.2,21,8.5
26069,33985,19.9,36.8,11.2
26071,34911,15.2,27,9.6
26073,35644,32.5,22.5,7.4
26075,43465,19.2,29.6,8.6
26077,43957,20,25,7.3
26079,38810,17.9,29.2,11.3
26081,47897,16.3,23.1,6.8
26083,38768,13.7,22.8,12.8
26085,28526,25.2,45.1,13.1
26087,49759,12.7,18.1,11.6
26089,55149,9.3,14.7,8
26091,45887,14.2,19.3,8.4
26093,65729,7.2,8.4,7.9
26095,35813,19.5,28.8,11
26097,37072,15.3,22.9,12.1
26099,49348,12.7,17.1,9.8
26101,37479,17,25.6,10.9
26103,44239,14.2,15.8,8.1
26105,38776,15.8,27.6,9.7
26107,36193,21.8,28.8,10.2
26109,40253,13.8,22,8.1
26111,50430,11.1,14.6,7.8
26113,36931,15.9,26.1,9.7
26115,50777,12.1,17.1,7.8
26117,36701,20.4,29.8,10.2
26119,33294,19.5,38.7,16.3
26121,39075,21,28.8,10.1
26123,38846,19.8,28.7,9.2
26125,60392,10.3,13.3,8.2
26127,37629,22,32.7,12.7
26129,34595,19.4,30.6,11.4
26131,36566,16.1,27,13.4
26133,37840,20.2,29,10
26135,31303,21,36,15.7
26137,43601,12.8,21.5,10.7
26139,53454,11.4,13.2,6.6
26141,36376,14.9,26.4,14.5
26143,32401,22.2,39.4,13.5
26145,41714,17.8,26.7,9.3
26147,44706,15.4,22.1,11.7
26149,41535,16.7,25.8,8.9
26151,39646,17.2,26.1,10.5
26153,37180,15.9,25.9,12.6
26155,45444,15,21.6,9.6
26157,40808,16.3,23.6,10.6
26159,43659,15.6,23.4,10.6
26161,56177,13,13.4,6
26163,39421,23.9,34.6,11.7
26165,36316,17,27.2,11
27001,38646,13.1,24.1,8
27003,65732,7.4,10.2,5.9
27005,43970,14.6,22.5,5.8
27007,40308,20.8,29.6,7
27009,49736,10.5,12.7,6.4
27011,40829,11.3,15.5,5.2
27013,46835,16.9,14.5,4.8
27015,43924,9.3,11.9,5.6
27017,48959,10.8,13.1,6.8
27019,81935,4.9,5.6,4.8
27021,40580,16.4,27,8.8
27023,44717,10,15.2,5.3
27025,63237,7.4,9.4,6.5
27027,48395,12.8,14.6,4.8
27029,41913,15.7,24.6,10.5
27031,43694,9.6,15.8,6.2
27033,44219,11,15.5,6.4
27035,45068,12.3,17.7,7.6
27037,69688,7,9,5.2
27039,60398,6.9,9,5
27041,48434,9.6,12.8,5
27043,44645,10.8,18.4,5.8
27045,45476,12.4,18.6,5.5
27047,42250,12.3,17.2,5.8
27049,55687,8.3,11.5,5.1
27051,44039,10.8,16.2,6.1
27053,59252,13.7,18.7,5.2
27055,50732,9.3,12.5,5.8
27057,42021,12.8,20.4,8
27059,55431,8.9,11.9,7
27061,45813,12.2,19.2,7.8
27063,50251,9.7,14.6,4.5
27065,42737,13.6,20.4,8.9
27067,44926,14.6,22.3,5.2
27069,43980,10,14.5,5.8
27071,41695,14.6,22,7.9
27073,44852,9.8,14.6,5
27075,47499,11.2,15.8,6
27077,39391,11.7,19.1,6.1
27079,55946,9.2,11.7,6.5
27081,43358,10,14.5,4.7
27083,49218,11.4,14,4.4
27085,53426,8.5,11.7,6.7
27087,35978,22.1,33.9,6.9
27089,47504,8.2,12.9,7.6
27091,47910,11.6,18.1,5.6
27093,49784,8.9,12.4,6.6
27095,41944,13.1,18.3,8.3
27097,42898,13.4,18.4,7
27099,43122,12.3,16.4,5
27101,50262,8.9,13.3,5.2
27103,58065,9,11,4.5
27105,44777,13.8,18.7,4.3
27107,41375,11.3,17.7,5.9
27109,61362,8.5,11.1,4.4
27111,44096,13.4,19.2,5.5
27113,43256,11.5,15.1,6.6
27115,42035,15.2,21.7,7.5
27117,44880,10.5,15.9,5
27119,46500,11.7,15.6,6.2
27121,45149,10.5,15.1,4.6
27123,50224,17.2,24.9,5.7
27125,44964,11,16.1,7.2
27127,46906,9.6,13.9,5.5
27129,49896,11.3,17,6.7
27131,55905,10.3,12.1,5.8
27133,44751,10.8,14,3.6
27135,47212,9.4,12.5,4.7
27137,42087,17.4,21.6,6.5
27139,78307,5.1,6.2,5
27141,69699,7.2,8.4,6.2
27143,47048,10,14.8,5.9
27145,50195,12.1,13,5.4
27147,51069,10.4,13.6,5.4
27149,48885,11.4,11,4.2
27151,43357,9.9,13.7,6.1
27153,40183,16.9,25.3,5.8
27155,41666,13.2,19.5,5
27157,51702,7.5,10.8,5.1
27159,36412,16.8,24.1,7.8
27161,50149,10.7,15,5.7
27163,77591,5.8,7.1,5.1
27165,43699,11.4,17.2,5.6
27167,48611,9.5,13.6,4.7
27169,42113,15.4,15.1,4.9
27171,66714,5.8,7.2,5.8
27173,46595,12.7,18.1,5
28001,28587,30.8,41.8,9.9
28003,33299,22.5,32.4,8.7
28005,31799,22.5,34.7,10
28007,29317,24.3,35.1,9.8
28009,27586,25.9,38.4,10.6
28011,28984,33.9,52,10.6
28013,30281,22.3,31.8,8.3
28015,34436,18.8,28.2,11
28017,31702,24.8,35.2,10.3
28019,31632,23.4,38.1,8.8
28021,22750,34.9,51.1,15.5
28023,31999,25.4,39,10.8
28025,30777,28.4,41.3,14
28027,25719,38.7,55,12.6
28029,31275,23.4,35.7,11.1
28031,32900,21.7,33.1,8.4
28033,58979,10.4,15.1,6.5
28035,32555,29,36.9,9
28037,32375,20.8,31.2,9.8
28039,43487,17.2,25.5,10.3
28041,37348,23.9,26.9,11.3
28043,32715,21.5,33.3,9.2
28045,42255,18.9,30,8.5
28047,41522,19.7,30.4,8.2
28049,37265,22.9,34.1,8.8
28051,22536,41.2,53.1,16.5
28053,24205,42.2,61.1,19.1
28055,27124,43.3,60.1,17.3
28057,37134,17.2,25.6,8.4
28059,45766,16.6,24.9,9.5
28061,32501,19.6,30.1,10.1
28063,24671,37.9,52.4,17.3
28065,27988,25,39.8,12.8
28067,35696,23.4,34.9,7.6
28069,27711,26.6,36.6,13.1
28071,38725,20.9,22.4,7.7
28073,49742,16.2,21.5,6.5
28075,34199,24.4,34.9,9.1
28077,36844,18.2,27.3,10.4
28079,31672,27.1,39.1,9.2
28081,41026,20.5,31.3,8.3
28083,26037,37.2,51,14
28085,35523,17.8,26.2,8.6
28087,35774,25.8,37.2,9.2
28089,57089,12.8,17.3,6.3
28091,31026,24.7,37.4,10.3
28093,35443,25.3,36.7,10.9
29031,44569,15.2,20.4,5.5
29033,39071,15.7,22.7,8.4
29035,28524,24.5,38.1,9.5
29037,57368,8.5,12,6.7
29039,31542,20.1,32.9,7.4
29041,39800,14,18.9,6.6
29043,48041,11.1,16.9,5.8
29045,36809,16.3,25.8,8.1
29047,55835,9.5,13.4,6.1
29049,51846,11.1,15.8,7
29051,52835,11.2,15.4,5.2
29053,41925,16.7,22.3,7.2
29055,34555,19.3,29.2,8.8
29057,33452,21.7,33.8,7.5
29059,37589,19.5,31.2,9.1
29061,38279,17.2,28.5,7
29063,41804,16.5,16.1,6
29065,34327,19.1,29.5,8.2
29067,29830,23.3,37.8,9.9
29069,29372,27.3,40,10.4
29071,47530,14.1,19.3,7.9
29073,39688,12.7,20.4,7.1
29075,35755,14.5,21.2,5.3
29077,38059,19.1,24.1,5.9
29079,35017,17.5,26.9,6.5
29081,34324,17.1,26.6,7.3
29083,37016,17.2,26.9,7.8
29085,27957,22.6,41.4,12
29087,39141,14.2,21.9,5.3
29089,39383,15.5,21.2,6.8
29091,33211,21.3,32.9,8.2
29093,33059,21,32,11.4
29095,44620,16.8,23.9,7.8
29097,37565,17.6,23.4,5.9
29099,52841,12.1,15.7,7.2
29101,43327,17.8,20,7.7
29103,33076,21,32.6,5.6
29105,35688,18.2,29.2,9.3
29107,45621,11.9,16.8,7.1
29109,38800,16.7,25.8,6.5
29111,36501,16.4,24.9,5.5
29113,50307,11.2,15.2,8.3
29115,35323,15.9,24.1,9.3
29117,39821,16.7,23.7,6.2
29119,33352,19.7,29.8,6.7
29121,37130,15.1,24.4,6.7
29123,33841,19.1,29.2,8.3
29125,38877,15.2,23.2,7.2
29127,39975,16.4,22.4,6.1
29129,35184,14.8,21.4,5.2
29131,34266,21.3,30.6,9.1
29133,30252,27.5,38.8,7.9
29135,44475,14.4,20,6.6
29137,36950,15.3,23.8,7.7
29139,38145,16.8,26.7,7.9
29141,34374,20.6,34.2,10
29143,32921,24.5,36.2,8.1
29145,40955,15.5,23.7,6.2
29147,39823,17,15,5.6
29149,27646,25,35.8,7.9
29151,49058,10.8,13.8,5
29153,28709,24.5,40.2,10.2
29155,28152,31.3,47.5,9.7
29157,43200,13.6,17.6,5.1
29159,36882,17.9,24.5,7.1
29161,39765,18,22.1,7.1
29163,37169,17.8,24.3,6.9
29165,67791,7.3,9.3,5.5
29167,34837,21,30.3,7.7
29169,48374,15.1,17.3,8.2
29171,32643,19.5,27.1,6
29173,43763,11,16.2,6.4
29175,37537,17.7,25.4,8.7
29177,50278,11.1,16.3,8.2
29179,29819,24,36.1,11
29181,29213,26.6,42.9,10.5
29183,65281,6.1,7.2,5.6
29185,30998,21.2,33.6,7.9
29186,48031,11.2,17.4,7.3
29187,35630,18.9,25,8.9
29189,55290,10.5,14,6.5
29195,37537,21,27.3,6.6
29197,31978,20.7,32,7.4
29199,36272,16.6,26.9,5
29201,37457,18.5,27.6,7
29203,26600,25.6,41.9,11
29205,37829,14.9,24.1,6.1
29207,35994,18.2,27,8.7
29209,37788,16.3,30.5,11.2
29211,33932,17.6,24.8,6.9
29213,34281,20,31.3,11.3
29215,32076,23.8,33.2,8.2
29217,34985,19,27.3,5.9
29219,49157,12.7,20.2,7.5
29221,32823,24,34.9,10.6
29223,28626,23.4,38.8,9.1
29225,42966,17.2,29,7.1
29227,34246,15.8,23.3,4.2
29229,29608,23.9,34.9,8.4
29510,32767,27.7,40.7,8.5
30001,35952,18.1,25.3,5.4
30003,34507,25.9,34.3,12.1
30005,31724,28.3,38.8,6.4
30007,40730,11.8,17.5,7.4
30009,42256,13.1,17,4.7
30011,34240,18.6,29.2,3.2
30013,41827,13.5,20.8,5.6
30015,38434,16.6,21.7,3.9
30017,39469,14.9,20.6,3.6
30019,39453,11.1,13.5,3.2
30021,44548,12.4,15.7,3.3
30023,36135,18.7,27.7,5.6
30025,48347,9.5,13,2.1
30027,37669,13.6,20.2,5.4
30029,42278,14.8,21,9
30031,49354,12.9,13.5,5.1
30033,36638,19.1,28.3,3.1
30035,32460,28.8,38.2,9.9
30037,33265,21.1,35.4,4.6
30039,36448,14.8,26.4,8.1
30041,39678,18.5,26.2,5.8
30043,58241,10,12.6,5.5
30045,35631,16,23.8,5.2
30047,35558,21.5,30.8,7.7
30049,50889,11.4,15.2,4.9
30051,31851,21.9,25.7,4.2
30053,33908,18.7,33.3,12.5
30055,39062,16.2,24.9,2.9
30057,42174,11.6,17.8,6.2
30059,29026,19.5,31,5.4
30061,33333,17.9,28.6,10.9
30063,44084,15,18.6,5.9
30065,36188,17.7,31.6,5.4
30067,37835,13.9,21.2,7
30069,29656,20.6,28.4,4.3
30071,36144,16.5,21.7,6
30073,35091,19.4,28.2,4.9
30075,36550,14.5,18.6,3.7
30077,36872,20.5,24,6.5
30079,32963,15.6,26.9,4.3
30081,39409,17.5,26.4,7.6
30083,49444,11.4,15.4,2.8
30085,35141,27.3,38,6.6
30087,44683,18.8,27.2,6.8
30089,30710,19.4,30.7,11.5
30091,40974,11.7,15.7,2.9
30093,37851,17.7,23.4,6.1
30095,51830,10.2,13.9,4.5
30097,41211,11.4,15.5,3.9
30099,39076,15.5,20.9,4.9
30101,44175,15.9,18.8,4.2
30103,39931,11.4,18.8,5
30105,40522,13.4,21.4,4.2
30107,29187,17.2,23.2,6.3
30109,37508,12.9,15.8,3.2
30111,48059,12.9,17.3,4.6
31001,45149,12.5,17.7,3.8
31003,40652,13.7,22.5,3.2
31005,34804,11.9,16.4,6.5
31007,37151,13.2,25.6,4.6
31009,31119,20.3,37.3,5.3
31011,42265,9.7,13.2,3.1
31013,47640,13.1,19.8,4
31015,34564,13.9,23.3,3.9
31017,34659,13.9,20.4,4.1
31019,45307,12.4,14.7,3.3
31021,44360,12.1,16.6,4.7
31023,47490,9.1,12,3.3
31025,59392,7.2,11.2,4.6
31027,43923,11.1,14.9,2.9
31029,43271,11.7,16.2,2.4
31031,38977,13.7,25.7,2.9
31033,49417,10.7,15.2,2.8
31035,46199,11,15.7,3.7
31037,45039,10.9,15.2,3.5
31039,45234,10.3,13.1,3.1
31041,39801,14,21.3,2.9
31043,43351,13.2,20.4,5.8
31045,36333,17.6,20.7,3.6
31047,43899,11.7,17.5,4.4
31049,40325,12.7,22.5,3.3
31051,43505,9.7,15.1,4.1
31053,41435,12.7,19,4.5
31055,50270,14.7,20.5,4.5
31057,37071,13.5,19.1,3
31059,47551,9,14,3.3
31061,39516,14.3,19.6,3.6
31063,40359,14.1,17.9,3.2
31065,39234,13.4,21.2,3.5
31067,45169,12.5,18.4,5
31069,32677,15.9,26.6,3.2
31071,34998,14.6,19.6,3
31073,49286,9.5,15.8,3
31075,40151,12.1,24.4,3.4
31077,34968,13.7,22.1,3.6
31079,46807,13.1,19.1,4
31081,55535,8.5,11.4,3.3
31083,45732,10.9,17.9,3.2
31085,40125,17.1,27.1,3
31087,36329,15.2,28.9,4.1
31089,44835,13.7,19.3,3.2
31091,34687,9.7,13.2,4.6
31093,45091,10.5,15.1,3.6
31095,41131,12.6,20.3,3.8
31097,42038,12.3,15.6,4.3
31099,53293,9,12.6,2.9
31101,41493,12,19.6,3.7
31103,31764,22.6,37.4,3.1
31105,40455,13,20.6,3.3
31107,36806,14.7,21.9,3.4
31109,50197,14.8,17.6,3.6
31111,46616,12.3,17.8,3.9
31113,42257,12.5,21.4,3.2
31115,34805,17.3,24.6,3.8
31117,33950,18.9,33.6,3.6
31119,43491,13.1,18.3,3.7
31121,43244,11.8,16.1,3.7
31123,40465,15.6,23.5,3.2
31125,41950,12.7,18.6,3.3
31127,45292,13.2,16.1,4.8
31129,36985,12.4,20.8,3.5
31131,48980,10.6,15.7,4.5
31133,34294,14.1,22.1,3.3
31135,45820,10.6,14,2.7
31137,49532,10,13.4,3
31139,45521,9.6,12.7,3.3
31141,52031,8.4,11.6,3.6
31143,48665,8.6,12.3,3.1
31145,40830,13.3,18.6,3.2
31147,37980,12.7,19.9,5.1
31149,34679,16.1,25.3,2.6
31151,43489,10.6,12.8,4.3
31153,69501,5.8,7.9,3.9
31155,55070,8.4,10.1,4.2
31157,40088,15.8,24.8,4.7
31159,55507,7.8,9.1,3.5
31161,36228,17.2,30.9,3.6
31163,37852,12.9,20.5,3.8
31165,40362,16.8,29.4,3.6
31167,50352,8.9,14.1,3.5
31169,41488,11.5,17.6,3.1
31171,35901,15.7,22.4,4
31173,36343,26.1,37.2,8.7
31175,38036,14.2,19.8,3.5
31177,65554,6.6,8.6,3.8
31179,43061,14.2,15.3,3.2
31181,37647,12,17,3.7
31183,34357,19.9,34.8,3.4
31185,46247,9.8,15.4,3.7
32001,48235,11.6,18.2,11
32003,51427,15,22.2,11.2
32005,57176,9.3,14.5,11.5
32007,66210,8.3,11.2,6.3
32009,40929,14.4,17.1,6.9
32011,58391,10.1,12.5,6.1
32013,59960,9.9,14.5,6.6
32015,70176,10,12.4,7.4
32017,42637,13.4,18.3,10.5
32019,47108,11.4,15.9,14.8
32021,39940,15.4,24.6,13.5
32023,41054,18.7,27.8,14.5
32027,44684,18.5,22,9.7
32029,57763,8.7,13.6,13.3
32031,50839,15.3,20.4,11
32033,49376,12.6,15.2,7.7
32510,49386,15.1,21.5,11.7
33001,53851,9.5,13,5.4
33003,48236,10.3,16.6,5.3
33005,49126,11.3,13.4,5.1
33007,37708,14.3,21.4,7.5
33009,50834,11.6,13.4,4.5
33011,67650,7.6,10.5,5.8
33013,60932,9.5,10.8,4.9
33015,73402,5.7,6.7,5.8
33017,52527,11.1,12.2,5.4
33019,50549,11.2,15.4,4.5
34001,51457,13.6,19.3,12.7
34003,77059,6.9,7.8,7.7
34005,73788,5.7,7.8,8.6
34007,56939,12.3,18.5,10.7
34009,51585,11.4,18.6,15.5
34011,49964,17,26,13.2
34013,52288,16.4,22.8,10.7
34015,70012,6.8,8.7,10.1
34017,53547,16.5,24.4,8.9
34019,97532,4,4.2,6.8
34021,70228,11.7,15.7,8.2
34023,75890,7.7,10,8.6
34025,80462,6.8,8.7,8.7
34027,91403,5.7,5.6,7.1
34029,56924,11,19.2,10.6
34031,53363,15.6,23.6,11.1
34033,55274,11.2,17,11.8
34035,93777,5.2,6.3,7.4
34037,81330,5.7,6.9,9
34039,65937,10.9,15.6,9.4
34041,69658,7.4,9.1,8.7
35001,47405,16.4,23.9,6.8
35003,28427,23.1,41.7,9.3
35005,34681,22.8,33,6.5
35006,33782,27.6,38.7,8.3
35007,36468,17.9,28.3,7.9
35009,36085,19.8,29.9,4.9
35011,31442,18.6,31.2,4.1
35013,35584,25.4,34.6,7.3
35015,43240,16.6,23.2,4.7
35017,36756,18.9,29.5,6.6
35019,28402,23.7,30.5,10
35021,30941,13.5,18,6.2
35023,30280,25.2,38.9,7.3
35025,43171,18,24.1,4.7
35027,38623,18.3,33.8,6.5
35028,105987,3.2,3.2,3.9
35029,27257,30.7,48.3,20
35031,29473,32.6,42.8,9.5
35033,29321,21.8,32.7,11.1
35035,36628,21.8,30.6,6.5
35037,27856,24.6,38.3,8
35039,36570,21,27.7,9.2
35041,33068,24.5,28.8,5.6
35043,52778,13.8,17.5,7.8
35045,44155,23.9,34.7,7.1
35047,31762,25.7,32.4,8.9
35049,48507,16.5,23.6,5.8
35051,26240,21.2,40.4,9.9
35053,31254,27.4,39.1,7
35055,32940,18.6,29.4,10.4
35057,36588,23.8,34.3,10.5
35059,33195,18.9,26.6,4.4
35061,40552,22.5,33.3,8.8
36001,53783,13.2,17.4,7.1
36003,41384,17.2,23,8.4
36005,32674,30,42.2,12.4
36007,43920,16.5,23.4,8.7
36009,41266,15,22.1,9.3
36011,48453,12.6,19,8.3
36013,39981,17.3,25.4,8.5
36015,46130,15.6,22.7,8.4
36017,41418,16,23.6,8.6
36019,44193,15.7,18.8,9.5
36021,50620,9.5,15.9,7
36023,41903,14.8,19.5,8.6
36025,40252,12.3,20.9,8.8
36027,68831,8.2,10.7,7.8
36029,46773,14.3,20.9,8.3
36031,42053,13,19.3,9.6
36033,41062,16.1,22.2,9.6
36035,39939,15.6,24.2,11
36037,47387,12.1,16.9,7.9
36039,45070,17.2,21,9.9
36041,45474,10.6,17.4,10.7
36043,42876,15.6,22.7,8.8
36045,43448,14.3,20.8,9.9
36047,42047,22.9,33.4,9.8
36049,41093,15,21.8,10
36051,50094,13.5,16.7,7.9
36053,50270,11.5,16.1,8.5
36055,49564,15.1,21,7.9
36057,40035,17.1,27.9,10.4
36059,90294,6.2,8.1,7
36061,63188,16.6,23.2,8
36063,44006,14.1,19.9,9.3
36065,46409,15.1,23.7,8.3
36067,50298,14.1,19.5,7.9
36069,53137,10.1,14.5,7.3
36071,65512,11.4,16.9,7.9
36073,44783,14,21.9,9.7
36075,44371,16.9,23.7,11
36077,42837,15.7,18.9,7.9
36079,82585,6.2,6,7.2
36081,52486,15.1,22,8.3
36083,51720,13.5,19.6,7.8
36085,69163,12.1,17.2,9.4
36087,79798,11.6,18.3,7.3
36089,40008,17.4,25.4,10.2
36091,65508,7,8.4,6.8
36093,52062,12,18.7,7.7
36095,47350,13.3,17.1,9.2
36097,46870,13.1,23.4,9.4
36099,45961,14,22.1,8
36101,45231,14.4,21.6,9.4
36103,81235,6.6,8.4,7.8
36105,43882,19.1,27.9,9.1
36107,50043,9.8,15.7,7.9
36109,50156,19.6,15.4,6.1
36111,51194,12.5,15.3,8.3
36113,50269,10.4,17,9.2
36115,46629,12,19,8.3
36117,50213,10.6,16.3,8.6
36119,76993,9,11.5,7.3
36121,46846,10.8,15.9,8.9
36123,43820,17,29,7.8
37001,41519,18.5,29,8.5
37003,40441,16.9,25.7,9.6
37005,32210,23,33.9,10.4
37007,32268,22.6,32.3,10.9
37009,31965,20,30.2,10.4
37011,35568,23.5,33.9,10.6
37013,38194,20.7,32.3,10.6
37015,30586,27,39.1,11.4
37017,31637,22.3,31.2,12.7
37019,44186,16.5,26.1,11.2
37021,42846,17.1,24.2,7.2
37023,38541,18.7,26.6,9.8
37025,49355,12.5,16.6,9
37027,36860,18.4,28.5,11.6
37029,59522,9.7,13.4,7.8
37031,43356,14.1,23.6,8.9
37033,37115,20.8,30.2,10.6
37035,41782,14.5,23.3,10.1
37037,53958,14.2,21.5,7.8
37039,32963,18.1,32.8,10.9
37041,36176,21.1,33.6,10.9
37043,35314,18.8,32,10.3
37045,38392,20.9,32.3,11
37047,32518,26.9,40.8,12.2
37049,41791,17.5,25.1,9.5
37051,43356,18.2,26.4,10.5
37053,53939,11.1,18.1,8.5
37055,50203,12.3,24,12.3
37057,40618,17.3,26.3,9.7
37059,46957,14,21.6,9
37061,34672,23.7,32.8,9.1
37063,48023,18.4,24.2,7.4
37065,33146,24.5,38.7,14.3
37067,44443,16.7,24.2,8.8
37069,45592,16,22.3,9.7
37071,40332,19.9,27.7,10.4
37073,43010,17.5,24.1,7.6
37075,31863,22.5,34.2,17.6
37077,45828,15.5,19.9,8
37079,38428,23.7,35.1,8.6
37081,42415,17.9,26.7,9.5
37083,30861,26.2,36.7,13.5
37085,40956,16.7,24.3,10.6
37087,39987,14.6,25.2,9.1
37089,43589,15.8,24.6,7.4
37091,32410,26.1,35.5,10.7
37093,43679,19,26.3,10.6
37095,35206,21.9,29.7,13.4
37097,46576,13.3,17.9,9.9
37099,36741,19.3,25.7,10.5
37101,46922,16.1,22.8,8.4
37103,38578,18.4,31.8,9.9
37105,41999,18.6,28.1,11.3
37107,36455,23.2,35.6,9.8
37109,45332,15,22.9,9.6
37111,34383,19.9,29.6,10.8
37113,36229,19.3,31.2,10.6
37115,36158,19.7,28.1,9.7
37117,34814,23.4,37.4,12
37119,52363,15.6,21.3,8.7
37121,35032,18.5,28.2,12.2
37123,34608,24.6,34.3,10.5
37125,47705,16.6,26,8.8
37127,42315,15.6,24.7,11.5
37129,46129,18.1,23.2,8.6
37131,32168,22.5,34.8,11.4
37133,41969,15.8,22,8
37135,51434,17.4,17.4,6.1
37137,41442,15.2,29.9,9
37139,39381,22.9,31.3,10
37141,43573,16.7,25.1,10.4
37143,40772,16.4,29.4,10.4
37145,42621,16.4,24.8,11
37147,39519,21.6,26.6,9.1
37149,44756,14.4,24.7,8.4
37151,39648,18.1,26.9,9.9
37153,31568,28.1,37.7,13.2
37155,30627,31.5,45.5,13.2
37157,38063,18.5,27.2,11.2
37159,38658,20.1,29,10.9
37161,35057,25,33.5,13.2
37163,37047,21.4,31.2,9.3
37165,31805,27.2,38.1,17.1
37167,42854,15.4,22.4,9.9
37169,43178,14.3,21.8,9.3
37171,36622,19.3,30.8,9.6
37173,36109,18.5,28,14.7
37175,40652,15.9,28.9,8.7
37177,31732,28.7,43.3,13.6
37179,64486,9.2,13.1,7.8
37181,34000,24.3,35.5,13.5
37183,61594,12,15.2,7.1
37185,32574,27.1,36,12.4
37187,33293,22.4,37.3,15.3
37189,38923,24.8,21.4,7.4
37191,40274,19.7,28.7,8.4
37193,34886,19.9,27.2,10.4
37195,36645,22.9,34.5,13
37197,41095,15.1,23.6,9.2
37199,36934,20.3,31.2,10.6
38001,40082,10.4,13.5,2.9
38003,45884,11.5,13.8,3.4
38005,32884,34.9,44.2,7
38007,50921,12,17.7,3.4
38009,48504,11.8,15,3.4
38011,49656,8.1,9.6,1.8
38013,49575,9.9,12.4,2
38015,55565,9.3,11.4,2.8
38017,50932,12,12.7,2.9
38019,47456,9.7,16.1,3.2
38021,42517,11.9,14.5,2.7
38023,48992,10.5,16.8,1.5
38025,49682,12.3,17,1.5
38027,39557,12.2,17,5.1
38029,36823,16,21.6,5.4
38031,46599,8.8,11.2,3.1
38033,38425,13.2,20.9,2.4
38035,45258,15.8,16.1,3.4
38037,33842,18.7,30.2,3.2
38039,42126,9.9,15.2,2.7
38041,42943,12.1,16.5,2.7
38043,34978,16.7,25.7,5.1
38045,50019,10.5,13.8,2.5
38047,38380,14.4,19.4,3.1
38049,40157,12.6,18.9,4.3
38051,34285,15.2,18.7,3.2
38053,51641,13.2,17.5,1.5
38055,52457,10.5,14.8,4.4
38057,63921,8.2,10.1,5.3
38059,49798,10.6,15.8,3.6
38061,49694,13.6,20.5,1.6
38063,41291,10.2,13.6,4.2
38065,55742,11.7,20,6.7
38067,48378,9.9,13.4,6.5
38069,38030,13.2,18.1,4.3
38071,44795,13.7,20.4,4.1
38073,48302,9.5,12,3
38075,56123,8.3,11.1,2.3
38077,48821,11.4,13.3,3.7
38079,31725,27.9,36.5,10.6
38081,49830,8.7,11.2,2.7
38083,35771,17.4,31.1,3.7
38085,28338,41.3,51.8,5.2
38087,47210,12.5,18.5,2.1
38089,49736,10.6,13.8,1.8
38091,52558,7.2,12.2,2.7
38093,46466,12,14.9,3.4
38095,47502,10.6,16.2,3.3
38097,50061,8.7,9.7,3.2
38099,46938,11.3,16.1,4.9
38101,46952,12.6,15.9,2.7
38103,42540,12.4,14,4
38105,56689,8.6,11.9,1.1
39001,33549,22.8,32.2,12.6
39003,41196,18.7,30,7.7
39005,41734,15.6,22.9,8
39007,38762,16.1,24.8,9.4
39009,35557,24.8,25.5,8.5
39011,50103,9.4,13.2,6.2
39013,37913,16.3,25.4,8.2
39015,41892,13,20.8,10
39017,54359,13.5,17.7,7.7
39019,39414,16.6,26.1,7.9
39021,46577,13.1,19.2,7.4
39023,40524,20,29.9,7.8
39025,56628,9.6,14.1,7.4
39027,44324,15.7,21.1,10.7
39029,36985,17.7,27.1,8.2
39031,37227,20.4,30,10.1
39033,39467,16.5,26.1,9.1
39035,41407,18.2,28.6,6.8
39037,42023,12.1,17.4,7.2
39039,45792,11.5,18.3,7.7
39041,85628,5.8,6.6,5.2
39043,43935,14.9,24.4,8
39045,55805,11.2,15.7,6.6
39047,40250,16.2,23.6,8.3
39049,47621,18.8,25.5,6.4
39051,49909,10.9,15.8,7.7
39053,37923,18.2,29.4,9.7
39055,63172,7.8,12.1,5.3
39057,52056,13.1,16.7,6.9
39059,35654,19.1,32.6,9
39061,46359,18.5,28.5,7.4
39063,49918,11.9,16.5,6.4
39065,40710,17.2,20.9,7.5
39067,36074,17.8,27.3,8.5
39069,46136,12.9,17.8,8.7
39071,38643,18.6,27.5,10.4
39073,40017,16.2,24.8,8.3
39075,39917,16.5,27.6,5.1
39077,44632,14,21.8,9.9
39079,36791,22.5,35.4,10.3
39081,36800,18.6,28.3,10.9
39083,46937,16.5,24.6,6.9
39085,52854,9.6,14.4,5.9
39087,36551,21.4,31.9,8.5
39089,51247,12.4,16.7,6.8
39091,44436,16.9,27.4,7.1
39093,50092,14.3,22.3,7.1
39095,39200,19.8,29,8.3
39097,48295,15,19.5,6.4
39099,38205,17.1,26,8.3
39101,41314,19.3,24.8,7.9
39103,63582,7.6,10.3,5.5
39105,33194,23.5,35.9,11.6
39107,48521,9.6,13.2,5.1
39109,49195,11.9,18,7.3
39111,38015,17.4,27.4,8.4
39113,40885,18,27.2,8.2
39115,35634,19.6,29.6,9.9
39117,47080,13.7,21.9,8.1
39119,40485,17.8,28.6,9.2
39121,38013,17.3,23.2,11
39123,50707,10.2,16.3,9.5
39125,43791,13.5,20.5,7.7
39127,39387,19.1,28.6,9.8
39129,49926,12.7,19,7.4
39131,35051,26.3,36.9,13
39133,49287,15.1,18.1,7.3
39135,47615,12.1,19.6,7.7
39137,53920,9,12,5.8
39139,41462,14.7,23.6,8.7
39141,41318,19.3,27.7,8.4
39143,44346,12.3,18.2,7.5
39145,35860,22.2,31.9,11.3
39147,42642,14.6,22.2,8
39149,46062,12.2,17.2,7.3
39151,42805,14.6,23.1,7.5
39153,45768,15.4,22.4,7.5
39155,40389,18.2,31.4,9
39157,39580,14.7,22.6,7.4
39159,63233,8.2,10.1,5.7
39161,44338,12.5,19.1,7.6
39163,34977,21.8,35.8,10.8
39165,67172,5.9,7.7,6.5
39167,41231,15.7,22.7,8.6
39169,46157,12.6,20.4,6.1
39171,41791,12.2,19.2,7.9
39173,49344,12.8,13.9,6.9
39175,43753,9.4,14.3,6.8
40001,30190,26.5,37,9.1
40003,35615,17.6,22.7,2.8
40005,33304,22.7,33.6,6.8
40007,48158,11.6,17.4,3
40009,41277,17.7,25,3
40011,44558,19.9,24.9,3.9
40013,36925,17.1,25.9,5.4
40015,36077,21.6,29.1,6
40017,57018,9.3,13.4,3.9
40019,37316,18.4,26.5,5.5
40021,33393,22,31.3,7
40023,29476,25.5,39.3,8.4
40025,36183,17.7,28.1,3.3
40027,51468,13.5,16.1,4.1
40029,33472,21.7,33,7.1
40031,43394,17.4,25.9,5.9
40033,39941,15.6,23.4,5.6
40035,36407,15.9,24.4,5.6
40037,41331,15.6,23,6.1
40039,40741,17.5,21.6,3.6
40041,32878,22.8,35.9,6.6
40043,39731,14.1,21,3.2
40045,40851,13.9,21.6,2.8
40047,38827,15.7,24.2,4.1
40049,37689,16.3,24.1,5
40051,44036,16.4,22.2,4.8
40053,37938,12.8,19.2,3.4
40055,33199,21.9,29.4,5.3
40057,28914,26.9,36.6,4.7
40059,41437,11.5,17.8,3.2
40061,32551,17.5,29.3,8.9
40063,30699,25.9,32.6,8
40065,39565,16.9,25.2,5.1
40067,29992,21.6,32.2,4.9
40069,32247,22.1,34.3,7.8
40071,38775,17.5,27.3,7.1
40073,48255,11.9,16.7,3.3
40075,31850,23.7,32.8,4.7
40077,35306,17.8,27.3,8.5
40079,33624,22.3,29.9,8.6
40081,40076,14.2,22.5,5
40083,49006,14.3,19.1,4.4
40085,41784,15.6,23.7,4.2
40087,51767,11.3,15.9,4.2
40089,30708,23.9,33.6,9.5
40091,33771,20,30.9,10.2
40093,44736,12.4,18.7,3.5
40095,34924,17.9,27.3,5.8
40097,40253,18.1,26.3,6.1
40099,39629,15.1,22.6,4.6
40101,38528,20.6,31.1,6.7
40103,41580,14.3,21.3,4.4
40105,38040,15.6,24.8,6.8
40107,31423,27.3,32.7,7.7
40109,42758,17.6,27.6,4.8
40111,36119,21.4,29.1,7.9
40113,41589,16.5,22.7,5.8
40115,34998,20.5,32.3,7.8
40117,38550,16.5,23.9,6.6
40119,36874,21.7,21.4,4.7
40121,38154,18.8,25.4,7
40123,38514,18,23.9,5.1
40125,38259,18.5,26.3,5.3
40127,30070,23.9,38.3,7.3
40129,44595,13.2,19.6,2.8
40131,56107,9.8,13.2,5
40133,33080,24.1,35.3,7.8
40135,35250,19.7,30.3,8.3
40137,40996,15.5,24.1,4.9
40139,44313,12.1,17.6,4.2
40141,30364,25.9,38.1,4.8
40143,44231,15.8,23.1,5.2
40145,56216,11.5,17.4,5.2
40147,45957,13.7,21.3,4.8
40149,40523,15.3,23.2,4
40151,37981,16.2,20.9,2.8
40153,48584,15.1,21.3,3.5
41001,37868,20,31.1,10.6
41003,49156,19.1,15.2,6
41005,57960,10.4,13.2,8
41007,44234,14.8,24.6,8.7
41009,50707,13.4,18.2,10.7
41011,36216,19.1,28.5,11.1
41013,39867,17.4,29.3,13.6
41015,36994,16,25,11.8
41017,46631,14.8,22.2,11.3
41019,36991,19.5,30.7,12
41021,45827,11.4,18.4,10.1
41023,36792,16.5,24.8,14
41025,36441,19.1,29.4,11.8
41027,49490,13,21.2,7.2
41029,40603,15.7,23.3,11.1
41031,40888,21.1,33.7,11.8
41033,36102,18.8,30.8,12.2
41035,37370,17.4,26,11.7
41037,36167,20.4,28.7,12.9
41039,40545,19.1,23.4,8.9
41041,38302,17,30.1,9.9
41043,43019,18.1,29.1,10.7
41045,32412,39.5,39.9,9.4
41047,44725,17.9,26.3,10
41049,45652,16.7,24.8,8.1
41051,48018,18,24.6,7.6
41053,49504,15.7,22,8.9
41055,49295,13.7,20.2,10.8
41057,40797,16,24.1,9.7
41059,43691,15.5,21.3,9.1
41061,41192,16.7,22,9.4
41063,38522,16.6,27.6,11.5
41065,41711,15.7,23.5,8.4
41067,60555,9.7,12.8,7.1
41069,31983,19.8,34.8,6.9
41071,50288,14.7,18.5,8.5
42001,54415,9.9,15.9,6.4
42003,47490,11.9,15.6,7
42005,42711,13.7,21.6,8
42007,44020,15.1,21.6,7.5
42009,38548,13.6,20.3,8.6
42011,51631,13.7,21.6,7.7
42013,41095,13.3,19.6,7.4
42015,43060,10.9,17.1,6.9
42017,70960,6.4,7.8,7.2
42019,54363,9.3,11.6,6.4
42021,40494,13.7,22.4,8.8
42023,36278,14.4,23.7,10.3
42025,45698,12.2,18.5,10
42027,45154,18.9,14.7,5.5
42029,83829,6.4,8,5.6
42031,37740,19,28.1,9
42033,37025,16.8,24.5,9.4
42035,38423,16.9,22.7,8.9
42037,41898,15.4,16.9,8.3
42039,38302,19.7,32.2,7.6
42041,56288,7.4,10.2,6.2
42043,51670,13.9,23.1,7.4
42045,59038,10,13.8,7.7
42047,42750,11.7,17.5,7
42049,42341,17.2,24.4,7.8
42051,35442,20.7,31.7,9.9
42053,34736,20.4,29.9,9.8
42055,49541,9.5,14.8,7
42057,43947,10.5,17.7,9.2
42059,41927,18,24.6,7.3
42061,40947,14.3,20,9.9
42063,40538,18.6,22.6,8.1
42065,37911,16.3,24.8,8.3
42067,45810,11.1,18,7.3
42069,42081,13.6,20.1,8.9
42071,51784,10.5,15.7,6.5
42073,39047,16.2,25.5,7.9
42075,51142,11,17,6.7
42077,51426,13.2,20.6,8.5
42079,41745,15.9,26.6,9.8
42081,40825,17.1,24.3,7.9
42083,39679,14.9,24.2,8.4
42085,40244,16.6,27.2,7.6
42087,37163,16.6,28.1,8.7
42089,54111,13,16.9,9.8
42091,75369,5.8,7.2,6.4
42093,47518,12.1,19.1,5.8
42095,56369,10.6,14.6,8.1
42097,36503,15,22.4,9.1
42099,51390,10.1,15.4,7.3
42101,34667,26.4,36.4,10.9
42103,54674,9,13.2,10.1
42105,40472,14.8,25.1,9.1
42107,40384,13,19,9.7
42109,42016,13.2,18.3,7.6
42111,39542,14.9,23.1,8.9
42113,34026,15.2,23.8,7.8
42115,43583,12.8,20.1,7.6
42117,40651,15.8,24,7.6
42119,44997,12.7,16.2,6.4
42121,39351,15.4,26.6,7.7
42123,41008,14.1,21.4,6.9
42125,47823,10.6,14.1,7.2
42127,43627,12.4,18.5,8.1
42129,46468,10.4,15.7,7.4
42131,46899,12.7,19.4,9
42133,55960,9.2,13.5,7.4
44001,60631,8.2,8.3,8.7
44003,54665,10.2,12.8,10
44005,67431,8.6,12.4,9
44007,45572,17.5,25.3,11
44009,67195,8.8,9.6,9.5
45001,34658,19.1,26.6,10.6
45003,43196,17.7,25.3,8.6
45005,24615,40.4,47.1,16.9
45007,38851,18.7,28.3,8.8
45009,29101,27.6,38.9,15.9
45011,30898,30.4,52.2,13.8
45013,55266,13,22.6,7.5
45015,49284,15,21.2,8.4
45017,37507,18.5,26.8,11.2
45019,46187,18.7,25.4,7.1
45021,35223,20.6,30.5,12.8
45023,34908,20.8,30.9,14.8
45025,32483,23.7,35.2,11.3
45027,30913,27.8,38.5,12.8
45029,32446,22.6,35.1,12.1
45031,33772,23.2,35.8,11
45033,28665,26.2,37.1,14.1
45035,51132,11.7,17.4,7.8
45037,41501,20.6,28,9.4
45039,32261,23.4,32.6,13
45041,38914,21.7,29.9,9.6
45043,38340,20.3,30.7,11.9
45045,45666,15.4,21,7.4
45047,35619,22.1,31.9,10.1
45049,33367,23.7,33.7,11.2
45051,40697,19.5,32.4,10.3
45053,35533,25.9,37,8.5
45055,42174,18.3,26,9.5
45057,38312,19.7,28.2,11.3
45059,36345,19.5,31.4,10.3
45061,29756,27.1,37.6,14
45063,51523,12.9,19.6,7
45065,34963,21,35.7,11.7
45067,27917,29.5,41.5,15.9
45069,28630,33.1,43.2,17.6
45071,39054,19,30.1,8.8
45073,42671,13.6,22.7,8.8
45075,32699,26.7,36.5,14.2
45077,40110,17,21.5,8.9
45079,45944,17,20.9,8.2
45081,39570,19.3,29.1,8.5
45083,41888,17.2,25.5,9.4
45085,36554,20.9,31.9,10.6
45087,34125,18.7,29.9,13.6
45089,28083,32.2,44.2,15.8
45091,51403,13.1,17.3,9.3
46003,43934,11.7,17.4,3
46005,39504,14.6,20.1,3.5
46007,31183,34.2,46.8,6.7
46009,41580,17.2,19,3.9
46011,48290,17.2,11.5,3.9
46013,47803,10.3,13,3.6
46015,42604,14.2,19,3.6
46017,20577,39,47.5,9.7
46019,38767,15.3,22.5,4.7
46021,38767,12,14.8,3.6
46023,35122,25.7,35.8,5
46025,42413,14.6,25.5,4.3
46027,40492,19.7,20,3.8
46029,44999,11.1,14,3.9
46031,27233,40.9,54.1,8
46033,46565,11.2,19.5,5.4
46035,40972,14.8,17.7,3.3
46037,37186,17,24.3,5.8
46039,45772,9.4,14.3,5.9
46041,31374,32,41.5,16
46043,42472,14.2,20.7,3.4
46045,48588,11.6,16.9,3
46047,36993,16.7,24.9,5.7
46049,42633,14.2,24.1,4
46051,45436,11.4,15.6,4.4
46053,31962,24.4,35,4.4
46055,38900,13.4,19.7,3.1
46057,49091,10.8,18.8,3.9
46059,43683,11.1,15.4,3.1
46061,53987,10.2,16.8,4.6
46063,37407,17.6,28.5,3.7
46065,54989,10.4,14.1,3.3
46067,41592,12.3,18,3.4
46069,38926,13.8,21,3.5
46071,30499,32.9,49.5,7
46073,37924,15.7,23.4,3
46075,38019,15.5,26.5,3.8
46077,47775,9.8,14.7,3.6
46079,46388,11.6,15.1,4.2
46081,45424,14,18.6,4.5
46083,74100,4.9,6.1,3.2
46085,39774,21.9,32.8,5.9
46087,44915,9.7,13.1,3.8
46089,35675,17.8,27.1,4.6
46091,40437,14.2,22.4,4.8
46093,48120,10.6,15.6,4.4
46095,30003,33.5,45.4,7.8
46097,45947,13,18.4,3.6
46099,49954,11.7,13.8,4
46101,47162,11.2,15.2,5.5
46103,45999,15.2,21.6,4.4
46105,31033,17.3,26.7,4
46107,44502,11.7,17.7,4.1
46109,39057,20.4,28.8,5.7
46111,43361,14.5,20.5,3.5
46113,27307,47.3,48.9,0
46115,44272,12.6,14.3,4.1
46117,50944,10.1,15.2,3
46119,48026,9,11.6,3.1
46121,26393,49.1,58.1,9.7
46123,36390,21.3,29.5,3.7
46125,47912,10.9,12,3.5
46127,65142,7,9,4.7
46129,37506,16.3,24.8,6.1
46135,45297,12.3,15.6,3.7
46137,25669,50.1,52.2,6.9
47001,45917,16.2,25.4,7.9
47003,39057,23.5,33.9,9.8
47005,32346,19.9,33.9,9.8
47007,33366,22.4,34.3,10.4
47009,41736,14,20.4,7.1
47011,38558,19.1,25.2,7.4
47013,31699,24.3,34.8,11
47015,36246,16.7,26.2,8.5
47017,34566,20.3,29.7,10.9
47019,31145,26,40.6,8.9
47021,51106,12.2,18.9,7.2
47023,39492,19.1,26.3,7.8
47025,29227,25.1,33.9,9.8
47027,28014,22.9,37.8,10
47029,28832,31.9,48.9,11.5
47031,39321,22.1,33,8.2
47033,37945,19.8,29.6,9.2
47035,36214,17.9,30.4,9
47037,43825,20,30.7,6.2
47039,35134,20.4,30.9,10.3
47041,35726,20.8,31.9,9.6
47043,43353,14,22.6,8.3
47045,36735,20.5,30.4,11
47047,53935,12.8,19.7,8.5
47049,29088,24.4,37.9,9.7
47051,40247,14.8,24.2,7.8
47053,35711,18.6,27.2,10.3
47055,35466,17.5,26.1,8.4
47057,33291,20.1,31.3,10.3
47059,34649,22.6,31.1,10.1
47061,27494,30.3,42.8,10
47063,38711,20.6,33.7,9.4
47065,44132,15.6,24.7,6.9
47067,24891,30.9,45.2,11.8
47069,31747,26.6,34.3,10.9
47071,31883,23.3,36.8,10
47073,37164,18.8,30.2,8.8
47075,34310,23.6,34.2,11.5
47077,36347,17.5,25.7,9.7
47079,36247,20.3,31.9,9.4
47081,35948,19.7,31.3,8.9
47083,35739,19.7,29.3,11.2
47085,38300,16.6,27.8,9.5
47087,31093,21.7,33.7,10.5
47089,37279,16.7,25,9.4
47091,29219,26.4,37.3,9.4
47093,44074,12.9,17,6.1
47095,27142,40.4,46.8,10.4
47097,32741,23.9,32.3,10.9
47099,34637,18.2,27.5,9.5
47101,33495,20.5,32.4,10.8
47103,41022,17.1,25.9,6.1
47105,47206,14.3,23.6,7.5
47107,38183,18.6,28.3,9.1
47109,33139,21.9,30.3,10.3
47111,33036,22.7,36.5,8.3
47113,40670,19.5,29.9,8.1
47115,37672,21.9,33.2,9.1
47117,40052,14.7,23.4,9.4
47119,45445,14.3,20.7,7.8
47121,36584,22.1,37.3,10.3
47123,35833,19.4,31,9.9
47125,47258,15.7,21.5,7.6
47127,45066,13.6,21.4,5.8
47129,35322,20.3,28.9,10.2
47131,38530,16,26.3,13.4
47133,33230,19.3,30.6,8.9
47135,31486,21.4,33.6,9.8
47137,30016,20.3,33,9.4
47139,35083,20,30.6,9.8
48051,41273,15.2,24.9,6.3
48053,49195,14.6,24.4,6
48055,41749,17.3,25.7,7.2
48057,42745,19.4,30.7,7.3
48059,40614,15.4,24.9,6
48061,31624,35.8,48.5,10.3
48063,37704,21.3,33.7,8
48065,51311,8.4,10.6,4.6
48067,34556,20.4,32.4,9.2
48069,35973,20.2,29.9,4.4
48071,69491,10.6,14.2,8
48073,34910,24.7,35.4,7.2
48075,35171,22.8,32.8,4.4
48077,47434,12.5,18.3,5.6
48079,35496,20.5,33.8,7.5
48081,35754,13.2,22.4,5.1
48083,30637,21.1,36,7.5
48085,77862,7.7,9.6,5.9
48087,32949,18.9,31.2,5
48089,41395,17.3,27.6,6.3
48091,61573,11.9,16.5,6
48093,34878,20.7,30.1,6.4
48095,33711,28.4,32.2,4.2
48097,45428,15.1,24.4,5
48099,45431,12.4,15.4,7.3
48101,31892,20.4,32.9,7.5
48103,50356,9.9,15.3,4.9
48105,42329,15.8,25.3,5
48107,33332,27.1,40,7.2
48109,30666,26.2,39.3,6.1
48111,37454,15.1,22.5,3.7
48113,46909,19,29.3,7.1
48115,33938,25.7,35.5,6.4
48117,36638,20.6,30.4,4.7
48119,36193,17.7,27.8,6.7
48121,68671,8.1,9.4,5.7
48123,36611,21.3,32.3,4.8
48125,32669,21.4,30.5,10.7
48127,29685,31,44.8,5.8
48129,34967,17,26.8,5.9
48131,30365,26.9,38.5,7
48133,32913,22.4,32.5,6.7
48135,42339,19.6,28.3,4.6
48137,32643,25.3,39.8,6.4
48139,57929,11.5,17.1,6.8
48141,36064,24.6,33.8,8.5
48143,38068,18.5,23.7,5.6
48145,30576,25.3,32.4,7.3
48147,40891,16.2,24.1,7.1
48149,45123,13,19.7,4.8
48151,35794,14.6,23.5,5.4
48153,33345,21,34.5,6.4
48155,31479,18.2,29.1,5.8
48157,76758,9,12.5,5.9
48159,40579,15.9,25.3,7.4
48161,42266,18.1,23.7,6.7
48163,30820,35.3,42.7,5
48165,39111,18.8,26.6,4.2
48167,57124,13,19.5,7.6
48169,38400,27.4,30,5
48171,47216,12.1,20.1,4.7
48173,54354,11.2,18.2,4.1
48175,42646,15.5,25.3,5.5
48177,34166,20.8,31.7,5.1
48179,42701,15.4,21.6,5.6
48181,44356,14.9,21.4,6.8
48183,41623,20.5,29.8,6.2
48185,39959,19.7,27.5,6.4
48187,58799,11.4,17.3,5.7
48189,35640,20.3,28.9,6.9
48191,29302,24.1,40.3,7.7
48193,38179,16.2,27.3,5.8
48195,43338,14.3,20.4,3.4
48197,33640,22.9,35.2,5.9
48199,49556,13,17.6,8.4
48201,50437,18.7,27.1,6.6
48203,44506,17.3,25.6,7.4
48205,57589,11.9,12.7,3.3
48207,30845,25.5,39.4,5.3
48209,57051,14.4,14.4,5.8
48211,55391,9.2,13.3,2.9
48213,37137,19.3,30.7,7.6
48215,33070,33.4,44.8,10.6
48217,38583,17.1,27.1,6.9
48219,40334,19.1,26.1,5.3
48221,52633,11.9,19.8,6.5
48223,40446,18,28.4,6.5
48225,33198,23.7,32.7,7.1
48227,39022,22.9,30.6,5.6
48229,26993,29.5,41.7,7.5
48231,41841,20,28,8.3
48233,46035,13.4,19.9,6.5
48235,52857,9.6,14.5,4.6
48237,41510,15.5,20.4,5.7
48239,42097,16.2,25.3,5.1
48241,37495,19.5,29.2,10.6
48243,46122,12.1,18.5,4.9
48245,39756,22.6,33.5,11
48247,34077,24.8,36.8,6.5
48249,36404,21.6,32.5,6.2
48251,52360,12.8,18.2,6.6
48253,35193,24.3,29.9,7.2
48255,34970,26.3,33.3,6.1
48257,56899,11.9,17.3,6.9
48259,68301,10,14.2,5.4
48261,33502,12.5,17.6,5.1
48263,37318,11.2,16.8,4
48265,42064,15.6,28.1,5.8
48267,36126,18.6,33.7,4.9
48269,48003,12.5,15.3,4.4
48271,35725,24.7,36.8,8.7
48273,37418,24.6,32.8,6.9
48275,31054,22.3,35.7,5.2
48277,38852,18.4,27.4,9.2
48279,34251,21.6,32.7,8
48281,47772,15.3,26.7,7.1
48283,28834,34.4,44.9,4.4
48285,39468,14.5,20.9,4.8
48287,45661,13.1,18.3,5.4
48289,40847,14.4,25.1,7.4
48291,46770,18.8,25.7,9.6
48293,37438,19,28.8,6.9
48295,46347,13.3,20.6,3.9
48297,39091,18.6,27.8,4.6
48299,40102,15.8,30.4,6.8
48301,50188,14.5,33.3,6
48303,41757,20.8,27.6,5.3
48305,36145,19.7,30.4,6.1
48307,32469,22.2,37.8,5.4
48309,39620,21.3,29.4,6.6
48311,44541,11.9,19.2,2.4
48313,35189,23.3,30.2,7.1
48315,32173,23.7,35.4,9.1
48317,44863,16.2,24,4.5
48319,38802,16.2,30.6,5.2
48321,39874,19.9,28.4,10.1
48323,27710,39.9,53.2,12.5
48325,47099,17.5,27.1,6.5
48327,30277,24,40.9,6.3
48329,53482,14.4,22.3,3.9
48331,36799,19.8,29.8,8.6
48333,36108,17.2,27.8,5.4
48335,34877,23.3,28.3,6
48337,42415,16.1,24.8,5.4
48339,65483,11.5,16,5.9
48341,44680,15,23.2,4.3
48343,34451,19.2,31.7,9.7
48345,35672,16.7,25.2,5.9
48347,35854,25.5,33.3,6.6
48349,37864,21.5,33.1,7.3
48351,36429,23.3,31.6,11
48453,51905,18.8,24.5,5.5
48455,34045,18.2,32,8.2
48457,37914,19.9,28.3,10.7
48459,42508,16.3,25.5,6.7
48461,47407,15.7,23.2,4.1
48463,31941,26.4,42.3,7.9
48465,36647,26.8,39.8,7.6
48467,41476,16.8,23.6,6.9
48469,46566,18.2,28,5.6
48471,37160,25.9,27,6.9
48473,46313,20.4,28.1,7
48475,41625,20.1,27.4,4.8
48477,44245,14.8,23.3,5.6
48479,34878,31.5,41.7,6.5
48481,36097,19.1,26.6,6.8
48483,41228,13.6,21.1,4.4
48485,39299,17.1,22.9,6.1
48487,38913,17.1,25.6,6
48489,28307,36.9,46.8,15.8
48491,66152,7.9,11,5.8
48493,55992,12.1,17.8,5.5
48495,45237,16.4,22.9,5.6
48497,52117,12.5,17.8,6.4
48499,40149,18.3,33.9,7.8
48501,48953,14.8,21.1,4
48503,40490,17.6,26.2,5.7
48505,29915,32.3,46.6,6.3
48507,22948,36.9,51.2,13.5
49001,44077,13.4,18.2,6.1
49003,55534,9.4,12.9,5.8
49005,47367,15.8,16.4,4.5
49007,45244,15.1,19.2,7
49009,41248,6.3,5.6,5
49011,64840,8,10.4,4.9
49013,53196,12.5,15.4,4.7
49015,51205,11.6,16.2,7.2
49017,42668,11.2,20.1,9.5
49019,39726,14.9,25.5,8.4
49021,39980,20.9,27,6.8
49023,51917,12.2,17.4,6.1
49025,43939,12.8,20.4,6.6
49027,45810,13.9,20.1,4.7
49029,71484,5.4,6.7,4.9
49031,35233,20.1,32.5,8.3
49033,51902,11.2,16.3,5.3
49035,56664,13.7,17.8,5.3
49037,37259,25.2,27.5,8.8
49039,39999,18.4,21.6,6.4
49041,44830,14.7,20.5,6.1
49043,74535,7.6,11.9,4.9
49045,60541,9,11.6,6
49047,54090,14.3,17.2,4.4
49049,54385,14.7,13.1,5
49051,61593,7.9,13.1,5.8
49053,48247,14.7,22.1,6.9
49055,42456,15.1,22,10.8
49057,53612,13.7,17.7,6.3
50001,51967,12,14.6,4.5
50003,47161,13.8,21.2,5.9
50005,40219,16.1,21.8,6.2
50007,56016,11.8,11.9,3.7
50009,34947,17.2,26.5,8.3
50011,51296,11.9,15.5,4.6
50013,54907,8.1,14.8,5.8
50015,47994,13.3,16.6,6.5
50017,48008,12.5,17.3,4.7
50019,36515,17,24.4,7.8
50021,43600,13.2,16.7,6.3
50023,51334,10.8,14,4.7
50025,43045,12.8,18.1,5.2
50027,48804,10.2,14,4.6
51001,37312,20.5,28.7,7.9
51003,61845,9.1,10,5.2
51005,43110,13.1,20.4,7.1
51007,49057,11.4,16.8,6.5
51009,42063,13.6,18.9,6.7
51011,44479,14.1,21.8,7.4
51013,93231,7.2,10.4,3.5
51015,50534,9.5,13.2,5.8
51017,41266,11.2,15.7,5.8
51019,51656,9.8,12.9,6
51021,39975,15,18,7
51023,63528,6.5,8.8,5.5
51025,36806,20.5,26.9,10.1
51027,29712,24.8,34.9,9.1
51029,37568,20.5,25.2,8.5
51031,42158,14.3,18.6,6.5
51033,52779,11.2,16.6,7.8
51035,34796,17.6,24.9,8.5
51036,45916,11.9,18.4,7.8
51037,33899,18.6,28.1,8.7
51041,69190,6.9,9,6.1
51043,67962,8.3,10.1,5.2
51045,44882,11.6,17.9,7
51047,56897,10.5,14.8,5.7
51049,39394,17.2,26,7.1
51051,32955,23,26.6,10.6
51053,50535,11.9,16.6,7.6
51057,43125,14.1,23.6,7.3
51059,102726,5.9,7.3,4.5
51061,83176,7.5,9.1,5.1
51063,44188,13.6,19.6,5.7
51065,63869,7.3,9.2,5.2
51067,40931,14.4,21.6,6.6
51069,62173,7.4,11,5.8
51071,40773,13.4,18.9,7.3
51073,58893,9.9,14.1,5.6
51075,81938,7.7,9.8,5.6
51077,31930,17.1,27.4,9.6
51079,57592,9.7,13.3,5.5
51081,38702,23.9,25.8,8.6
51083,35879,19.3,28.3,9.5
51085,72319,5.3,6.4,5.5
51087,59128,9.8,13.4,6
51089,32669,17.7,27.2,10.5
51091,35793,14.4,22.8,4.9
51093,62224,8.8,12.3,6.3
51095,74241,7.7,10.3,5.7
51097,44277,12.8,19.4,6.6
51099,77200,6.9,9,6.5
51101,64205,7.7,11,6.3
51103,44296,13.9,26.1,7.9
51105,31116,25.5,33.1,8.2
51107,119075,3.7,4.2,4.4
51109,50101,9.9,15.6,6.2
51111,35260,20.5,28.4,7.5
51113,49389,11.7,17.4,4.8
51115,53418,10.2,17.1,5.7
51117,35196,20.2,28.4,9.4
51119,45686,13.6,22.3,6.1
51121,42827,20.5,17.2,5.9
51125,47368,13.1,20.9,5.8
51127,67979,5.8,8.4,5.6
51131,35308,18.7,31.6,9.2
51133,46320,14.4,28.2,8.1
51135,36975,20.8,27.9,6.4
51137,53837,10.7,14.8,6.7
51139,37970,15.7,22.7,10.2
51141,33678,18.7,28.1,9.1
51143,41031,15.9,22.4,7.8
51145,70025,7.1,9.2,5.6
51147,36100,22.8,27,8.5
51149,59346,9.7,12.7,7.4
51153,91290,6.1,8.5,5.3
51155,41184,15.8,23.4,7.4
51157,57499,9.8,15.5,5.4
51159,40596,18.5,23.8,6.4
51161,57720,7,9.4,5.2
51163,44502,12.2,17.1,6.1
51165,49158,10.8,15.3,5.7
51167,34460,18.1,25.2,8.6
51169,33797,18.9,25,7.5
51171,46016,11.7,17.2,6.4
51173,35437,18.7,28,9.6
51175,43232,16.4,20,6.3
51177,72463,7.9,10.5,6.1
51179,93185,5.2,6.8,5.8
51181,46112,12.3,19.7,7.8
51183,37019,22.5,24,9.7
51185,35485,18.5,23.5,8.2
51187,55758,10.3,14.4,6.7
51191,39690,14.1,19.3,6.7
51193,45291,14.7,26.2,7.3
51195,36789,22.2,27.5,8.9
51197,37624,15.8,22.9,7.7
51199,77070,5.3,6.8,5.8
51510,78023,9.3,14.2,4.1
51515,35664,17.4,27.9,0
51520,33149,21.5,33.9,7.3
51530,37629,15.5,22.6,7.9
51540,42686,20.2,22.7,5.1
51550,67674,8,11.4,6.4
51570,48883,9.4,15.1,6.9
51580,33962,15.9,24.4,9
51590,31153,26.6,41.7,10.3
51595,33255,22.8,31.5,10.5
51600,83413,7.1,8.1,4.3
51610,105124,3.1,2.7,4
51620,36454,21.6,33.2,9.9
51630,43460,19.8,23.4,7
51640,32061,22.3,35.9,8.9
51650,50923,13.1,20.3,8.2
51660,37179,30.1,21.9,7.4
51670,37226,17.3,27.5,10
51678,41298,21.4,15,8.8
51680,36397,22.8,29.6,7.5
51683,64274,11.7,17.9,5.6
51685,67948,8.6,13.6,5.3
51690,29887,24,36.1,12.8
51700,49228,15.1,23.3,7.5
51710,41015,19,25.5,7.6
51720,33662,19.5,31.6,7.7
51730,32435,25.2,41.4,11.9
51735,79229,5.4,6.6,5.4
51740,42740,18.3,28.5,8.8
51750,34009,25.6,19.3,7.9
51760,39214,25.3,35,7.5
51770,37486,22.4,33.9,7.2
51775,46636,9.7,13.2,5.9
51790,40855,15.2,23.7,6.4
51800,62419,11.9,17.2,7
51810,63354,8,11,5.7
51820,40256,17.5,27.3,7
51830,46285,18.5,22.7,8.3
51840,41008,19.3,24.7,6.7
53001,41099,20.4,30.4,9.1
53003,39340,15.8,25.5,7.8
53005,59409,12.8,18.4,9.3
53007,45561,14.2,21.7,8
53009,42111,15.5,23.3,10.5
53011,55144,12.7,17.6,9.4
53013,41244,14.6,21,8.3
53015,43031,20.6,28.7,10.7
53017,48113,14.2,21.5,9
53019,35721,21,27.9,15.7
53021,49873,18.8,24.9,9.8
53023,41482,13.9,19.6,7.6
53025,42514,21.7,30.1,9.5
53027,40281,17.9,28.6,13
53029,54714,9.7,14.6,8.1
53031,45600,12,22,10
53033,66147,12.2,15.3,6.3
53035,57107,11.3,14.9,7.9
53037,40376,20.9,18.7,8.8
53039,42510,17.4,29,10.2
53041,40109,16.5,22.2,12
53043,48746,11.7,18.1,7.3
53045,46062,16,22.3,10.9
53047,35682,22,31.9,9.5
53049,37832,17.9,26.7,12
53051,39035,18.9,29.2,12.8
53053,56446,12.3,17.1,9.3
53055,50836,11.8,20.1,6.3
53057,54600,13,20.5,9.7
53059,47804,13.8,19.5,10.6
53061,63391,10,12.9,7.5
53063,46881,14.7,17.7,9.1
53065,41147,17.4,26.9,11.8
53067,60672,10.7,14.2,8.4
53069,44740,13.8,26.1,12.7
53071,43119,15.7,22.2,7.4
53073,49999,14.4,16.3,8.1
53075,39251,24.4,15.7,6.6
53077,40503,23.9,35.4,10.6
54001,31634,17.6,29.8,8.3
54003,50923,12.7,18.2,6.7
54005,38126,18.9,26,10.4
54007,32606,23.6,33.9,10.8
54009,38197,14.7,22.1,8.7
54011,36274,23.3,35.3,6.5
54013,29084,24.2,36.4,11.1
54015,31232,26,37.6,12
54017,34444,20.6,29.7,6.3
54019,30856,22.6,32.4,8.7
54021,31558,29.1,30.6,7.8
54023,36487,17.6,26.2,8.8
54025,35456,20.8,29.4,8
54027,33991,18.4,25.6,7.9
54029,38501,13.6,20.7,9.3
54031,37002,16.3,24.7,10.6
54033,40441,17.3,24.8,6.5
54035,38600,20.2,29.7,8.6
54037,63156,11.1,15.4,5.4
54039,43110,14.8,22.1,6.6
54041,34734,19.2,27.5,7.1
54043,34119,24.2,33.6,10.3
54045,33202,22.3,30.1,9.7
54047,24133,33.6,45.4,12.1
54049,38856,16.8,24.5,6.4
54051,37206,17,25.7,8.1
54053,36279,18.4,27.2,9.9
54055,32366,21.6,31.4,8.4
54057,38629,16.7,24.6,8.5
54059,31915,23.7,31.6,9.7
54061,42247,22.2,17,5.2
54063,34637,17.9,26.1,7.2
54065,40636,13.5,20.9,7.3
54067,35945,18.6,27.6,9.3
54069,38997,16.6,24.5,6.4
54071,36733,15.3,24.5,6.8
54073,40416,15.1,20.5,8.7
54075,31289,19.9,30.5,10.2
54077,42529,15.8,23.6,7.1
54079,52942,10.4,14,6.4
54081,37915,18,25.8,7.3
54083,35176,18.7,29,8.7
54085,35170,19.9,27.5,7.4
54087,31362,23.2,33.4,11.4
54089,29261,23,34,8.9
54091,36846,20.3,28.2,6.8
54093,33915,19.2,25.7,8.1
54095,36122,16.2,25.6,9.2
54097,35893,21.9,30.5,7.8
54099,36360,20.2,27.9,7.6
54101,29083,26.5,40.3,10.7
54103,36390,18.3,27.8,9.4
54105,36037,22.1,34.1,10.9
54107,39456,15.5,25.3,7.3
54109,35872,20,30,9.2
55001,42347,14.9,28.7,10.9
55003,36651,18.9,28.2,9.3
55005,42805,13.6,22,7.9
55007,40155,14.8,25.1,10.8
55009,51330,10.3,14.8,6.6
55011,44088,12,16.8,6.3
55013,38774,15.3,26.6,9
55015,62173,5.4,7.8,5.3
55017,46479,12.3,18.8,6.8
55019,40136,14.8,23.9,7.4
55021,54304,9.5,13.6,7.2
55023,37649,14.3,21.2,8.4
55025,58958,12.3,12.5,4.9
55027,50996,9.2,12.7,7.1
55029,45990,11.2,17.2,10.3
55031,40930,14.2,19.9,6.8
55033,47442,15.2,19.3,6.6
55035,43901,16.7,18.1,5.8
55037,41928,13.6,22.2,8.3
55039,50327,11.6,15.7,6.5
55041,38735,16.9,27.2,11
55043,42256,16,20.6,6
55045,51019,10,14.4,6.2
55047,43571,13.1,24.3,7.5
55049,51738,9.2,13.2,6.7
55051,35532,17.5,26.4,10.5
55053,38812,18.2,27.4,7.3
55055,50963,10.9,15.3,6.7
55057,40228,15.5,25.7,8.4
55059,52028,13.2,19.5,8.1
55061,50099,10,12.9,6.5
55063,47271,12.9,14.2,5.4
55065,46595,11.9,20.4,5.6
55067,37762,13.5,22.5,9.3
55069,45092,11.4,16.9,9.1
55071,48059,11.5,17.1,7.8
55073,50192,11.9,18.7,7.3
55075,38099,14.5,21.4,8.3
55077,43976,11.9,21.4,8.8
55078,31509,29.8,47.9,16.3
55079,40582,21.9,34.6,8.6
55081,44941,15.4,24.1,7.3
55083,44421,12.5,18.3,8.4
55085,44038,11.4,18.5,8.7
55087,55556,9.1,12.3,6.4
55089,73471,5.7,6,5.5
55091,43912,12.3,20.7,5.7
55093,57111,10.8,11.1,5.5
55095,46871,12.5,18.2,8
55097,49652,11.6,13.5,7.3
55099,41116,13.6,21.7,7.5
55101,51712,14.5,20.5,8.4
55103,40685,14.8,24.4,6.3
55105,47128,14,21,8.3
55107,35757,19.6,32.1,9
55109,64990,6.8,8.2,5.7
55111,47531,11.4,16.9,6.9
55113,37858,18,32.4,10.7
55115,45139,13.6,20.4,8
55117,50397,9.9,14.6,6.8
55119,43942,13.8,21.5,7.2
55121,43425,13.6,19.4,5.7
55123,45059,14.7,26.4,6.4
55125,37154,14.4,24.6,10
55127,52823,12.8,17,7.2
55129,38474,14.5,25.7,7.9
55131,61955,6.3,8.5,6.1
55133,71176,6.1,7.2,5.8
55135,47121,11.2,17.3,7.6
55137,42590,14.6,23.2,8.7
55139,49166,12,13.1,6.7
55141,45226,11.7,17.8,7.5
56001,40430,20.7,15.5,4.3
56003,44137,13,17.7,5.6
56005,76441,6.8,8.9,4.6
56007,52935,12.4,16.3,5.2
56009,58599,10.4,14.4,4.3
56011,53961,8.2,11.3,4.9
56013,45998,13.8,20.4,6
56015,41226,17,23.5,4.7
56017,40126,11.7,15.6,4.7
56019,56475,9.8,13.6,5.3
56021,50278,12,16.2,5.8
56023,58175,9.4,13.4,7.1
56025,52101,10.3,15.1,5.1
56027,40683,14.8,20.5,3.8
56029,50058,12,17.3,5.5
56031,44288,12,18,4.9
56033,51926,10.2,13.8,6.2
56035,73855,6,7.8,4.9
56037,67508,9.1,13.2,4.8
56039,68358,9,14,6.7
56041,60532,11.2,14.1,5.6
56043,47831,12.1,15.6,5.2
56045,48653,9.9,12.8,4.1
2230,58550,4.2,6.8,14.2
2275,42752,13.1,19.8,8.2
2198,40756,17.2,23.9,13.3
