FIPS,P_NOHS,P_HSONLY,P_SOMECOLLEGE,P_BACHELORS
max,53.7,54.8,47.8,78.8
1001,12.8,33.5,30.4,23.2
1003,10.5,28.8,31.8,29
1005,26.7,34.5,26.3,12.5
1007,19.3,42.1,27.9,10.6
1009,21.5,33.4,32.2,12.9
1011,35.1,33.3,17.7,13.9
1013,22.2,37.7,25.6,14.5
1015,19.1,31.8,31.5,17.6
1017,21.1,38.4,29,11.6
1019,20.5,36.4,29.3,13.8
1021,21.6,39.2,25.1,14.1
1023,23.6,36.8,27.8,11.8
1025,19.5,43.9,23.7,12.9
1027,24.9,36.3,29.2,9.6
1029,24.9,38.3,24.8,12.1
1031,15.4,29.5,31.3,23.9
1033,16.1,34.5,30.7,18.6
1035,21.9,44.5,25.4,8.2
1037,25.9,37.6,28,8.5
1039,20.2,33.6,31.9,14.3
1041,22,38,25.7,14.3
1043,18.2,34.7,32.6,14.6
1045,14.6,32.2,36.8,16.4
1047,21.9,34.6,29.4,14
1049,27.6,35.2,26,11.2
1051,13.4,35.4,29.8,21.4
1053,20.1,42.1,25.2,12.5
1055,17.5,31.9,34.5,16
1057,22.4,38.8,24.6,14.1
1059,25.4,37.5,25.7,11.4
1061,21,37.1,29.6,12.3
1063,24.1,38.9,26,10.9
1065,19.3,42.9,23.9,13.9
1067,21.2,35.5,26.8,16.5
1069,15.3,33.1,31,20.6
1071,23.1,39.8,24.6,12.4
1073,11.6,26.5,31.2,30.8
1075,22.6,37.1,28.8,11.5
1077,15.7,34.1,28.4,21.8
1079,21.1,40.6,27.1,11.1
1081,11.4,25.5,29.1,34
1083,16.9,32.1,27.8,23.2
1085,25.9,35.3,24.7,14.1
1087,18.6,30.9,31.2,19.3
1089,9.3,21.3,30,39.4
1091,15.4,42,27.4,15.3
1093,21.9,34.5,32.1,11.5
1095,22.5,31.9,29,16.6
1097,14.7,32.8,30.5,22
1099,19.2,44.7,23.9,12.2
1101,14.6,26,28.2,31.1
1103,17.2,31,30.5,21.3
1105,25.4,38.6,22.7,13.2
1107,21.3,42.2,26.6,9.9
1109,20.3,33.9,22.5,23.4
1111,24.3,35.6,25.1,15.1
1113,17.7,31.4,33.8,17.1
1115,16.8,35.5,32,15.6
1117,8.6,21.4,29.2,40.8
1119,21.7,40.5,21.5,16.3
1121,20.7,36.3,29.9,13.1
1123,20.2,34.4,28.1,17.3
1125,13,30.5,28,28.5
1127,21.7,36.5,31,10.8
1129,19.5,46.1,24.5,9.9
1131,22.6,41.3,23.5,12.5
1133,25.6,33.7,29.3,11.4
2013,18.3,39.4,28.2,14
2016,16,37,32.2,14.7
2020,7,24.1,35.6,33.2
2050,21,43.6,23.7,11.6
2060,8,30.7,41.3,20
2068,4.8,23.9,38,33.3
2070,13.5,38.1,32.2,16.2
2090,5.6,23.4,39.2,31.7
2100,4.6,27.7,32.1,35.6
2110,5.2,21.1,35.2,38.5
2122,6.6,33.1,37.5,22.8
2130,8.1,32.8,35.3,23.8
2150,9.6,27.3,38.4,24.7
2164,12.7,42.9,31.5,12.9
2170,7.7,31.6,39.9,20.7
2180,15.4,41.3,29.2,14.1
2185,11.3,36.8,38,13.9
2188,21.3,43.6,24.5,10.6
2220,7.2,22.1,39.5,31.2
2105,9.6,31.3,32.4,26.6
2240,7.9,33.2,41,17.9
2261,7.5,27.2,36.6,28.7
2270,0,0,0,0
2195,6,31.2,37.4,25.3
2282,5.5,44.7,34.5,15.3
2290,17.8,40.1,31,11.2
4001,23.2,33.4,32.6,10.8
4003,13.4,23.4,40.4,22.9
4005,11.6,21.3,33.5,33.6
4007,16,30,37.3,16.7
4009,15.2,32.9,38.7,13.2
4011,14.3,37.5,37.4,10.8
4012,24.1,36.6,29.4,9.9
4013,13.2,23,33.3,30.4
4015,16,35.7,36.5,11.8
4017,18.5,29.5,37.2,14.7
4019,12.4,22.8,34.5,30.3
4021,15,30.1,36.9,18
4023,26.8,25.3,25.9,22
4025,10.3,25.6,38.4,25.6
4027,28.9,25,31.7,14.4
5001,17.9,42.5,27.2,12.4
5003,15.1,41.4,30.3,13.2
5005,12.6,35.6,34,17.9
5007,13.2,30.8,25.8,30.2
5009,14.2,35.9,35.2,14.7
5011,20.5,42.1,24.5,13
5013,19.3,49.3,21,10.4
5015,16.8,35,31.5,16.7
5017,21.1,44.6,23.3,11.1
5019,13.2,33.6,29.4,23.9
5021,21.4,43.8,23.9,11
5023,15,39.2,29,16.8
5025,13.8,44.8,26.1,15.4
5027,15.8,38.2,25.9,20
5029,15.7,42.1,25.7,16.5
5031,12.5,32.8,29.3,25.4
5033,14.5,38.7,32.3,14.5
5035,18.9,36.3,28.3,16.4
5037,19.9,45.8,20.6,13.7
5039,16.9,50.5,19.5,13.1
5041,22.5,40.4,25.1,11.9
5043,17.4,35.5,26.6,20.5
5045,9.1,30.6,31.9,28.3
5047,17.9,40.4,29.4,12.3
5049,14.5,43,31.9,10.6
5051,11.9,32.2,34.6,21.4
5053,11.1,43.1,28.7,17.1
5055,16.1,43.1,25.5,15.4
5057,21.9,38,27.9,12.2
5059,15.2,42.1,29.6,13
5061,22,33.5,29.4,15.1
5063,17.1,38.9,28.2,15.9
5065,17.9,40,29.4,12.7
5067,23,45.3,22.8,8.8
5069,15.2,38.7,28.6,17.5
5071,20.7,41.1,21.1,17.1
5073,21.6,43.3,23.3,11.8
5075,17.9,42.7,26.5,12.9
5077,31.2,39.5,21.4,7.9
5079,21.6,48,21.5,8.9
5081,15.2,40.6,34.3,10
5083,17.5,43.7,26.2,12.6
5085,12.8,34,34.1,19.1
5087,21.6,46,21.7,10.7
5089,14.6,43.4,28.8,13.2
5091,14.8,39.3,31.7,14.3
5093,20.4,36.6,29.9,13.2
5095,23.1,41.2,26.3,9.4
5097,19.6,37.6,30.4,12.3
5099,16.6,42.8,26.4,14.1
5101,18.1,42.4,25,14.6
5103,13.9,43.2,26.8,16.1
5105,18.7,42.1,27.7,11.5
5107,24.6,31.7,33,10.8
5109,18.5,35.6,31.4,14.6
5111,23.1,42.6,26,8.4
5113,14.9,39,34.1,12
5115,17.3,33.2,28.6,20.9
5117,20.7,41.8,27.1,10.3
5119,10.3,27,29.8,32.9
5121,17.5,39.3,29.8,13.4
5123,21.5,39.7,27.4,11.4
5125,11.4,33.9,31.7,23
5127,22.7,39.6,26.1,11.6
5129,18.1,40.2,27.8,13.9
5131,17.8,31.9,31.1,19.2
5133,30.8,34.9,26.4,7.9
5135,16.8,45.9,27.4,9.9
5137,20.9,35.4,27.8,15.9
5139,16.6,37.7,28.2,17.5
5141,18.1,42.7,27,12.3
5143,16.5,27.9,25.2,30.5
5145,16.7,37.6,26.2,19.5
5147,26.5,44.5,18.6,10.4
5149,24.2,40.6,22.6,12.6
6001,13.1,18.5,25.5,43
6003,10.5,30.6,31.4,27.5
6005,11.6,27,40.1,21.3
6007,12,22.6,39.5,25.9
6009,8.4,27.6,43.2,20.9
6011,31.8,21.7,31.9,14.6
6013,11.1,18.7,30.6,39.6
6015,20,29.1,35.7,15.1
6017,7.7,21.8,38.4,32.1
6019,26.5,22.8,31.3,19.4
6021,25,29.6,30.6,14.9
6023,10.2,25.2,36.6,28
6025,33.7,21.9,30.4,14.1
6027,12.4,30.9,32.9,23.9
6029,26.6,27.3,30.8,15.4
6031,27.8,24.8,34,13.4
6033,15.6,28.3,40.1,16
6035,20.1,28.8,38.9,12.3
6037,22.7,20.7,26.3,30.3
6039,29.2,25.1,32.4,13.3
6041,7.1,11.8,25.3,55.8
6043,10.5,28.5,38.9,22.1
6045,13.2,26.5,36.6,23.7
6047,32.1,24.8,29.9,13.1
6049,13.2,26.1,42.7,18
6051,15.1,16.8,35.8,32.3
6053,29.3,20.8,26.8,23.1
6055,16.8,19.3,31.5,32.4
6057,6.1,20.2,40,33.7
6059,15.7,17.7,28.8,37.7
6061,5.9,19.4,38.2,36.4
6063,9.5,23.9,44.7,22
6065,19.9,25.8,33.3,20.9
6067,13.4,22.3,35.6,28.8
6069,22,24.4,34.6,19
6071,21.4,26.2,33.4,19
6073,14,19,31.3,35.7
6075,13,12.7,20.5,53.8
6077,22,26.4,33.2,18.4
6079,10.3,19.7,37,33
6081,11.7,16.5,26.2,45.6
6083,20.4,17.7,29.7,32.2
6085,13,15.2,23.9,47.9
6087,14.4,15.5,31.9,38.2
6089,10.7,25.8,43.8,19.6
6091,7.4,34.5,39.3,18.9
6093,11.6,24.9,40.9,22.7
6095,12.5,23.8,38.7,24.9
6097,12.9,19.9,34.4,32.9
6099,22.8,28.3,32.4,16.5
6101,21.5,24.8,36,17.6
6103,17.7,30.5,37.4,14.4
6105,9.2,31,39.8,20
6107,31.6,25.2,29.3,13.8
6109,9.7,29.7,40.2,20.4
6111,16.9,19,32.4,31.7
6113,14.5,19.7,26.8,39
6115,19.2,25,41.5,14.3
8001,17.7,28.8,31.3,22.2
8003,15.2,25.9,33.5,25.5
8005,8,20.4,31.5,40.1
8007,8.4,26,30.5,35
8009,12.8,31.6,36.6,19
8011,23.8,44.5,24.7,7
8013,5.9,12.7,22.5,58.9
8014,4.3,14.7,29.1,51.9
8015,8.9,26.7,30.3,34.1
8017,9,33.6,34.9,22.5
8019,3.2,22,33.3,41.5
8021,15.3,32.8,32.4,19.5
8023,24.1,27.4,30.6,17.9
8025,16.6,39.1,33.2,11.1
8027,6.5,18.7,39.3,35.5
8029,11.1,37.5,31.4,20
8031,13.9,17.7,23.5,45
8033,10.8,37.8,30.5,21
8035,2.3,12.9,28.2,56.6
8037,10.9,17.9,24.5,46.7
8039,4.1,27,38.3,30.6
8041,6.2,21,36.9,35.9
8043,13.2,39.2,32.3,15.2
8045,14.1,26.1,30.1,29.7
8047,4.2,24.4,39.3,32.1
8049,5.5,25.5,32.5,36.4
8051,4.9,17,23.6,54.4
8053,5,21.5,33.2,40.4
8055,11.6,27,34.3,27.1
8057,12.4,41.5,28,18.1
8059,6,21.3,31.1,41.6
8061,9,34.3,36.5,20.3
8063,16.5,38.5,31.7,13.3
8065,8,35.5,29.1,27.4
8067,5.3,19.4,31.9,43.3
8069,4.7,19,32.1,44.3
8071,15.7,28.3,39,17
8073,20.3,42.2,22.4,15.1
8075,13.2,31.3,39.7,15.8
8077,10.1,29.1,34.5,26.3
8079,2.1,21.4,34.1,42.3
8081,10,40.3,34.4,15.3
8083,10.2,29,34,26.7
8085,12.6,31.6,31.3,24.5
8087,19.8,32.1,33.2,14.9
8089,15.2,28.9,40.3,15.6
8091,1.9,19.4,26.7,52
8093,4.3,25.5,41,29.2
8095,11.8,29.1,37.8,21.2
8097,4.9,11.5,24.6,59.1
8099,18.6,27.8,40,13.5
8101,12,29,37.3,21.6
8103,8.9,33.7,35.4,22
8105,16.8,29.5,31.8,22
8107,3,20.5,26,50.4
8109,21.3,24.7,26.9,27
8111,7.6,33.5,29.7,29.1
8113,5.5,18,22.7,53.9
8115,9.3,35.1,35.1,20.6
8117,5.2,17.2,28.8,48.8
8119,7,24.8,36.4,31.8
8121,9.1,35.1,39.5,16.3
8123,13.3,27,33.7,26.1
8125,11.6,31.7,35.2,21.5
9001,10.3,22.6,21.3,45.8
9003,11.1,27.1,25.4,36.3
9005,8.6,29.3,28.5,33.6
9007,6.3,26.8,26.4,40.6
9009,10.9,30.2,24.9,34
9011,8.7,31.2,27.9,32.1
9013,6.5,27.4,28,38
9015,11.7,34.3,30.8,23.1
10001,13.6,33.5,30.3,22.5
10003,9.8,28.6,26.5,35
10005,14.5,35.3,27,23.2
11001,10.7,18,16.8,54.6
12001,7.4,21.5,29.5,41.6
12003,18.3,43.8,26.3,11.5
12005,12,30.6,35.1,22.2
12007,23.5,37,28.7,10.9
12009,9.3,28.8,34.6,27.3
12011,11.8,27.6,29.8,30.8
12013,24.8,37.5,27.3,10.5
12015,10.7,34.9,33.6,20.8
12017,13.4,38.2,31.5,16.9
12019,9.7,30.7,35.9,23.8
12021,14,26.7,26.1,33.2
12023,14.3,36.1,34.4,15.1
12027,29.2,40.9,20.2,9.7
12029,21.2,41,29.9,7.9
12031,11.4,28.6,32.7,27.3
12033,10.4,28.9,36.2,24.5
12035,9.1,34.7,33.3,23
12037,21.1,35.4,27.9,15.5
12039,22,34.6,26.5,17
12041,17.1,38.8,32.7,11.4
12043,23.1,44.5,24,8.4
12045,18,34.7,31.4,16
12047,26.3,37.4,26.3,9.9
12049,30.7,41.1,17.5,10.7
12051,37,32.2,21,9.8
12053,12.9,37.5,33.9,15.6
12055,17.4,36.3,29.6,16.7
12057,12.5,27.3,29.6,30.6
12059,24.2,36.9,27.6,11.3
12061,11.7,30.3,31.2,26.8
12063,20.7,36.5,29.1,13.7
12065,20.1,31.5,29.9,18.5
12067,24.5,36.7,27.1,11.6
12069,12.6,33.5,32.4,21.5
12071,13,31.6,29.4,26
12073,7.7,19,28.3,45
12075,18.5,40.9,29.7,10.9
12077,22.8,43.5,22.6,11.2
12079,18,39,31.7,11.3
12081,12.1,30.7,29.5,27.7
12083,14,36.6,31.6,17.8
12085,10.2,26.1,32.1,31.6
12086,19.9,28.5,24.7,26.9
12087,9.1,27.9,31.7,31.3
12089,10.4,35.5,31,23
12091,8.8,26.2,36.2,28.8
12093,29.7,37,22.7,10.6
12095,12.4,26.1,30.4,31.1
12097,14.8,34.3,33,18
12099,12.2,25.5,28.7,33.6
12101,12,33.7,32.9,21.4
12103,10,29.5,31.7,28.9
12105,16.5,36.2,28.5,18.9
12107,21.5,38.8,27.8,11.8
12109,6.1,21.2,30.5,42.1
12111,14.6,33.4,32.2,19.9
12113,9.6,28,35.8,26.6
12115,7.6,30.2,29.7,32.4
12117,7,24.1,33.6,35.3
12119,10.5,30.6,30.9,28
12121,21.2,40.8,26.4,11.6
12123,23.7,39.2,28.1,9
12125,25.9,37.4,28.9,7.8
12127,11.3,33.8,33.3,21.6
12129,11.1,39.4,33.4,16.1
12131,14.8,28.1,31.2,25.9
12133,19.7,41.3,27.9,11.1
13001,23.8,42.8,20.3,13.1
13003,30.5,39.2,22.5,7.8
13005,22.5,40.5,24.3,12.8
13007,19.7,42.2,29.5,8.6
13009,17.4,39,25.8,17.7
13011,21.9,45.5,21.4,11.2
13013,18.1,35,30.4,16.5
13015,18.3,35,28.9,17.8
13017,20.3,41.7,27.1,10.9
13019,18.7,38,30.8,12.5
13021,16.8,32.6,26.8,23.8
13023,15.9,44.8,22.8,16.5
13025,21,45.6,25,8.4
13027,22,38,28.3,11.7
13029,10.4,27.6,30.9,31.1
13031,13.2,28,29.8,29
13033,22.4,39.9,28.1,9.6
13035,23.9,43.8,22.2,10.1
13037,27.2,38.6,24.3,9.9
13039,8.8,31.4,38.7,21.1
13043,26.2,34.9,23.6,15.4
13045,19.7,35.8,26.6,17.9
13047,15.8,31.7,33.9,18.6
13049,25.4,41.8,22.8,10
13051,11,25.5,30.9,32.6
13053,8.2,27,39.1,25.7
13055,29.3,39.7,22.2,8.8
13057,10.6,24.8,30,34.7
13059,13.7,21.8,24.3,40.2
13061,20.3,44.8,27.1,7.8
13063,17.5,32,32.1,18.3
13065,26.8,35.4,24.3,13.5
13067,9,19.5,27.4,44.1
13069,22.6,39.1,24.7,13.7
13071,27.2,36.7,23,13.1
13073,8.2,23.8,32.7,35.3
13075,24.8,39.5,22.9,12.9
13077,11.6,31.6,29.2,27.6
13079,21.7,35.6,29.9,12.8
13081,21.8,35.7,27.9,14.6
13083,19.7,35.5,30.7,14.1
13085,14.2,29,29.2,27.6
13087,20.2,34.9,29.1,15.8
13089,11.7,21,26.2,41.1
13091,19,42.1,24.2,14.7
13093,25.1,43.4,22.3,9.2
13095,19.1,29.3,32.8,18.9
13097,12.2,31.2,30.6,26
13099,20.9,38.1,25.8,15.2
13101,28.5,36.2,27,8.3
13103,14,38.2,30.8,16.9
13105,23.2,45.7,20.5,10.6
13107,23.5,40.2,25.5,10.8
13109,25.7,37.9,21.1,15.4
13111,19.1,38.8,26,16.2
13113,6.1,21.5,28.6,43.8
13115,21,31,29.4,18.6
13117,8,19.3,27.1,45.6
13119,25.4,38.3,23.7,12.6
13121,9.1,18,23.6,49.3
13123,21.9,35.5,25.9,16.7
19023,7.8,40.8,36.3,15.2
19025,7.6,37,37,18.4
19027,7.7,40.6,31.7,20.1
19029,8.2,44.3,27.7,19.9
19031,7.4,37,34.1,21.5
19033,6.4,31.8,39.7,22.2
19035,9.4,35.6,36.2,18.8
19037,10.3,43.2,31.5,15
19039,11.4,44.6,30.2,13.9
19041,6.7,36.9,37.1,19.3
19043,8.1,44.5,30.5,16.8
19045,8.5,36.3,35.6,19.6
19047,22.5,35.8,28.2,13.5
19049,5.1,21.1,29.6,44.2
19051,14.2,37.4,31.6,16.8
19053,12.9,38.6,28.7,19.8
19055,10.1,44.1,31,14.8
19057,8.6,35.6,35.8,20
19059,5.2,29.6,37.8,27.4
19061,7.9,35.4,28,28.7
19063,10.6,34.6,38.5,16.2
19065,10.5,39.5,31.5,18.5
19067,12,35.5,34.3,18.2
19069,11.9,38.1,33.4,16.7
19071,7.7,36.4,34.3,21.5
19073,8.4,35.7,37.3,18.6
19075,5.2,35.3,36.8,22.7
19077,8,39.3,33.5,19.2
19079,9,33.2,37.9,19.9
19081,7.9,36.4,37.6,18.1
19083,9.2,34.9,37.6,18.2
19085,9.2,38.1,35.4,17.4
19087,8.2,37.3,35.7,18.8
19089,11.5,44,31.7,12.8
19091,8,37.1,37.2,17.6
19093,8.3,40.1,32.2,19.3
19095,7.2,38.4,33.7,20.7
19097,9.3,44.8,30.6,15.3
19099,7.7,39.7,34.5,18.2
19101,5.7,30.4,32,31.9
19103,5.2,17.1,26.4,51.3
19105,7.9,39.6,35.9,16.6
19107,9.5,42.8,32.2,15.5
19109,6.1,38,36.8,19.1
19111,8.5,41.7,34.3,15.5
19113,5.6,27.2,35.8,31.5
19115,17.6,37.3,31.9,13.2
19117,9.2,44.9,30.9,14.9
19119,9.6,37.1,32.6,20.8
19121,6,38.9,33.4,21.7
19123,8.5,37.6,31.1,22.7
21121,29.7,40.7,18.6,11
21123,17.1,43.1,29.6,10.3
21125,23.9,37.9,26,12.3
21127,22.6,41.5,24.1,11.9
21129,28.6,42.5,21,7.9
21131,34.9,33.8,22.7,8.6
21133,26.5,36.1,25.6,11.8
21135,26.4,42.2,20.6,10.9
21137,22,44.5,22.9,10.6
21139,17,46.9,25.7,10.4
21141,21.7,40.3,24.8,13.2
21143,12.4,39,30.8,17.8
21145,12.1,31.3,33.6,23
21147,27.6,40.5,24.9,7
21149,18.3,39.9,30.8,10.9
21151,14.1,29.5,27.8,28.6
21153,31,37.8,22.6,8.5
21155,18.4,44.8,23.4,13.4
21157,13.9,41,29.3,15.8
21159,28.1,39.5,25.8,6.5
21161,16.8,38.3,28.9,16
21163,13.5,39.8,31.8,14.8
21165,26.1,39.1,24.1,10.7
21167,15.4,38.8,27,18.8
21169,24.2,40.9,23.3,11.6
21171,25.2,41.8,18.8,14.1
21173,17.6,39.1,26.2,17.1
21175,27.3,36.2,24.6,11.8
21177,22.4,42.1,25.1,10.4
21179,12.8,42,29,16.2
21181,20.8,40.7,27.4,11.2
21183,21.7,42.8,25.8,9.7
21185,7.8,23,29.8,39.4
21187,16.1,47,24.7,12.2
21189,32,34.6,16.8,16.6
21191,16.1,47.9,25.2,10.8
21193,26.9,32.2,26.9,14
21195,26.5,36.4,23.8,13.3
21197,25.9,40.7,20.4,13
21199,19,41.2,25.3,14.4
21201,25.4,36.1,22.5,16
21203,24.1,43.2,22.9,9.8
21205,18,31,24.1,26.9
21207,25.2,36.6,25.8,12.4
21209,10.9,30.7,30.6,27.8
21211,13.8,31.8,30.6,23.8
21213,15.5,42.6,26.8,15.1
21215,12.2,35.6,33.8,18.5
21217,17.5,40.6,26.2,15.8
21219,22.6,41.9,24.7,10.8
21221,17.3,30.1,34.9,17.6
28095,22.9,33.8,28.7,14.6
28097,26.8,32.1,25.3,15.8
28099,22.3,32.7,31.6,13.5
28101,17.5,30.1,36.6,15.8
28103,34.7,30.5,22.9,11.9
28105,13.8,19.3,24,43
28107,19.5,36.7,28.9,14.9
28109,18,31.4,36.6,13.9
28111,18,41.3,32.3,8.3
28113,19.5,34.5,29.7,16.3
28115,22.6,34.7,29.8,13
28117,23.8,33.9,30.3,11.9
28119,32.6,29.1,25.4,12.9
28121,10.3,26.9,33.8,29
28123,29,34.4,25.3,11.2
28125,22.5,30.6,26.8,20
28127,20.4,38.9,28,12.7
28129,18.5,42.2,26.3,13
28131,16.4,34.4,35.7,13.4
28133,28.6,28.3,28.8,14.4
28135,35.9,32.1,23.4,8.5
28137,20.2,29.6,33.5,16.7
28139,24.9,32,30.2,12.9
28141,22.9,38.3,27.5,11.2
28143,23.8,30.6,28.3,17.3
28145,23.8,33.3,29.1,13.8
28147,21.8,41,26.3,11
28149,14,30.1,31.6,24.4
28151,23.2,30.1,27.8,18.8
28153,23.4,36.4,26.6,13.6
28155,17.3,34.5,31,17.2
28157,29.1,36.1,20.2,14.5
28159,22.4,31.5,29.7,16.5
28161,21.7,38.5,27.5,12.4
28163,24.5,36.2,26,13.3
29001,11.4,33.9,24.6,30
29003,9.5,40.5,26.7,23.3
29005,10.1,42.1,25.1,22.7
29007,16,46.9,25.5,11.5
29009,18.4,41.3,26.2,14
29011,13.1,39.5,30.7,16.7
29013,15,43.3,28.6,13.1
29015,15.2,44.8,28.7,11.3
29017,20.9,45.4,23.7,10
29019,6.6,20.2,25.9,47.3
29021,12.7,36.8,31,19.5
29023,18.8,36.7,30,14.6
29025,11.4,44,27.1,17.4
29027,14.3,38.3,27,20.4
29029,12.3,36,30.7,21
47141,16.1,37.8,22.7,23.3
47143,24.4,38.1,24.7,12.9
47145,15.2,36.6,29.9,18.4
47147,13.8,38.4,30,17.8
47149,9.7,29.6,30.6,30.1
47151,22.7,47.6,20.8,9
47153,18,40.2,28.9,13
47155,17.6,37.5,28.5,16.4
47157,13.1,27.1,29.5,30.2
47159,18.3,48,23.6,10.2
47161,13.4,42,30.4,14.2
47163,14.5,34.8,28.7,21.9
47165,10.8,32.8,31.8,24.6
47167,14.4,39,31.6,15
47169,21.3,42.8,21.6,14.3
47171,20.8,41.6,25.2,12.4
47173,25.6,44.2,21,9.1
47175,20.3,50.1,17,12.6
47177,21.9,42.5,22.1,13.5
47179,11.9,30.7,26.9,30.6
47181,23.5,43.6,24.1,8.8
47183,16.1,39.8,23.6,20.4
47185,18.9,45.3,23.8,12.1
47187,4.7,16.4,23.2,55.7
47189,10.6,32.1,29,28.3
48001,20.2,36.9,31.5,11.3
48003,25.6,33.6,29.2,11.7
48005,20.8,31.6,32.3,15.2
48007,15.8,30.9,33.8,19.5
48009,11.2,36.5,31.6,20.6
48011,9.3,24.3,43.4,23
48013,24.2,36,25.8,14
48015,15.6,30.3,34,20.1
48017,31.8,32.4,28,7.8
48019,14.2,29.2,34,22.6
48021,19.3,30.4,32.3,17.9
48023,11.6,31.7,30.8,25.8
48025,27.4,33.1,29.8,9.7
48027,10.1,28.2,38.5,23.1
48029,16.7,25.2,31.4,26.7
48031,11.1,30.7,29.8,28.4
48033,6.3,28.9,32.9,31.9
48035,18.2,34.7,30.1,17
48037,12.7,36,33,18.2
48039,14,25.7,31.8,28.6
48041,14.6,20.4,26.1,38.9
48043,11.9,21.4,27.6,39.1
48045,24.2,25.6,28.4,21.8
48047,29.4,37.6,21.3,11.7
48049,14.6,37.9,29.6,17.9
13125,20.7,44.6,26.6,8.1
13127,12.7,28.2,31.8,27.3
13129,24,35.7,26.6,13.7
13131,24.4,36.8,25.6,13.3
13133,18.1,35.6,21.6,24.7
13135,12.8,23.4,29.2,34.7
13137,21.8,34,26.7,17.5
13139,22,28.1,27.2,22.7
13141,27.4,40.6,21.7,10.3
13143,21.6,37.7,26.6,14.1
13145,10.4,27.4,35.5,26.6
13147,19.5,37.9,29,13.6
13149,23.5,43.2,23.2,10.1
13151,10.4,30.5,32.1,27
13153,10.4,30,36.1,23.5
13155,14.9,44.2,30.2,10.6
13157,17.3,34.3,29.2,19.2
13159,21.3,40.2,26.6,11.9
13161,21.3,40.2,28.9,9.7
13163,27.2,41.2,21.6,10.1
13165,28.8,36.8,22.2,12.2
13167,24.3,39.3,27.4,8.9
13169,13.3,37.3,29.7,19.7
13171,15.3,37.9,29.7,17.1
13173,23.6,30.5,33.2,12.7
13175,18.9,43.6,22.4,15.1
13177,13.2,28.6,34.9,23.2
13179,10,31.5,39.8,18.7
13181,18.7,42.2,26.9,12.1
13183,14.8,36.9,33.2,15
13185,16.2,28.3,32,23.5
13187,15,28.6,28.3,28.1
13189,23.1,38.6,24.1,14.2
13191,18.6,35.8,32.5,13.1
13193,28.3,37.8,26,7.9
13195,18.4,39.9,26.1,15.6
13197,24.4,37.5,25.9,12.2
13199,26.4,39,25.3,9.3
13201,20.4,40.3,26.4,12.8
13205,25.9,39.8,23,11.4
13207,18.3,35.4,25,21.3
13209,19.5,42.3,23.6,14.6
13211,17.6,34.8,25.5,22.1
13213,30,36.8,22.9,10.3
13215,13.6,27.7,34.6,24.1
13217,15.7,32,32.1,20.2
13219,6.8,21.3,27,44.9
13221,20.8,36.1,25.9,17.2
13223,10.4,35.6,30.2,23.8
13225,14.9,30.1,34.1,20.9
13227,16.6,30.8,27.5,25.1
13229,20.1,39.3,26.3,14.2
13231,13.1,39.2,31.7,16
13233,24.8,38.1,24.1,13.1
13235,19.1,43.6,25.2,12.1
13237,15.5,39,28,17.5
13239,26.9,40.7,25.7,6.7
13241,13.9,34,26.2,25.9
13243,27.1,35.3,22.9,14.7
13245,16.7,31.1,31.7,20.4
13247,13.9,31.2,29.4,25.5
13249,22.8,34.4,28.1,14.7
13251,19,42.2,25.5,13.3
13253,17.4,40.3,27.2,15.1
13255,21.1,36.5,26.6,15.9
13257,20,38.3,25.6,16.2
13259,39,35.6,14.7,10.8
13261,23.5,31.4,26.1,19
13263,22,43.3,21.1,13.7
13265,31,43.9,15.1,9.9
13267,26.4,38,24.7,11
13269,24.5,36.5,27.9,11.1
13271,26.4,49.3,14.9,9.3
13273,30,31.5,27.3,11.2
13275,18.9,32.7,29.2,19.2
13277,20.4,33.6,29.3,16.8
13279,20.8,39.2,24.4,15.7
13281,11.5,34.9,31.3,22.4
13283,22.9,41.6,20.8,14.8
13285,16,35.8,29.5,18.7
13287,25.9,35.9,26.5,11.7
13289,31.6,38.7,19.9,9.7
13291,12.2,33.4,32.5,21.9
13293,23.4,35.4,29.1,12.1
13295,20,37.2,28.1,14.7
13297,14.7,35.6,31.8,17.9
13299,18.7,40.8,27.7,12.9
13301,28.9,42.3,16.3,12.5
13303,22,41.5,23.6,12.9
13305,17.9,42.1,26.9,13.1
13307,24.3,46.3,21.8,7.6
13309,23.1,54.8,16.4,5.6
13311,14.7,31.2,33.4,20.7
13313,31.4,28.9,25.6,14
13315,22.3,50,19.3,8.5
13317,20.3,43.4,20.6,15.7
13319,18.7,51.2,22.6,7.4
13321,25.4,41.1,24.2,9.4
15001,8.7,31.9,32.6,26.8
15003,9.1,26.4,31.8,32.7
15005,11.5,29.5,24.4,34.6
15007,8.4,30,33.6,28
15009,8.5,31.2,34.2,26.1
16001,5.8,21.4,35.8,37.1
16003,11.5,35.4,31.6,21.5
16005,8.4,26.6,38.6,26.4
16007,6.8,39,35.1,19.1
16009,14,40.8,31.9,13.3
16011,14.8,29.4,38.3,17.5
16013,9.7,18,29.4,42.9
16015,5.9,27.8,41.3,25.1
16017,8.8,31.4,38.9,20.9
16019,8.9,27.5,36.4,27.2
16021,11.5,36.8,35.7,16
16023,10.3,36.5,37.6,15.6
16025,12.9,27.8,40.9,18.3
16027,16.8,32,33.4,17.7
16029,8.6,35.5,36.6,19.3
16031,20.1,26.9,35.2,17.8
16033,27.1,34.1,23.7,15
16035,13.6,34,35.5,16.9
16037,9.2,34.8,28.9,27.1
16039,14.4,27.9,41.2,16.6
16041,9.8,33.4,38.4,18.4
16043,10.8,34.2,34.5,20.5
16045,13.1,37.7,33.2,16
16047,24.2,33.1,28.4,14.3
16049,10.6,37.3,32.7,19.3
16051,12.1,30.8,36.9,20.2
16053,27.7,28.2,30.1,14
16055,7.8,28.4,40.5,23.3
16057,4.5,19.8,30.1,45.6
16059,8.6,33.7,36.2,21.5
16061,11.4,34.3,39.1,15.2
16063,21.4,38.3,28.7,11.6
16065,4.6,15.8,44.8,34.8
16067,23.3,29.2,34.6,12.9
16069,8.7,30.7,37.3,23.4
16071,6.4,38.4,41.1,14.1
16073,25.4,36.9,28.9,8.9
16075,13.8,33.1,37.4,15.7
16077,21.9,39.8,25.4,13
16079,13.8,36.2,36,14.1
16081,9.8,20.1,30.3,39.8
16083,14.5,28.9,38.9,17.7
16085,6.5,28.6,35,29.8
16087,17.2,34.4,34.5,13.9
17001,8.7,36.1,34,21.2
17003,22.3,35.8,33.8,8
17005,13.1,39.8,29.6,17.6
17007,13.3,36,30.6,20.2
17009,14.2,41.9,29.9,14
17011,10,39.4,32.7,17.9
17013,8.6,43.5,32.3,15.6
17015,9.5,43.3,31,16.2
17017,14.5,46.5,25.2,13.9
17019,5.7,22.8,28.1,43.4
17021,11.8,44.1,29.8,14.2
17023,9.8,38.2,33.9,18.1
17025,12,38.6,34.6,14.8
17027,10.4,32.7,36,20.8
17029,9.7,32.2,34,24.1
17031,14.7,24,25.6,35.8
17033,11,33.6,36.6,18.8
17035,11.8,37.2,37.4,13.6
17037,7.8,26.3,35.9,30
17039,7.6,38.6,34.5,19.2
17041,16.1,36.2,29.9,17.8
17043,7.6,19,26.6,46.7
17045,12.5,39.2,30.1,18.1
17047,11.6,36.8,40.5,11
17049,8.8,36.4,33.8,20.9
17051,17.3,40,29.5,13.2
17053,10.9,38.8,33.7,16.6
17055,12.4,34.4,38.4,14.8
17057,12.3,35.9,35.8,16
17059,14,41.4,35.1,9.5
17061,14.3,40.9,32.8,11.9
17063,7.5,37.6,34,20.8
17065,12.3,35.3,38.4,14
17067,8.1,37.5,34,20.3
17069,16.6,34.3,37.3,11.8
17071,12,44,30.1,13.9
17073,10.3,35.2,33.8,20.6
17075,11.3,41.1,32.3,15.3
17077,8.3,25,31.4,35.3
17079,10.4,39.1,32.9,17.6
17081,14,32.8,36.9,16.3
17083,9.1,37.7,35.8,17.4
17085,7.7,38.2,30.4,23.6
17087,15.9,31.4,36,16.7
17089,17.3,23.5,27.6,31.6
17091,12.3,34.1,34.8,18.8
17093,6.3,24.6,34.2,34.8
17095,12.8,36.6,32.9,17.7
17097,10.6,21.3,24.9,43.2
17099,11.8,37.5,34.5,16.2
17101,22.9,34.3,33.5,9.4
17103,12,37.7,33,17.3
17105,12.5,40.5,31.9,15.2
17107,13.9,33.3,35.6,17.2
17109,7.7,29.2,29,34.1
17111,7.6,26.5,33.4,32.5
17113,5,25.7,25.3,44
17115,11,34.6,31.5,22.9
17117,10.2,37.3,34.4,18.1
17119,8,32.3,34.4,25.3
17121,12.4,35.4,37.8,14.5
17123,8.4,40.3,34.6,16.8
17125,12.7,41.3,31.9,14.1
17127,17.9,31.7,35.8,14.7
17129,7.6,37.2,32,23.1
17131,8.3,41.9,34.1,15.7
17133,6,33.7,32.8,27.5
17135,14.5,41.7,30.9,13
17137,9.4,41.4,26.8,22.3
17139,15.6,36.9,31.8,15.7
17141,11.7,33.7,34.7,19.8
17143,9.8,28.6,32.4,29.2
17145,14.1,38.3,34.1,13.4
17147,5.5,34.7,32.2,27.6
17149,12.5,43,29.3,15.2
17151,14.3,32.3,38.3,15.1
17153,19.5,35.5,33.3,11.6
17155,9.8,42.7,35.1,12.5
17157,15.3,42.4,30.3,12
17159,11.6,33.3,34.1,20.9
17161,11.9,31.8,34.3,22
17163,9.7,28.1,36.2,26
17165,14.2,33.1,38.7,14
17167,7.9,28.1,30.6,33.4
17169,12.4,39,32.7,15.9
17171,9.2,49.4,29.5,11.9
17173,8.3,45.5,31.3,14.9
17175,11.5,38.8,32.1,17.6
17177,9.5,35.3,37.1,18.1
17179,7.3,33.1,34.6,25
17181,15.3,31,32.1,21.6
17183,13.2,40.6,32.4,13.8
17185,10.7,32.2,41.5,15.6
17187,12.2,35,31.9,20.9
17189,8.7,35,35.4,20.9
17191,13.4,34.4,38.4,13.8
17193,12.3,35.1,39,13.6
17195,11.9,35,36.2,16.9
17197,9.5,27,30.4,33
17199,10.3,30.4,38.3,21
17201,12.8,33.3,32.1,21.9
17203,6.3,32.7,32.7,28.4
18001,14.8,44.1,26.1,15
18003,10.7,29.4,32.9,27
18005,9.7,34.3,26.6,29.4
18007,11,45.2,26.8,16.9
18009,14.5,49.5,25.9,10.1
18011,6.7,26.7,23.9,42.7
18013,10.2,37.9,29.6,22.3
18015,12,41.3,29.6,17
18017,17.2,40.8,27.9,14.2
18019,12.8,34,33.1,20.1
18021,12.7,44.9,27.3,15.1
18023,13.7,45.6,25.6,15.1
18025,17.6,49.7,23,9.7
18027,25.2,37.2,23.9,13.7
18029,9.6,39.6,31.3,19.5
18031,11.4,45.3,27,16.2
18033,11.9,40.6,30.5,17
18035,11.3,35.5,29.9,23.2
18037,12.1,41.9,27.3,18.7
18039,19.2,36.9,25.8,18.1
18041,19.6,42.8,27.8,9.8
18043,10.8,32.1,31.2,25.8
18045,12.3,44.2,29.9,13.6
18047,13.1,42.6,25.1,19.3
18049,14.7,43.6,28.4,13.2
18051,10.2,40.3,34.4,15.1
18053,13.7,41.5,27.6,17.3
18055,14.4,41.1,30.7,13.7
18057,3.9,15.9,24.3,55.9
18059,6,33.3,32.4,28.3
18061,12.2,41.9,29.9,16
18063,6.2,28.9,31.4,33.4
18065,13.5,43.5,27.5,15.6
18067,11.9,36.4,32.8,18.9
18069,10.3,43.4,28.3,18
18071,12.5,48.1,24.4,15
18073,12.1,42.8,29.8,15.3
18075,15.9,48.6,25.4,10.1
18077,13.3,39.5,29.6,17.6
18079,16.1,47.4,26,10.4
18081,8,33.8,29.7,28.5
18083,12,37.8,34.9,15.2
18085,14.6,37.7,27,20.7
18087,37,33.1,20.1,9.8
18089,12.8,35.4,31.4,20.4
18091,13.4,39.2,30.2,17.2
18093,12.7,42.9,30.6,13.8
18095,12.7,39.1,30.6,17.5
18097,15,28.5,28.3,28.3
18099,15.5,40.5,25.8,18.3
18101,17,43.1,27.8,12.1
18103,15.3,42.7,30.1,11.9
18105,7.6,22.3,25.1,45
18107,11.6,44.2,28.2,16
18109,11.7,41.6,31,15.7
18111,14,49.5,26.8,9.7
18113,15.7,41.1,28.9,14.3
18115,12.6,49.4,25,12.9
18117,17,46.5,25.1,11.4
18119,16.7,43.7,29.1,10.5
18121,14.6,40.5,31.4,13.5
18123,14.3,51.2,23.1,11.5
18125,13.7,46.7,28,11.6
18127,8.1,35.2,30.4,26.4
18129,6.6,39.5,33.3,20.6
18131,13.9,46.2,28.6,11.4
18133,12.1,42.8,29.9,15.2
18135,14.5,44,29.1,12.3
18137,12.8,44.9,25.9,16.4
18139,14.2,47.4,23.5,14.9
18141,12,31.2,28.9,27.9
18143,17,42.6,28.2,12.2
18145,12.8,44.1,28.3,14.8
18147,11,43.6,30.4,15
18149,17.7,42.3,28.3,11.6
18151,10.4,38.1,31.5,20
18153,14.3,42.1,30.4,13.2
18155,15.7,46.6,28.7,9.1
18157,9.7,26.6,28.5,35.2
18159,11.6,40.5,28.5,19.4
18161,12,42.6,26.8,18.6
18163,10.1,34.5,31.3,24.2
18165,11.1,43.9,31.5,13.5
18167,12.6,33.6,31.3,22.5
18169,11.9,42.5,26.9,18.8
18171,11.2,43.8,26.3,18.6
18173,6.8,33.8,32.3,27
18175,15.9,45.9,25.8,12.4
18177,16,38.6,28,17.4
18179,9.3,41.8,31.3,17.6
18181,10.5,44.3,29.7,15.5
18183,9.2,42.3,30.1,18.4
19001,7.5,44.7,32.5,15.3
19003,7.4,39.1,38.5,15.1
19005,11.6,42.1,30.1,16.3
19007,11.4,36.3,34.7,17.6
19009,10,42.3,33.4,14.3
19011,7.3,36.4,34.7,21.6
19013,9.5,32.7,30.7,27
19015,6.1,34.8,35.9,23.2
19017,5.3,33.4,32.7,28.6
19019,7.7,42.9,32.6,16.8
19021,21.1,31,29,18.9
48353,21.3,34.8,31.8,12.1
48355,19.2,28.2,32.4,20.2
48357,25.2,29.3,30.3,15.2
48359,16.4,19.6,36.2,27.8
48361,11.2,40,34.2,14.6
48363,18.4,37,28.8,15.8
48365,17,32.5,37.6,12.8
48367,11,26.9,35.6,26.5
48369,32.3,30.4,22,15.3
48371,30.7,35.2,24.1,10
48373,20.3,37.7,29.7,12.3
48375,23.9,27.8,33.4,14.9
48377,42.6,17.3,14.1,25.9
48379,17,39.5,32.9,10.6
48381,8.2,22.1,39.3,30.4
48383,31.3,37.1,21.2,10.5
48385,18.8,28.6,30.7,22
48387,20.7,39,27.2,13.1
48389,40.2,25.8,23.2,10.8
48391,20,35.9,34.3,9.7
48393,3.4,30.2,34.6,31.8
48395,20.1,37.5,26,16.5
48397,8.4,22.2,32.4,36.9
48399,20.5,38.8,23.2,17.5
48401,19.6,33.7,32.9,13.7
48403,14.7,44.8,28.6,12
48405,20.1,42.9,26.2,10.8
48407,18.5,45,25.1,11.4
48409,22.5,31.1,31.4,15.1
48411,22.1,30.7,32.7,14.5
48413,23.8,23.6,33,19.5
48415,18.7,30.7,35.2,15.3
48417,14.1,33.9,29.4,22.6
48419,22.9,35.7,26.6,14.8
48421,26.6,27.9,24.9,20.6
48423,15.6,25.6,33.9,24.9
48425,18.2,26.3,32.9,22.7
48427,53.7,22.2,15,9.1
48429,18.8,35,27.2,19.1
48431,21.5,32.1,24.2,22.3
48433,19.7,37.5,27.3,15.6
48435,25.4,28.2,26.2,20.2
48437,21.8,35,27.3,15.9
48439,14.9,23.8,31.1,30.3
48441,13.7,29.1,32.6,24.6
48443,19.2,36,27.5,17.3
48445,30.8,29.5,27.1,12.6
48447,14.2,31.3,32.6,21.9
48449,27.4,29.4,28.3,15
48451,16.8,30.3,30.8,22.1
19125,8,35.7,31.5,24.8
19127,16.5,32.9,31,19.7
19129,6.9,35.9,33.3,23.8
19131,9.1,44.2,31.8,14.9
19133,8.5,43.3,33.8,14.5
19135,11,44.8,27,17.2
19137,11.6,37.6,35.8,14.9
19139,13.8,35,32.4,18.8
19141,7.9,37.7,35.6,18.8
19143,14.2,37.6,30.8,17.4
19145,11.7,34.7,33.5,20
19147,7.2,30.9,41.9,20
19149,7.9,35.6,36,20.5
19151,7.3,38.9,36.3,17.4
19153,8.2,25.3,30.7,35.8
19155,10.8,34.9,34.1,20.2
19157,7.1,36.8,31.5,24.6
19159,10.2,35.5,33.6,20.8
19161,8.1,39.3,32.9,19.7
19163,7.4,28.3,32.2,32.1
19165,8.3,36.8,33.6,21.3
19167,10.8,31.9,31.8,25.5
19169,4.1,18.8,28.8,48.3
19171,9.1,41,34.2,15.7
19173,8.7,42,34.8,14.5
19175,7.3,40,38,14.7
19177,11,43.5,32.8,12.7
19179,13.8,36.7,32.8,16.8
19181,4.5,32.6,34.8,28.2
19183,9.7,35.8,33.6,20.9
19185,10.4,43.5,32.1,13.9
19187,9.8,32.5,39,18.8
19189,7.8,35.1,36.5,20.6
19191,5.9,35.1,31.3,27.7
19193,14.4,34.2,30.2,21.1
19195,7.4,36.6,40.5,15.4
19197,10.1,37.5,35.4,17
20001,9.4,33.4,39,18.2
20003,9.4,39.1,35.1,16.5
20005,7.2,41,31.9,19.9
20007,8.4,36.6,34.8,20.2
20009,13.9,33.9,35.3,16.9
20011,10.6,31.2,36.1,22.1
20013,7.3,39.8,33.1,19.8
20015,7.1,26.8,38.2,28
20017,9.8,33.5,32.3,24.3
20019,13.9,36.1,32.4,17.5
20021,13,34.6,35,17.4
20023,7.1,31.5,39,22.3
20025,8.1,26.1,36.1,29.7
20027,3.7,33.7,38.9,23.7
20029,8.9,34.2,39.4,17.5
20031,7.2,36.8,35,21
20033,8.3,28.4,39.3,24
20035,9.8,30.5,40.5,19.2
20037,10,28.2,33.2,28.6
20039,9.5,37.6,26.3,26.6
20041,10.5,36,33.4,20
20043,9.9,38.7,34.9,16.5
20045,5.1,20,25.8,49.1
20047,17.7,30.7,32.9,18.7
20049,11,35.3,36.3,17.4
20051,6.6,27.7,33.3,32.3
20053,10.4,32.2,36.2,21.2
20055,28.1,23.1,30.3,18.6
20057,30.6,23,28.4,17.9
20059,7.5,36.1,35.2,21.2
20061,7.6,29.8,42.3,20.4
20063,6.9,37.7,33.9,21.4
20065,6.7,32.7,34.1,26.5
20067,28.4,28.9,24.5,18.2
20069,23.8,25.6,31.5,19.1
20071,11.9,30.3,32.3,25.5
20073,10.1,40.1,33.2,16.5
20075,20.2,34.8,31.6,13.3
20077,11.4,36.6,32.2,19.7
20079,10.1,29.6,33.8,26.5
20081,29.3,20.9,32.1,17.7
20083,7.4,25.9,43.1,23.7
20085,6,40.6,34.7,18.7
20087,7.2,40.7,32.6,19.5
20089,6.7,39.4,38.6,15.4
20091,4.2,15.2,27.8,52.8
20093,22.4,23.4,37,17.2
20095,9.6,34.8,35.1,20.5
20097,8.6,26.9,37.2,27.3
20099,11.3,33.1,36.1,19.5
20101,7.2,29.7,41.7,21.4
20103,8.7,30.9,31.5,29
20105,5.9,32.3,41.5,20.3
20107,11.8,37.2,36,15
20109,7.7,35.5,38.6,18.2
20111,12.1,33.4,28.9,25.6
20113,9.1,29.1,34.4,27.4
20115,11.3,36.4,29.7,22.6
20117,5.8,44.8,32.7,16.6
20119,14.3,31.1,32.4,22.2
20121,5.5,32.5,38.7,23.3
20123,5,34,35.3,25.7
20125,11.3,32.1,39.6,17.1
20127,11.3,35.7,35.5,17.6
20129,14.4,32.5,39.2,13.9
20131,9.4,41.9,26,22.6
20133,8.3,33.6,39.5,18.6
20135,9,35.9,35.3,19.8
20137,13.7,34.6,34.3,17.4
20139,9.2,40.5,30.8,19.5
20141,9.8,36.3,33.4,20.6
20143,6.9,32.9,38.8,21.4
20145,10.9,28,39.3,21.7
20147,7.8,35.3,35.3,21.6
20149,4.3,31.2,32.3,32.2
20151,10.3,26.5,37.3,25.9
20153,7.9,30.8,36.2,25
20155,11.9,28.6,39.3,20.2
20157,7.2,35.1,37.7,20
20159,12,30.5,36.3,21.2
20161,4.9,17.4,32.7,44.9
20163,8.1,36.8,33.1,22
20165,9.6,33,35.7,21.7
20167,10.3,32.8,32.9,24
20169,10.2,33.5,32.9,23.4
20171,15.1,33.4,31,20.5
20173,11,26.8,32.7,29.4
20175,36,24.8,27.3,11.8
20177,9.2,31.1,30.8,29
20179,8.4,33.8,36.1,21.6
20181,10.7,33.3,41.9,14.1
20183,9.3,35.3,37.3,18.1
20185,12.5,28.7,36.9,21.8
20187,17.3,27.4,33.1,22.2
20189,17.2,35.6,31.8,15.4
20191,8,35.9,36.2,19.9
20193,6.9,28.9,36,28.3
20195,6,33.2,35.8,25
20197,5,38.9,33.2,23
20199,8.5,32.9,33.4,25.2
20201,9.9,38,35.1,17
20203,22.2,29.6,32.1,16.1
20205,14.4,36.8,34.2,14.7
20207,9.8,38.8,35.4,16
20209,21.4,32.9,29.8,15.9
21001,25,36.3,22.8,15.9
21003,22.5,36,28,13.6
21005,11.9,38.8,30.4,18.9
21007,15,39.4,32,13.6
21009,18.8,41.5,24.1,15.6
21011,24.4,39.2,24.3,12.2
21013,33.8,35.6,20.8,9.8
21015,8,28.1,33.1,30.8
21017,17.1,36.7,30.2,16
21019,11.5,35.9,34.9,17.7
21021,14.3,35,28,22.7
21023,17,43.4,25.5,14
21025,31.1,34.3,23.3,11.2
21027,21.8,44,24.6,9.5
21029,13.7,40.8,31.2,14.3
21031,24.9,43.3,23.1,8.7
21033,13.2,44.9,25.6,16.4
21035,12.6,31.6,28.3,27.5
21037,10.7,31,29.2,29.1
21039,17.9,38.2,30.6,13.3
21041,21.9,44,22.9,11.2
21043,20.2,41.4,25.6,12.8
21045,27.3,37.4,24,11.2
21047,14.7,32.7,36,16.6
21049,16,35.2,28.1,20.7
21051,36.3,36.9,17.2,9.6
21053,30.4,36.2,23.8,9.6
21055,20.1,37.9,30.7,11.4
21057,22.9,39.1,24.6,13.4
21059,12.1,37.8,29.9,20.3
21061,21.2,42.1,23.4,13.3
21063,25.2,42,25.3,7.5
21065,25.7,48.6,17.9,7.8
21067,10.2,20.6,28,41.2
21069,21.6,38.9,26.6,12.8
21071,24.9,34.7,27.6,12.8
21073,13.2,31.8,28,27
21075,24.6,34.8,27.5,13.1
21077,17.9,44.2,27.8,10.1
21079,20.4,38.8,25.7,15.1
21081,17.4,44.8,25.3,12.4
21083,17.5,36.7,28.5,17.3
21085,22.9,42.2,25.8,9.1
21087,21.6,46,22.2,10.2
21089,14.2,37.4,31.5,16.9
21091,11.8,46.8,30.2,11.2
21093,10.9,32.1,33.8,23.2
21095,28.3,35.6,24.4,11.7
21097,18.6,42.5,24.9,14
21099,27.2,41.3,21.1,10.3
21101,14,36.6,32.6,16.8
21103,18.8,44.6,25.5,11.2
21105,19.2,41.2,30.4,9.2
21107,15.5,39.5,29.7,15.3
21109,27.9,43.4,19,9.7
21111,11.1,27.5,29.9,31.5
21113,14.9,28.9,27.3,29
21115,22.9,37.3,29,10.8
21117,10.8,29.4,30.9,28.9
21119,29.5,35.1,23.2,12.3
21223,15.9,47.2,26.6,10.3
21225,16.8,40.2,31.7,11.3
21227,12.7,30.9,28.4,28.1
21229,19.8,41.6,24,14.5
21231,28.9,37,24.1,10
21233,21.4,42.3,27.2,9.2
21235,24.2,37.1,22.8,15.9
21237,32.6,38.5,17,11.9
21239,10.9,28.9,27.3,32.9
22001,26.2,39.2,24.1,10.5
22003,20.6,44,23.7,11.6
22005,11.9,34.6,27.5,26
22007,27.3,39.5,22.5,10.7
22009,27.6,41.3,21.7,9.5
22011,16.1,42.7,26.1,15.1
22013,18,42.7,28.1,11.2
22015,11.7,29.4,33.3,25.7
22017,14.1,32.9,29.2,23.8
22019,14.2,35.8,29.3,20.7
22021,25.3,42.8,21.8,10.2
22023,17.1,38.5,28.5,15.8
22025,25.1,42.2,20.3,12.3
22027,23.8,40.7,22.7,12.8
22029,23.6,41.3,23.6,11.6
22031,19.5,41.2,27.3,12.1
22033,10.6,26.7,28.6,34.1
22035,31.2,38.5,21.5,8.8
22037,18.1,43.5,26.1,12.3
22039,30.6,34.6,22.2,12.6
22041,26.7,40.3,22.1,10.8
22043,21.5,42.3,27.6,8.6
22045,22.5,42.1,22.4,13
22047,23.7,38.3,24.9,13.1
22049,21,41.9,24.1,13
22051,15.5,31.1,28.8,24.6
22053,21.2,41.1,23.7,14
22055,13.7,28.7,27.6,29.9
22057,25.5,39.1,19.9,15.4
22059,21.9,43.6,22.8,11.7
22061,13.3,27.7,23.4,35.6
22063,15.8,40.2,25.7,18.3
22065,24.3,39.6,24.7,11.4
22067,20.9,43.5,22.9,12.7
22069,17.3,33.7,28.6,20.4
22071,14.8,23.2,26.7,35.3
22073,15.6,32.9,27.5,24
22075,19.9,39.3,26.6,14.2
22077,19.6,41.7,25.4,13.4
22079,16.5,37,28.1,18.4
22081,22.8,44.3,21,12
22083,21.2,41,23.3,14.5
22085,17.6,42,26.3,14.1
22087,18.5,40.9,28.1,12.5
22089,12.7,36.7,30.4,20.3
22091,20.2,45.7,24.1,10
22093,15.8,44.8,25.2,14.2
22095,17.3,37.5,28.6,16.5
22097,23.9,44.5,18.9,12.8
22099,21.6,42.1,23,13.2
22101,24.8,43.4,20.7,11.1
22103,11.5,27,30.9,30.6
22105,18.3,35.6,26.8,19.3
22107,20.6,45.6,23.5,10.3
22109,22.9,40,23.5,13.7
22111,16.4,44.9,27,11.7
22113,23.8,41,22.9,12.4
22115,12.5,35.8,32.5,19.2
22117,23.1,40.5,24,12.3
22119,19.8,40.5,25.7,14
22121,15.1,39.2,26,19.7
22123,25,44,19.9,11.1
22125,21.4,33.7,23.2,21.6
22127,21.6,42,23.9,12.5
23001,11.4,37.2,31.1,20.3
23003,13.4,39,30.4,17.2
23005,5.6,24.1,27.4,43
23007,7.8,36.9,29.7,25.6
23009,6.3,33.1,27.9,32.7
23011,8.5,35.6,30.8,25
23013,7,34.8,27,31.2
23015,7.3,32.1,29.4,31.2
23017,8.9,45.6,27.4,18.1
23019,9.2,34.9,31.4,24.5
23021,11.4,40.5,30.7,17.4
23023,6.4,31.6,29.8,32.2
23025,12.1,41.3,31.2,15.4
23027,7.8,34,27.8,30.3
23029,12.3,38.3,29.3,20.1
23031,7.7,31.6,30.1,30.5
24001,11.7,42,29,17.4
24003,8.4,25,28.3,38.3
24005,9.4,27.2,26.8,36.6
24009,6.7,31.5,32.6,29.1
24011,17.2,40.7,26.6,15.5
24013,7.9,30.6,28.4,33.1
24015,12.1,37.8,28.1,22
24017,7.7,32.2,32.7,27.4
24019,15,38.3,26.4,20.2
24021,7.6,25.2,28.2,39.1
24023,11.6,42.2,27.1,19
24025,7.1,28.1,30.9,33.8
24027,4.8,14.2,20.3,60.6
24029,13,33.2,23.9,30
24031,8.8,14,19.3,57.9
24033,14.4,26.1,28.5,31.1
24035,8.6,29.9,26.5,34.9
24037,9.4,30.6,29.5,30.6
24039,19.5,43.2,22.5,14.8
24041,11.5,27.9,26.7,33.9
24043,13.3,38.1,28.7,19.9
24045,12.1,31.9,27.5,28.5
24047,10.8,31.6,27.4,30.2
24510,17.5,29.8,24.1,28.7
25001,4.9,24.9,30.1,40.1
25003,9.3,31.7,27.4,31.6
25005,17.2,30.2,26.7,25.9
25007,6.8,23.1,29.8,40.3
25009,10.7,26.2,25.6,37.5
25011,7.8,27.1,29.8,35.2
25013,15.2,30.8,28.3,25.8
25015,6.1,24.2,25.5,44.2
25017,7.6,21.1,19.3,52
25019,5.2,25.4,25.7,43.7
25021,6.1,21,22.2,50.6
25023,7.7,29,28.9,34.4
25025,15.7,23.6,19,41.7
25027,10.2,28.9,26.5,34.4
26001,11.5,39.9,34.4,14.3
26003,11.2,43.2,27.1,18.4
26005,10.1,38.3,30,21.5
26007,10.3,33.4,39.8,16.5
26009,9.9,33.7,31.1,25.3
26011,14.9,42.8,30.6,11.7
26013,17.6,44.1,25.2,13.1
26015,8.7,36.6,35.5,19.2
26017,10.7,35.6,35.4,18.3
26019,8.6,34.2,33,24.2
26021,11.3,30.6,32,26.1
26023,12,40.8,33.7,13.5
26025,10,35.7,34.3,20.1
26027,11.9,36.2,35,16.9
26029,7.8,31.8,32.5,27.9
26031,10.9,39.4,31.6,18.1
26033,11,37.8,32.1,19.1
26035,15.8,39.3,33.2,11.6
26037,6.8,27.9,35.6,29.7
26039,12.5,35.4,34.9,17.2
26041,7.9,35.3,37.9,18.9
26043,6.9,39.9,30.9,22.4
26045,6.3,29.7,39.2,24.7
26047,6.3,26.2,34.2,33.2
26049,10.7,32.8,37.1,19.3
26051,15,40.2,32.5,12.3
26053,7.6,38.4,35.7,18.3
26055,6.3,26.9,35.4,31.5
26057,11.1,41.1,33.8,14.1
26059,13.2,40.2,31,15.5
26061,7.9,33.8,27.2,31.1
26063,12.1,44.3,29.4,14.1
26065,8.2,21.6,32.9,37.2
26067,11.8,38.1,35.2,14.9
26069,11.9,40,32,16.1
26071,8.8,45,27,19.3
26073,8.9,31.8,32,27.3
26075,10.2,34.8,35,20
26077,6.7,23.1,35,35.1
26079,13.4,42.4,31.5,12.7
26081,10.5,25.5,30.8,33.3
26083,7.6,32.6,37,22.8
26085,18.1,41.5,31,9.4
26087,9.2,37.1,36.2,17.5
26089,5,22.4,32.7,40
26091,10.2,36.7,33.8,19.2
26093,4.9,25.6,35.9,33.6
26095,11.7,45,31,12.4
26097,11.6,36.5,33.5,18.3
26099,11.1,30.6,35,23.3
26101,10.4,37.3,32.7,19.7
26103,5.5,33.1,32.6,28.8
26105,8.3,34.4,37.1,20.2
26107,10.6,34.4,32.2,22.7
26109,9.8,42.2,32.9,15.1
26111,6.5,29.6,31.4,32.5
26113,13.4,42.8,30.7,13.1
26115,9.8,36.2,35.4,18.6
26117,12.7,39,35.2,13.1
26119,14.5,41.9,32.9,10.7
26121,11.2,34.8,35.8,18.2
26123,14,41.1,31,13.9
26125,6.7,20.1,28.8,44.4
26127,14.7,34.7,33.8,16.8
26129,15,40.9,32.5,11.7
26131,8.6,40.6,35.7,15.1
26133,12,44.7,30.1,13.2
26135,16.3,40.6,33.4,9.7
26137,8.1,36.6,34.8,20.5
26139,8.6,28.9,31.3,31.1
26141,11.9,40.6,30.5,16.9
26143,11.8,38.9,34.8,14.4
26145,12,34.2,33.6,20.2
26147,10.4,35.3,36.9,17.4
26149,14.8,38.9,31.6,14.7
26151,12.2,45.1,30.5,12.3
26153,12.6,46.8,27.3,13.2
26155,9,36.6,38.6,15.7
26157,11.3,42,32.9,13.9
26159,13.7,34,32.8,19.5
26161,5.5,15.7,26.1,52.6
26163,15.3,30.3,32.4,22
26165,11.2,38.8,33.2,16.8
27001,9.4,39.9,35.2,15.5
27003,6.7,28.4,37.1,27.8
27005,8.4,33.5,35.8,22.4
27007,9.5,26.1,37.9,26.6
27009,8.5,32.1,37.9,21.5
27011,10,42.4,30.2,17.4
27013,5.7,28.1,34.9,31.3
27015,9.4,37.6,31.7,21.3
27017,5.8,36.4,35,22.8
27019,4.8,21.2,28.7,45.2
27021,8.7,35.4,35.7,20.2
27023,10.4,36,37.7,15.9
27025,6.1,34.6,37.3,22
27027,6.1,27.3,34.9,31.7
27029,13.4,38.1,33.6,14.9
27031,4.4,25.1,31.6,39
27033,10.6,36.2,34.8,18.5
27035,6.9,31.4,38.5,23.2
27037,5.3,21.6,32.9,40.3
27039,6,33.5,36.8,23.7
27041,6,29.9,39.4,24.7
27043,9.8,39.9,33.4,16.9
27045,9.1,35.7,35.7,19.5
27047,11.1,36.7,36.2,16.1
27049,7.1,33,36.5,23.4
27051,7.3,33.4,40.5,18.9
27053,7.4,17.8,27.8,47
27055,7.2,34.3,37.2,21.4
27057,7.3,31.8,35.9,25
27059,9.3,37.8,35.2,17.7
27061,7.2,31.8,39.1,21.9
27063,8.7,34.8,37.7,18.8
27065,11.9,39.7,35,13.5
27067,11.2,27.9,38.6,22.2
27069,9.7,35,34.4,20.9
27071,10.6,36.5,34.5,18.4
27073,7.9,38.3,36.2,17.7
27075,5.1,36.2,34.3,24.4
27077,8.6,44.8,31.1,15.5
27079,9.4,35.5,33.9,21.2
27081,8.1,40.5,32.2,19.2
27083,7.9,35.1,31.2,25.8
27085,8.1,38,35.9,18
27087,14.3,37.1,35.7,12.9
27089,11.2,37.4,32.7,18.7
27091,11,38.6,31.5,18.9
27093,8.4,38.3,34.3,18.9
27095,10.4,38.3,36.6,14.7
27097,10.5,38.6,33.9,17
27099,12,32.6,36.4,19
27101,10.9,36.5,34.5,18.1
27103,5.9,27,34.6,32.5
27105,20.9,34.3,31,13.8
27107,11.3,38.5,35.1,15.1
27109,5.9,20.9,31.9,41.3
27111,8.7,30.5,36.3,24.5
27113,8.9,36,39,16.1
27115,10.9,42.6,33.2,13.2
27117,13.5,36,31.5,19
27119,9.2,31.1,36.5,23.2
27121,5.6,34.1,38.1,22.2
27123,10,21.9,27.7,40.4
27125,8.2,40.9,35.5,15.4
27127,11.7,37.9,33.4,17
27129,10.5,37.5,36.3,15.7
27131,9.6,31.8,31,27.6
27133,10.2,38.5,30.9,20.4
27135,8.1,37.3,35.6,19
27137,6.8,29.5,36.7,27
27139,5.3,23.4,33.1,38.2
27141,6.3,26.6,40.6,26.5
27143,10.6,40.8,32.3,16.3
27145,8.2,30.2,35.6,25.9
27147,8.2,35.5,31,25.4
27149,8.7,27.2,35.8,28.3
27151,11.4,38.6,33.8,16.2
27153,12.2,37.1,35.5,15.2
27155,9.8,34.8,37.3,18
27157,6.8,39.1,33,21.2
27159,11.1,39.3,36.9,12.7
27161,7.9,35.2,36.5,20.4
27163,4,22,32.4,41.6
27165,14.7,40,29.5,15.8
27167,8.5,30.5,43.4,17.5
27169,8.4,29.6,33.8,28.2
27171,6,28.9,37.8,27.3
27173,9.5,36.8,37.5,16.1
28001,19.3,35.9,27,17.8
28003,19.2,36.3,28.4,16.2
28005,25.4,36.6,26,12.1
28007,23.2,31.4,30.6,14.9
28009,23.2,38.1,28.2,10.6
28011,26.5,25,27.4,21.1
28013,27.1,34.2,27.6,11.2
28015,21.1,37.3,28,13.6
28017,27.8,37.3,24.2,10.7
28019,21.1,33.4,32.1,13.5
28021,21.9,29.8,32.7,15.6
28023,20.2,34.4,31.4,13.9
28025,21.4,32.9,27.9,17.8
28027,22.9,27.6,31.9,17.6
28029,20.5,31.5,33.8,14.1
28031,21.4,36.8,26.5,15.3
28033,11.3,29.9,36.4,22.4
28035,15.2,28.2,29.9,26.7
28037,17.7,37.3,27.1,17.9
28039,20,40.7,27.2,12
28041,25.7,36.7,29.4,8.2
28043,23.1,30.2,31.2,15.6
28045,15.7,29.2,34,21
28047,14.5,28.8,35.3,21.3
28049,14.2,24.9,33.3,27.7
28051,28.1,36.9,22.7,12.3
28053,36.5,27.8,23.6,12.1
28055,39.5,34.9,18.4,7.2
28057,20.2,31.8,34.8,13.2
28059,12.5,31.4,36,20.1
28061,21.1,36.4,29.2,13.4
28063,23.4,36.4,23.7,16.5
28065,20.1,39.1,26.6,14.2
28067,20.6,28.2,32.9,18.4
28069,23.2,31.1,34.2,11.5
28071,10.8,20.9,29.9,38.3
28073,8.8,23.9,31.3,35.9
28075,14.3,30.9,36.1,18.7
28077,20.7,35.4,31.8,12.1
28079,24.6,35.1,28.5,11.8
28081,16.1,27.5,34.5,21.8
28083,23.7,33.8,25,17.5
28085,15.7,35.7,33.4,15.2
28087,17,29,32.2,21.8
28089,10.2,16,27.8,46
28091,23.3,36.5,27.2,13
28093,22.5,37.7,26.4,13.4
29031,10.9,32,28.4,28.7
29033,11.4,49.6,22.3,16.7
29035,21.7,31.3,35.7,11.4
29037,7.7,34.8,32.8,24.7
29039,16.4,42.4,27,14.3
29041,14.5,49.2,21.3,15
29043,8.7,31.6,33.7,26
29045,13,43.3,30.9,12.8
29047,8,28.9,32.2,31
29049,8,38.7,35.7,17.6
29051,8.5,31.1,28.7,31.6
29053,11.9,41.4,27.2,19.5
29055,23,38.4,26.4,12.2
29057,14.2,41.3,29.1,15.3
29059,18.2,41.9,25.2,14.7
29061,17,40.5,26.7,15.8
29063,14.5,48.9,25.1,11.5
29065,22.3,39.2,25.5,13
29067,20.8,42.4,27.6,9.2
29069,27,38.6,22.6,11.8
29071,13.4,34.3,33.7,18.6
29073,15.4,43.2,26.3,15
29075,11.1,43.5,26.8,18.6
29077,9.5,27.9,33.1,29.5
29079,13.4,39.3,30.1,17.2
29081,16.5,48.6,22.6,12.3
29083,12.2,41.3,31,15.4
29085,16.9,42.7,30.2,10.3
29087,9.8,44.4,26.7,19.2
29089,12.6,36.2,26.9,24.2
29091,15.7,39,30.3,14.9
29093,19.4,40.4,28.2,12
29095,11,29.1,31.2,28.8
29097,13.6,35.6,28.8,22
29099,12.4,33.6,35.8,18.2
29101,9,30.7,33.8,26.5
29103,16.3,41.9,26.7,15.2
29105,18.6,38.9,28.6,13.9
29107,10.9,42.4,28.4,18.3
29109,16.1,38.7,28.4,16.8
29111,12.4,47.7,26.4,13.5
29113,13.6,43.4,28.2,14.8
29115,12.2,49.5,24,14.2
29117,13.7,42.6,23.7,20
29119,22.4,34.2,31,12.4
29121,12.4,43.8,28.3,15.5
29123,23.6,36.4,28.8,11.2
29125,16.8,42.8,25.4,15
29127,15.7,38.5,26.5,19.4
29129,11.8,50.1,24.2,13.9
29131,13.8,42.5,27.3,16.4
29133,26.9,40.7,21.6,10.8
29135,17,43.4,21.5,18.1
29137,9.5,48.7,27.7,14.1
29139,17.6,42.3,27.7,12.5
29141,20.8,41.3,24.4,13.4
29143,23.7,41.3,23.3,11.6
29145,14.2,33.1,33.9,18.8
29147,8.6,41.2,26.3,23.9
29149,18.4,39.6,30.9,11
29151,10.8,46.6,25.1,17.5
29153,16.5,44.2,26.4,12.9
29155,26.3,37.8,24.2,11.7
29157,13.7,44.4,26,15.9
29159,17,32.2,33.2,17.5
29161,12.8,33.2,26.2,27.8
29163,20.9,43.8,22.6,12.7
29165,4.7,22.4,32.4,40.4
29167,13,38.8,29.4,18.8
29169,10.2,31.3,34.4,24.1
29171,12.5,41.7,27.8,18.1
29173,12.6,48.5,26.6,12.3
29175,14.3,38.9,33.1,13.7
29177,11.3,47.3,27.6,13.8
29179,23.5,44,24.4,8.1
29181,22.7,39.1,27.1,11.1
29183,5.9,26.1,32.5,35.5
29185,18.6,45.7,24.9,10.8
29186,13.3,42,31.4,13.3
29187,18.9,34.2,32.8,14.1
29189,7.2,22,29.2,41.6
29195,14.6,39.4,27.2,18.8
29197,14.1,45.9,27.6,12.4
29199,20,40.7,24.5,14.8
29201,18.5,42,26.3,13.2
29203,18.6,37.9,28.4,15.1
29205,9.6,46.4,31,13.1
29207,19.6,39.9,26.8,13.7
29209,13.9,40.1,29.7,16.3
29211,16,47.3,23.8,12.9
29213,13.1,35.5,33,18.3
29215,17.4,43.8,25.9,13
29217,12.4,41,30.3,16.3
29219,15.5,37,31.7,15.8
29221,24.7,42,26.1,7.1
29223,25.1,36.6,27.6,10.7
29225,14.3,40.5,29.5,15.8
29227,11.9,42.3,28.4,17.5
29229,22.3,40.8,24.5,12.4
29510,15.9,23.6,28.6,31.9
30001,6.6,30.1,33,30.3
30003,14.2,34.9,35.3,15.6
30005,10.9,28.1,40.7,20.3
30007,7.2,39.1,29.8,23.9
30009,7,28.4,35.5,29.2
30011,6.7,38.6,39.1,15.6
30013,8.7,31.8,34.1,25.5
30015,7.6,34.5,34.6,23.3
30017,8.6,29.3,42.1,20
30019,6.2,31.2,40.4,22.2
30021,8,35.6,37.6,18.8
30023,9.1,38.7,35.3,16.8
30025,5.7,37.6,40.6,16.1
30027,6.1,35.6,30.1,28.2
30029,5.7,29.9,35.3,29.1
30031,3.3,20,28.7,48
30033,7.8,44.4,32.9,14.8
30035,11.4,37.8,33,17.7
30037,7.1,42.8,29.7,20.3
30039,11.1,36,27,25.8
30041,9.5,28.3,39,23.2
30043,5.3,28.6,33.5,32.6
30045,5.8,37.7,26.6,29.9
30047,9.2,31.4,35,24.4
30049,5.4,23.7,32.8,38
30051,21,22.1,35.2,21.6
30053,10.9,33.6,36.1,19.4
30055,6.7,45.9,30,17.5
30057,5.8,35.9,31.8,26.4
30059,7,39.7,30,23.3
30061,10.6,41.8,34.5,13.1
30063,4.7,22.7,31.9,40.7
30065,9.1,40.2,34,16.8
30067,4.2,33.1,27.6,35
30069,3.2,52.5,23.8,20.6
30071,8.7,37.3,34.7,19.3
30073,10.7,33,34.2,22.1
30075,6.1,29.4,40,24.4
30077,11.1,37,32.6,19.3
30079,9.6,46.4,28.2,15.7
30081,8.1,33.9,33.6,24.4
30083,7.6,38.5,37.4,16.5
30085,16.7,38.8,31.1,13.5
30087,12.5,32.7,34.9,19.8
30089,11.6,41.9,30,16.4
30091,8.6,30.4,39.7,21.3
30093,9.1,34.9,31.4,24.6
30095,6,37.2,33.1,23.7
30097,7.6,38.1,29.2,25.2
30099,7.5,34.3,34.9,23.3
30101,15.4,36.6,34.6,13.4
30103,10.2,35.1,35.8,18.9
30105,7.2,37.8,35.7,19.4
30107,22.8,36.4,22.8,18
30109,14.6,37.4,28,20
30111,7.4,31.2,32.9,28.5
31001,9.3,32,35.7,23
31003,9.1,33.1,40.1,17.7
31005,3.4,24.1,39.8,32.7
31007,5.4,29.3,47.8,17.4
31009,1.9,39.6,40.2,18.3
31011,6.7,42.3,34.5,16.6
31013,9.4,33.8,40.9,15.9
31015,6.4,41.5,34.1,18.1
31017,11.4,41.2,31.1,16.3
31019,6.5,25.6,35.2,32.7
31021,9.3,39.2,34.5,17
31023,9.3,39.9,35.5,15.2
31025,5.3,32.1,37.5,25.1
31027,6.9,40.6,34.8,17.7
31029,11.1,33.2,37.5,18.2
31031,9,31,40.2,19.7
31033,6,27.1,43.5,23.4
31035,10.8,32.6,37.6,19
31037,28.1,33.2,25.4,13.4
31039,12,38.9,30.3,18.8
31041,8.1,32.8,38.1,21
31043,26.4,34.9,27.5,11.2
31045,5.7,29.1,31.9,33.2
31047,24.1,33.4,27.6,14.9
31049,9.4,36.3,37.1,17.3
31051,12.3,38.6,30.8,18.3
31053,12.2,36.8,32,18.9
31055,10.4,21.9,30.6,37.1
31057,6.7,32.5,41.2,19.6
31059,7.2,39.1,35.3,18.5
31061,7.8,37.1,36.4,18.7
31063,5.2,34.7,41.8,18.3
31065,12,33.7,36.9,17.3
31067,10.6,34.6,35.1,19.7
31069,5.9,32.5,38.1,23.5
31071,5.9,39.5,38.4,16.2
31073,5.3,34.8,40.5,19.4
31075,2.9,42.3,34.5,20.4
31077,7.7,39.8,38.2,14.4
31079,17.2,32.5,32,18.3
31081,6.2,31.8,36.8,25.2
31083,9.1,37.6,37.2,16.1
31085,10.9,26.7,42.7,19.7
31087,6.7,37.4,40.8,15.1
31089,7.9,34,37.1,20.9
31091,6.6,34.1,36.3,23.1
31093,8.1,41.6,31.2,19.2
31095,10.4,42.6,33.3,13.7
31097,12.2,40.7,32.4,14.7
31099,7,32.5,36.4,24.1
31101,8.1,34.5,36.7,20.7
31103,7.9,42.3,34.2,15.5
31105,12.2,34,36.3,17.4
31107,9,37.2,34.7,19.1
31109,6.5,22.6,34.2,36.7
31111,8.4,31.4,40.2,20
31113,8.4,28.7,40.9,22
31115,4.1,41.5,35.8,18.6
31117,5.2,28.4,41.9,24.5
31119,11.7,29.3,38.8,20.2
31121,7.8,34.5,40.9,16.8
31123,12.7,32.3,37.2,17.8
31125,10.6,38.1,34.8,16.5
31127,5.2,34.9,32.1,27.8
31129,6.5,42.1,34.1,17.3
31131,9,37.7,31.7,21.5
31133,7.2,45.3,31.2,16.3
31135,10.1,31.1,36.8,22
31137,7.3,33,37,22.7
31139,6.1,36,37.4,20.5
31141,12,31,36.9,20.1
31143,6.4,32.5,41.4,19.6
31145,6.7,36.4,39.3,17.7
31147,8.3,39.7,31.3,20.7
31149,7.6,41.7,32.7,18
31151,15.9,34.7,35.2,14.2
31153,4.6,22.5,36.1,36.7
31155,6.6,33,35.9,24.6
31157,13.4,30,35.2,21.5
31159,7,29.5,37.4,26.1
31161,9.8,31.1,34.6,24.5
31163,9.5,42.3,33.5,14.7
31165,6.5,33.4,33.6,26.6
31167,8.1,35,38.6,18.3
31169,8.3,37,35.4,19.3
31171,6,32.1,34.4,27.5
31173,13.2,35.5,37.4,13.9
31175,6.5,42.6,31.7,19.2
31177,4.3,31.1,35,29.6
31179,5.6,20.5,36.2,37.8
31181,9.3,36.1,34.9,19.8
31183,5.1,42.1,34.5,18.4
31185,6,32.6,35.4,26.1
32001,10.4,35,38.7,15.9
32003,15.5,28.8,33.1,22.6
32005,7.2,24.7,42.9,25.2
32007,16.6,26.8,38.5,18.1
32009,13,43.2,28.1,15.7
32011,8.9,35.8,33.1,22.2
32013,16.1,37.4,32.8,13.7
32015,19,37.5,35.9,7.6
32017,9.9,32.1,37.7,20.3
32019,15.1,30.2,38.2,16.6
32021,12.6,31.2,44.8,11.3
32023,15.1,35.6,36.1,13.2
32027,21.7,35.4,30.5,12.4
32029,7.6,29.5,41.6,21.4
32031,13.3,24,34,28.7
32033,16.4,34.5,35.2,13.9
32510,13.2,28.6,37.5,20.7
33001,8.3,31.5,30.6,29.6
33003,6.9,31.4,29.6,32.1
33005,7.7,33.8,26.9,31.6
33007,12.7,39.1,30.4,17.8
33009,7.9,28.6,25.4,38.1
33011,8.8,27.2,28.2,35.9
33013,7.2,28.4,30.1,34.4
33015,5.3,26.9,29.1,38.8
33017,8.1,28,29.8,34.1
33019,10.5,37,26,26.5
34001,15.4,32.9,26.6,25.1
34003,8.4,24.3,20.4,46.9
34005,7.3,29.5,27.4,35.7
34007,12.1,31.3,26.4,30.2
34009,10.5,34.1,25.5,29.9
34011,22.5,39.4,23.5,14.6
34013,15.8,28.7,22.8,32.7
34015,8.3,34.3,28,29.3
34017,17.1,26.1,19.3,37.5
34019,5.6,22.7,23,48.7
34021,12.6,25.6,22.2,39.6
34023,11.2,26.3,21.4,41
34025,7.3,25.6,24.6,42.5
34027,6.2,22.5,20.3,51
34029,9.5,36.1,27.5,26.9
34031,17.7,34.8,21.4,26
34033,13.6,38.6,27.5,20.3
34035,5.8,21.9,19.8,52.5
34037,6.1,31,29.1,33.8
34039,14.4,29.7,23.3,32.6
34041,9.9,34,26.2,29.9
35001,12.1,23.8,31.5,32.6
35003,5.9,36.3,31.8,26
35005,21.9,27,33,18.1
35006,18.6,36.5,33,12
35007,11.4,33.9,33.3,21.5
35009,17.6,25.2,36.3,20.8
35011,16.8,42.9,30.6,9.7
35013,21.7,22,28.5,27.7
35015,16.8,34,31.4,17.8
35017,15.3,26.9,31.6,26.2
35019,25.1,40.2,21.2,13.5
35021,11.5,39.1,23.9,25.5
35023,23.6,31,31.1,14.2
35025,28.1,30.5,28.2,13.2
35027,11.7,26.6,33.3,28.4
35028,3,10.8,21.9,64.2
35029,31.3,31.6,25,12.1
35031,26.4,33.1,29.4,11.1
35033,16.4,35.6,34.1,13.9
35035,17,29.5,37.1,16.4
35037,16,38.8,29.6,15.5
35039,18.5,31.8,33,16.6
35041,19.9,25.3,31.8,23.1
35043,9.5,25.9,36.1,28.5
35045,17.8,32.1,34.9,15.2
35047,18.3,28.4,33.2,20
35049,12.3,21.4,26.1,40.1
35051,16.9,33.7,31.8,17.6
35053,23.2,33.4,25.9,17.5
35055,12.6,25.4,33.4,28.6
35057,16.9,34.2,32.4,16.5
35059,19.9,35.3,27.7,17.1
35061,18.6,31.9,32.9,16.5
36001,7.2,26.5,27.7,38.6
36003,11.4,38.7,29.8,20
36005,29.4,27.3,24.3,18.9
36007,10.1,32.2,30.4,27.2
36009,12.1,40.9,29.1,17.8
36011,12.3,34.1,32.3,21.4
36013,11.8,35.5,31.8,20.9
36015,10.3,35.6,30.6,23.4
36017,12.8,39.2,30.6,17.4
36019,14.3,35.3,28.3,22.1
36021,11.6,30.7,28.4,29.3
36023,10.1,34.7,31.6,23.6
36025,13,38.7,28.1,20.2
36027,10.1,27,29.6,33.4
36029,9.6,28.4,30.5,31.6
36031,11.2,34.5,30.2,24.2
36033,15.1,36.2,31,17.7
36035,14,38.5,31.3,16.2
36037,9.2,37.2,33.5,20
36039,13.5,36.3,29.7,20.6
36041,9.3,32.3,33.9,24.5
36043,10.2,34.5,32.8,22.4
36045,10.6,33.5,35.2,20.7
36047,20.7,26.2,20.2,32.8
36049,11,45.3,28.5,15.2
36051,11.4,33.7,31.3,23.6
36053,9.6,33.7,30.5,26.2
36055,9.8,25,29,36.2
36057,15.7,36.6,31.5,16.2
36059,9.2,24.2,23.7,42.8
36061,13.4,12.6,14.1,59.9
36063,9.5,35.1,32.1,23.2
36065,12.2,33.4,31.2,23.2
36067,9.8,26.2,30,34.1
36069,7.7,28.3,32.2,31.7
36071,10.9,29.3,30.6,29.2
36073,14.6,39.8,30.2,15.4
36075,13.6,39.9,28.9,17.6
36077,10.1,34.5,27.7,27.7
36079,7.6,27.3,27.2,37.9
36081,19.6,27.3,22.7,30.4
36083,9.2,29,33.2,28.6
36085,11.3,32,25.9,30.8
36087,12.7,23,24,40.3
36089,12,36.1,29.5,22.3
36091,5.9,25.9,29.3,39
36093,9.5,30,30,30.5
36095,11.8,38.5,30.2,19.6
36097,10.1,38.9,31.6,19.5
36099,14.7,34.6,30.4,20.2
36101,10.7,37.6,30.4,21.3
36103,10.1,29.3,26.6,34
36105,14,34,29.8,22.2
36107,9.1,35.9,30.6,24.4
36109,5.8,19.8,23.6,50.8
36111,10.3,30.2,29.4,30.1
36113,9.1,33.3,29.4,28.2
36115,11.5,41.6,27.5,19.4
36117,10.4,37,31.9,20.6
36119,12.5,20.3,20.5,46.7
36121,12.8,40.8,31.2,15.2
36123,14.2,34.5,27.5,23.7
37001,16.8,28.5,33.1,21.6
37003,19.3,39.4,28.2,13.2
37005,19.5,33.7,29.5,17.4
37007,20.8,41.6,27.8,9.8
37009,17.8,31.5,32,18.8
37011,20.5,30.5,30.2,18.9
37013,16.5,33.2,32.9,17.3
37015,24.7,40.3,25,10
37017,20.8,33.2,32.3,13.8
37019,13.4,27.3,33.2,26.1
37021,10.3,24.7,29.1,35.9
37023,20.9,29.8,32.2,17.2
37025,11.7,28,33.2,27.2
37027,23.3,31.6,31.4,13.7
37029,13.7,23.2,40.8,22.4
37031,10.5,27.7,36.5,25.3
37033,23.9,35.3,29.2,11.6
37035,17.4,30.3,30.6,21.7
37037,13.5,23.3,26.4,36.8
37039,17.2,33.2,31.1,18.6
37041,17.4,33.7,28.8,20.1
37043,11.8,29.3,37.8,21.2
37045,17.6,34.6,31.8,16
37047,20.4,31.7,35.8,12.1
37049,12.7,27.9,37.1,22.3
37051,10,26,40.7,23.3
37053,13.6,29.3,36.6,20.5
37055,7.9,24.4,38.3,29.4
37057,18.1,33.2,30,18.7
37059,14.9,31.7,29,24.4
37061,28,30.1,31.3,10.7
37063,12.5,17.4,24.3,45.8
37065,23.1,35.7,30.5,10.6
37067,12.7,25.6,28.7,32.9
37069,17.1,31.3,32.2,19.4
37071,17.1,30.1,33.7,19
37073,15.4,37.5,33.8,13.2
37075,21.6,34.9,29.1,14.3
37077,18.7,31.1,32.5,17.6
37079,25.1,31.5,33.4,10.1
37081,11.8,24.6,29.5,34.1
37083,23.4,35.8,28.1,12.7
37085,14.4,30.8,35.2,19.6
37087,13.1,28.6,34.4,23.9
37089,11.9,26.4,33.1,28.6
37091,20.1,32.9,32.9,14
37093,15.1,27.5,38.1,19.3
37095,20.6,35.2,33.9,10.3
37097,12.8,28.1,33.2,25.9
37099,11.8,27.6,31.1,29.5
37101,16,30.4,33.4,20.3
37103,18.1,31.2,37.6,13.1
37105,19.3,26.4,33.8,20.5
37107,20.5,31.8,34.9,12.7
37109,17.1,30.4,32.3,20.2
37111,18.3,36.9,31.3,13.5
37113,12.9,29.8,34.7,22.5
37115,19.3,31,28,21.7
37117,17.4,37.6,31.4,13.7
37119,10.6,19.1,28,42.3
37121,19.2,33.5,30.5,16.8
37123,25,30,30.5,14.5
37125,10.8,25.8,30.9,32.6
37127,16,33.9,30.9,19.2
37129,8.3,22.1,32.7,36.9
37131,23.7,35.9,29.1,11.3
37133,9.2,28.9,42.6,19.3
37135,7.9,15.6,19.8,56.6
37137,13.1,32.2,35.4,19.3
37139,16.2,29.9,34.5,19.4
37141,14.3,31.2,33.3,21.2
37143,16.1,35,32.6,16.3
37145,17,35.5,32.8,14.7
37147,11.9,25.2,33.2,29.7
37149,11.9,27.2,29.7,31.3
37151,20.2,35.1,30.2,14.5
37153,19.4,36.5,31.3,12.8
37155,24.9,33.5,28.8,12.8
37157,19.6,36.5,30.2,13.8
37159,17.5,32.8,32.1,17.6
37161,18.9,31.8,33.1,16.2
37163,24.8,33.2,29.6,12.4
37165,21.3,34,28.9,15.8
37167,17.2,34.3,32.2,16.2
37169,19.2,38.1,29.1,13.6
37171,23.2,31.1,30.8,14.9
37173,19.4,31.2,33.4,15.9
37175,11.5,28.4,30.3,29.7
37177,30.3,37.1,24.6,8
37179,11,25.2,30.4,33.4
37181,23.2,37.6,27.8,11.4
37183,8.1,16.8,26.1,49
37185,22.2,34.8,27.6,15.4
37187,20.6,38,31,10.4
37189,11,20.4,30.2,38.4
37191,17.3,29.7,34.6,18.4
37193,25,32.2,30.1,12.8
37195,20.2,33,28.8,18
37197,22.5,34.3,31.3,11.9
37199,17.6,33.2,30,19.3
38001,4.1,35.1,36.1,24.8
38003,8.4,31.3,34.8,25.4
38005,15,32.5,38,14.6
38007,10.3,34,30.4,25.2
38009,10.2,31.3,37.6,20.9
38011,10.3,30,37.6,22.1
38013,12.7,30.8,36.9,19.6
38015,6.5,24.5,35,34
38017,5.1,20.6,37.5,36.8
38019,10.5,27.6,44.2,17.7
38021,13.4,28.7,31.3,26.6
38023,10.7,34.3,34.4,20.6
38025,9,34.3,37.1,19.6
38027,11.6,28.7,37.8,22
38029,16.2,36.9,31.6,15.3
38031,12.3,31.4,37.5,18.8
38033,8.3,24,45,22.7
38035,7.2,24.7,35.2,33
38037,11.1,38.2,33.5,17.1
38039,11.7,37.6,32.4,18.3
38041,11.2,37.1,36.9,14.8
38043,11.6,32.6,36.3,19.5
38045,13,31.7,34.1,21.1
38047,18.1,39.3,30,12.7
38049,10.3,37,34,18.8
38051,20.3,31.5,29.5,18.7
38053,8.3,28.4,40.5,22.8
38055,8.8,33.8,38.4,19
38057,10,29.7,39.8,20.5
38059,8.4,30.2,35.5,25.9
38061,8,29.7,40.3,22
38063,9.2,30.8,40.8,19.2
38065,13,30.3,39.2,17.5
38067,10.4,38.6,32,19
38069,14.1,33.2,37.5,15.2
38071,9.8,30.2,37,23
38073,10.1,36.4,35.4,18.1
38075,6.9,30.1,47,15.9
38077,8.7,28.5,41.1,21.8
38079,17.3,21.8,40,20.9
38081,8.3,32.8,39.1,19.8
38083,13.9,36.8,34.2,15.2
38085,15.9,31.8,35.1,17.3
38087,11.9,32.4,30.1,25.7
38089,10,30.5,35.2,24.3
38091,6.8,30.9,42.6,19.7
38093,11,35.5,29.9,23.6
38095,8.1,33.2,41,17.7
38097,8.1,25.2,40.3,26.4
38099,13.8,36,33,17.2
38101,7,29.3,37.9,25.8
38103,16.3,33.8,30,19.8
38105,9.3,28.5,41.2,21
39001,22,43.6,23.9,10.5
39003,10.7,39.7,32.3,17.4
39005,12.2,42.8,24.6,20.4
39007,14.5,44.9,27.3,13.3
39009,10.2,32.3,28.3,29.1
39011,7.5,43.9,31.2,17.5
39013,10.5,43.5,31,15.1
39015,16.2,48.1,23.6,12.1
39017,10.4,34,27.2,28.4
39019,13,47.5,28.2,11.4
39021,12.2,45.1,27.2,15.5
39023,13.2,36.4,32.3,18.1
39025,10.5,34,28.4,27.1
39027,12,40.6,31.5,15.8
39029,12.9,46.5,26.7,13.9
39031,15,50.3,22.6,12.1
39033,12.3,44.9,30.1,12.6
39035,12,28.3,29.2,30.5
39037,11.8,49.9,26,12.3
39039,10.1,44.2,29.1,16.7
39041,3.4,20.6,24.2,51.8
39043,9.8,39.5,29.5,21.2
39045,8.3,34.4,31.3,26
39047,14.6,46.7,24.6,14.1
39049,10,25.1,27.3,37.6
39051,9.8,40.8,32.2,17.2
39053,20.2,40.5,24.2,15.1
39055,9,27.3,26.7,37
39057,7.8,25.6,29.4,37.1
39059,14.9,43.1,28.6,13.5
39061,10.4,27.1,27.5,35
39063,8.4,36.1,29.6,25.8
39065,10.8,49.2,26.4,13.5
39067,13,48.7,29.7,8.6
39069,9.8,43.9,30.3,16.1
39071,15.5,43.1,29.2,12.1
39073,12.1,43.7,29.1,15.1
39075,42.3,35.1,14.8,7.8
39077,12.1,48.1,26.7,13.1
39079,17.3,41.8,23.7,17.2
39081,9.9,42.5,32.5,15.1
39083,11,41.2,25.9,21.8
39085,8.3,33.9,31.5,26.3
39087,14,43.1,28.2,14.7
39089,10.1,37.2,29.8,22.8
39091,11.6,49.4,23.4,15.7
39093,10.9,33.4,32.9,22.8
39095,11.6,31.2,32.9,24.2
39097,13.6,40.7,28.6,17.1
39099,10.6,38.1,29.2,22.2
39101,13.8,42.6,31.3,12.4
39103,6.5,32.4,30.3,30.8
39105,15.8,43.5,27.8,12.9
39107,8.4,49.1,26.7,15.7
39109,11.4,36.9,31.1,20.6
39111,14.1,51.2,24.9,9.9
39113,10.8,28.8,34.6,25.7
39115,13.4,47.5,28,11.1
39117,12.8,46.2,27.1,13.9
39119,13.4,42.9,28.7,15.1
39121,17,52.1,21.6,9.3
39123,7.4,38.6,32.3,21.7
39125,10.3,50.1,26.8,12.7
39127,16.6,43.9,28.5,11
39129,13.6,42.9,26.5,17.1
39131,22.2,42,24,11.8
39133,8.6,37.8,27.6,26
39135,11.9,46,30.3,11.8
39137,7.3,42.8,30.5,19.4
39139,13.3,41.2,29.9,15.7
39141,15.4,42.8,27.2,14.7
39143,10.2,43,32.4,14.5
39145,17.5,40.5,27.6,14.4
39147,9.5,46,30.3,14.2
39149,9.9,44.1,29.7,16.3
39151,10,38.3,29.8,21.9
39153,9.1,32.3,28.3,30.3
39155,11.5,45.2,25.9,17.3
39157,14.1,46.9,24.5,14.4
39159,7.8,36.8,29.2,26.2
39161,8.4,48.7,27.2,15.7
39163,18.1,45.9,26.8,9.1
39165,7.1,26.8,26.6,39.6
39167,10.4,41.5,30.6,17.5
39169,15,41,22.9,21.2
39171,11,45.4,29.8,13.9
39173,5.9,31.3,31.6,31.1
39175,9.9,48.2,27.7,14.1
40001,21,42.6,22.6,13.8
40003,11.8,40.6,27.4,20.2
40005,18.2,40.8,27,14
40007,17.3,37.7,24.9,20.1
40009,16.7,40.4,25.3,17.6
40011,14.6,39.4,29.7,16.3
40013,15.8,33.4,29.4,21.5
40015,15.4,41.2,27.5,15.8
40017,8.3,29.3,36.8,25.5
40019,14.2,39.6,27.4,18.8
40021,14.4,31.1,30,24.4
40023,19.9,40.1,26.9,13.2
40025,15.6,36.3,28.9,19.1
40027,8.8,26.6,33.6,31
40029,17.2,42.8,25.2,14.8
40031,10.7,33.2,35.3,20.8
40033,15.3,40.7,28.6,15.4
40035,15.4,40.3,30.4,13.9
40037,14.7,40,30.4,15
40039,13.7,35.1,24.3,26.9
40041,15.1,37.2,30.9,16.8
40043,10,42.3,25.8,21.8
40045,11.7,37.4,28.9,22
40047,13.5,35.6,29.2,21.7
40049,15.4,43.5,25.9,15.2
40051,13.2,37.7,31.5,17.6
40053,8.9,36,31.5,23.5
40055,15.6,37,34.2,13.1
40057,20.7,26.6,29.9,22.8
40059,16.7,38.6,24,20.7
40061,21.2,38.7,28.6,11.5
40063,20.6,38,29.3,12.2
40065,17.7,27.2,35.4,19.7
40067,15.5,44.8,28,11.7
40069,18.1,35.5,30.3,16.1
40071,13.5,34,34,18.4
40073,12.7,36.1,31.4,19.7
40075,15.4,34.7,31.2,18.8
40077,16.5,34.4,35.1,14
40079,18.5,39.8,27.8,13.8
40081,15.3,39.5,31.7,13.4
40083,9.7,34.4,29.8,26.1
40085,15.9,42.5,27.5,14.2
40087,12.7,34.7,30.2,22.4
40089,19,41.6,26,13.4
40091,17.3,38,31,13.8
40093,12.8,41.2,29.4,16.7
40095,20.3,35.1,31.2,13.4
40097,13.8,37.5,32.4,16.3
40099,17.7,39.2,22.9,20.2
40101,14.9,35.8,30.9,18.4
40103,11.3,35.4,30.6,22.7
40105,15,42.1,29.2,13.8
40107,20,37.3,30.6,12.1
40109,13.8,25.3,30.3,30.6
40111,13.1,37,34.7,15.2
40113,12.5,41.9,29.5,16.1
40115,16.3,36.4,33.6,13.7
40117,12.8,42.3,28.4,16.5
40119,8.7,27.4,27,36.9
40121,14.8,36.4,32.6,16.2
40123,12.1,33.5,27.3,27.1
40125,13,35.5,33.4,18.1
40127,19,39.2,28.6,13.2
40129,9.4,39.7,30.5,20.4
40131,8.9,33.1,34.6,23.4
40133,16.7,36.2,33.4,13.7
40135,18.2,39.5,28.8,13.5
40137,14.4,38.9,29.4,17.3
40139,30.4,28.4,22.2,19.1
40141,23.5,35.8,24,16.7
40143,11.2,25.8,32.6,30.4
40145,10.4,35.3,32.5,21.8
40147,9.8,33.8,29.5,26.9
40149,13.1,40,26.9,20
40151,12.1,33.5,27.3,27.2
40153,13.4,39.7,28.8,18.1
41001,10.7,31.8,37,20.6
41003,5.1,14.9,27.2,52.8
41005,6.9,23.5,36.5,33.1
41007,8.9,26.3,41.3,23.6
41009,10.3,33.8,37.7,18.2
41011,10.9,32.6,38.1,18.3
41013,12.9,37.8,33.9,15.5
41015,9.9,27.7,38.9,23.5
41017,6.5,22.9,38.1,32.6
41019,11.3,32.1,40.9,15.7
41021,8.7,39.3,35.9,16.1
41023,11.2,32.3,37.4,19.1
41025,12.4,33.9,36.7,17
41027,18.8,25.6,23.8,31.7
41029,11.2,27.4,35.8,25.6
41031,16.1,29.5,38.5,16
41033,10.9,32.1,40.2,16.7
41035,11.9,29.9,38.4,19.7
41037,15.6,33.4,33.3,17.7
41039,8.9,25,37.7,28.4
41041,11.2,28.1,37,23.7
41043,10.5,31,41.2,17.3
41045,19.8,29.9,36.5,13.8
41047,15.7,27.2,35.1,22
41049,24.1,35.4,30,10.5
41051,9.7,18.4,30.6,41.3
41053,8.7,26.8,35.1,29.4
41055,8.1,36.7,37.9,17.3
41057,10.5,34.6,33.8,21
41059,16.7,29.1,38,16.3
41061,7.7,33.4,35.7,23.2
41063,6.6,33.1,36,24.3
41065,15.2,28.5,37.7,18.7
41067,9.3,19,31,40.7
41069,10.8,36.1,37.7,15.4
41071,12.5,29.8,34.4,23.2
42001,12.7,42,23.7,21.7
42003,6.5,29.8,26,37.8
42005,11.1,49.4,24.5,15
42007,8.3,39.2,29.8,22.8
42009,14,50.8,21.7,13.5
42011,14.9,38.4,23.5,23.2
42013,9.5,48.2,22.8,19.6
42015,11.5,48,22.8,17.6
42017,6.5,30.7,25.4,37.4
42019,7,34.9,25.8,32.3
42021,10.4,46.3,24.3,19.1
42023,10.5,48.7,25.1,15.7
42025,11.3,46.2,27,15.5
42027,6.8,31.6,20.2,41.4
42029,7.3,23.2,20.4,49.1
42031,11.3,47,21.6,20.1
42033,12.9,50.9,23,13.2
42035,12.9,45.6,24.6,16.9
42037,11.5,45.7,21.7,21.1
42039,12.3,45,22.9,19.8
42041,8.5,35,23.7,32.7
42043,11.2,34.8,25.6,28.4
42045,7.8,31.8,24.4,36
42047,8.9,50.4,24,16.8
42049,9.2,40,24.7,26.1
42051,13.2,49.9,22.7,14.2
42053,19.5,53.6,18.4,8.5
42055,14,43.9,23.1,19
42057,14.9,51.1,20.9,13.1
42059,13.1,47.3,21.9,17.7
42061,11.2,51.7,22.9,14.3
42063,11.5,43.9,22,22.6
42065,11.4,51.2,22.8,14.6
42067,18.3,51,17.5,13.1
42069,10.1,37.7,26.3,25.9
42071,15.5,38.2,21.1,25.2
42073,10.8,45,24.5,19.7
42075,14.3,43.9,22.1,19.6
42077,12.6,33.1,25.8,28.5
42079,11.1,39.5,28,21.4
42081,12,41.1,26.5,20.4
42083,10.3,48.2,24.8,16.7
42085,10.9,44.4,23.2,21.5
42087,17.8,50.2,20.4,11.6
42089,10.3,36.6,30,23
42091,6.2,24.8,22.1,46.9
42093,10.6,39.8,20.8,28.8
42095,10.2,35.3,27.3,27.2
42097,14.4,50.3,20.7,14.6
42099,11.5,46,26.5,16
42101,18,33.8,22.8,25.4
42103,9,35.8,31.4,23.7
42105,12.2,48.2,23.9,15.7
42107,12.5,47.7,24.3,15.4
42109,17.6,46,20,16.5
42111,13.5,49.3,21.9,15.3
42113,10.4,49.1,24.3,16.1
42115,10.9,46.7,25.3,17.1
42117,11.6,44.6,24.2,19.6
42119,16.1,41.2,22.3,20.5
42121,11,49.7,23.6,15.8
42123,9.5,47.2,25.3,18.1
42125,8.7,39.3,24.6,27.4
42127,10.7,44.3,25.4,19.7
42129,7.3,38.9,27.4,26.4
42131,8.8,48.2,24.8,18.2
42133,11.7,41,24.6,22.8
44001,9.3,22.4,23.3,45.1
44003,9.3,28.6,31.3,30.9
44005,7.3,23.1,24.6,45.1
44007,17.9,28.8,26.5,26.8
44009,6.5,23.3,26.1,44.1
45001,21.9,37.5,28.3,12.3
45003,14.7,31,29.1,25.3
45005,25.3,39.4,22.8,12.6
45007,17.2,31.5,31.8,19.5
45009,23.6,25.2,33,18.2
45011,20.7,37.5,29.8,11.9
45013,7.9,23.4,29.9,38.8
45015,12.2,31.1,34.5,22.3
45017,16,37.2,30,16.8
45019,10.3,21.6,27.7,40.4
45021,22.4,36.9,25.5,15.3
45023,21.4,36.5,28.4,13.8
45025,23.7,39.6,24.9,11.8
45027,20.7,36.4,28.6,14.3
45029,17.8,37.9,30.3,14
45031,19.3,36.5,27.4,16.9
45033,27.1,38.9,25,9
45035,10,29.2,35.8,25
45037,18.7,36.3,26.8,18.3
45039,20,39.8,25.9,14.3
45041,15.8,33.7,28.8,21.7
45043,13.9,31.3,29.1,25.8
45045,13.3,26.3,28.4,32.1
45047,19.2,29.7,28,23
45049,22.2,41.8,25.5,10.6
45051,11.8,32.4,33,22.8
45053,21.2,36.9,27,15
45055,14.8,34.8,30.1,20.3
45057,15.6,34,28.5,21.9
45059,20.8,35.4,29.3,14.6
45061,24.4,39.8,25.2,10.7
45063,11.3,28,31.5,29.2
45065,21.3,30.2,30.6,18
45067,18.6,39.1,26.6,15.6
45069,26,41,24.5,8.5
45071,21.5,34.9,26.9,16.6
45073,16.8,31.8,28.6,22.8
45075,17.7,34.8,28.2,19.3
45077,16.2,32,29.3,22.4
45079,9.9,22.5,31.2,36.4
45081,22.7,39.2,24.1,14
45083,16.8,29.8,30.7,22.7
45085,18.3,29.2,33.3,19.2
45087,22,37.8,28,12.2
45089,21.4,40.3,27,11.3
45091,11.6,27.8,31.1,29.5
46003,12,37.1,33,17.9
46005,16.2,33.3,30.8,19.7
46007,20.4,28.8,33.3,17.5
46009,12.1,37.5,31.9,18.5
46011,5.3,26.1,27.8,40.8
46013,7.5,33.3,31,28.3
46015,14.9,30.4,30.4,24.3
46017,18.1,43.4,29,9.5
46019,11.7,35.1,35.4,17.7
46021,10.1,42,26.1,21.8
46023,11.4,37.9,32.5,18.3
46025,10.4,37.3,31,21.3
46027,4.3,27.8,22.9,45
46029,8.8,39.7,31.2,20.3
46031,17.9,34.4,31.7,16.1
46033,7,30.9,36.1,26
46035,9,26.9,36.9,27.2
46037,11.2,38.8,32.9,17.1
46039,9.9,40.8,28.9,20.3
46041,16.1,35.4,34.5,14
46043,14.1,41.1,25.5,19.3
46045,11.1,33.9,31.1,24
46047,7.5,31,38.2,23.2
46049,9.2,34.3,33.2,23.2
46051,8.4,44.3,30.2,17.1
46053,13.2,38.6,30.9,17.2
46055,10,37.6,32.3,20.1
46057,8.6,43.3,28,20.1
46059,11.2,33.6,32.7,22.5
46061,6.1,34.4,33.5,26
46063,7.2,30.1,32.8,29.9
46065,9.5,27.2,30.4,32.9
46067,12.6,32.9,27.8,26.7
46069,8.1,47.6,28.3,16.1
46071,11.7,32.2,36.3,19.8
46073,11.1,40.9,32,16
46075,7.6,38.8,37,16.6
46077,8.8,37.4,32,21.8
46079,6.9,32,28.7,32.4
46081,5.2,33.7,31.5,29.5
46083,4.5,21.8,33.3,40.4
46085,11.5,36.5,32.8,19.2
46087,9.3,33.2,33.5,23.9
46089,20.6,30.2,33.8,15.4
46091,11.5,31.8,34.4,22.3
46093,7.7,32.3,37.1,23
46095,15.5,38.7,30.5,15.3
46097,8.7,39.1,29.1,23
46099,9,29.3,32.3,29.4
46101,9.2,33.8,31.3,25.6
46103,7.4,28.1,36.3,28.2
46105,10.5,37.6,32.6,19.2
46107,9.8,40.7,29,20.5
46109,13.4,37.5,32.4,16.7
46111,8.6,38.8,35.1,17.5
46113,0,0,0,0
46115,9.2,36.4,32.1,22.3
46117,10.2,34.7,28.1,26.9
46119,8.3,35.6,32.4,23.8
46121,23,22.2,40.4,14.4
46123,13.3,34.7,29.9,22.1
46125,8,36.3,34.7,21
46127,8.3,30,30.2,31.5
46129,11.4,36.9,30.1,21.7
46135,8.2,35.3,29.8,26.7
46137,13.6,40.4,32.1,13.9
47001,14.9,33.8,27.3,24
47003,20.9,41.2,24.2,13.7
47005,20.7,46.1,22.4,10.8
47007,24.8,42.8,21.7,10.7
47009,12.4,34.9,29.9,22.8
47011,17.3,32.3,30.5,19.9
47013,27.8,41.8,20.2,10.2
47015,19,42.2,24.8,13.9
47017,21.6,41.4,22.9,14.2
47019,19.4,38.9,25.5,16.1
47021,16,36.6,28.1,19.3
47023,17.5,38.5,28.4,15.7
47025,21.7,42.3,21.8,14.2
47027,24.4,44.7,16.2,14.7
47029,20.8,46.6,22.5,10.1
47031,15.7,39.2,26.8,18.3
47033,23.7,40.4,22.9,13
47035,16.8,38.3,26.7,18.2
47037,12.7,24.1,25.9,37.3
47039,18.7,44.6,24,12.7
47041,22.1,43.2,20.9,13.8
47043,16.5,43.7,25.3,14.5
47045,15.8,40.2,24.7,19.2
47047,12.5,35.8,28.7,22.9
47049,25.3,44.2,19.6,10.9
47051,17.2,37,26.3,19.5
47053,16.2,38.4,29.4,16
47055,18.1,42.3,24.7,14.8
47057,21.7,45.3,21.9,11.1
47059,19,42.6,23.5,15
47061,28.7,42,18.4,10.8
47063,19.2,42.1,23.3,15.5
47065,12.6,27.3,31.4,28.7
47067,26.7,39.4,23.3,10.6
47069,23.2,44.4,22.2,10.1
47071,21.1,43.6,22.5,12.7
47073,19,44.2,24.2,12.6
47075,21,42.1,24.1,12.8
47077,20.2,39.8,27.2,12.8
47079,16.7,45.1,22.7,15.5
47081,23.8,43.3,22.4,10.6
47083,20.5,46.3,22.7,10.5
47085,16.4,42.8,27.4,13.4
47087,25.5,47.7,18.7,8.1
47089,17.6,39.5,27.3,15.6
47091,25.2,40.9,24.7,9.2
47093,9.8,26.5,29.2,34.5
47095,28.3,44.6,18.3,8.9
47097,24.5,44.5,21.9,9.1
47099,20.8,42.2,24.6,12.4
47101,17.7,43.2,27,12.1
47103,17.6,41.9,23.9,16.7
47105,14,34.2,26.3,25.5
47107,17.4,42.7,24.9,15
47109,20.6,44.2,23.8,11.4
47111,26.1,43.9,20.4,9.5
47113,12.3,32.9,29.4,25.4
47115,22.1,37.2,27.4,13.3
47117,18,42,26.6,13.4
47119,12.5,36.6,31.7,19.2
47121,23.5,42.7,25.6,8.2
47123,21.1,42,24.7,12.1
47125,8.1,30.8,36.5,24.6
47127,12.8,40.2,29.4,17.6
47129,20,51.3,22.3,6.4
47131,17.8,41.3,24.1,16.8
47133,21.1,43.7,21.8,13.4
47135,24.5,41.4,23,11
47137,22.7,38.4,27.6,11.4
47139,21.6,43.3,25.3,9.8
48051,21.8,36.4,26.9,14.9
48053,14.9,31.9,30.4,22.7
48055,21,36,27.6,15.4
48057,20.1,31.8,31.9,16.2
48059,12.4,38.7,34.5,14.3
48061,35.2,24,24.4,16.4
48063,21.6,36.5,27.5,14.3
48065,10.2,28.4,37,24.4
48067,14.4,44,27.9,13.6
48069,29.9,33.1,23.7,13.2
48071,16.9,31.8,32.5,18.7
48073,21.8,33.4,28.6,16.3
48075,13.1,40.1,30.1,16.7
48077,11.2,39.5,33.4,15.9
48079,34.2,29.7,23.9,12.2
48081,11.8,33.5,34,20.6
48083,17.8,41.1,29.3,11.8
48085,6.6,15.5,28.2,49.8
48087,21.3,32.7,30.9,15.2
48089,17.5,38.8,25.5,18.2
48091,9.5,25.5,31.5,33.4
48093,21.3,37,24.9,16.7
48095,36.8,30.1,21.4,11.6
48097,12.9,32.1,34,21
48099,11.8,30.3,43.1,14.8
48101,24.7,30.9,29.2,15.2
48103,27.8,30.4,29.1,12.8
48105,28.8,27.2,30.6,13.4
48107,30.3,30.7,27.3,11.7
48109,37.9,32.9,19.3,9.9
48111,25.4,33.3,30.1,11.1
48113,22.3,22.9,25.7,29.1
48115,27.5,37.4,24.1,11
48117,27.8,30.8,26.5,14.8
48119,14.5,33.6,33.1,18.8
48121,8.1,19.3,31.3,41.3
48123,21.4,37.5,26.6,14.5
48125,23.7,28.3,32.6,15.5
48127,31.8,29.8,26.5,11.9
48129,16.5,33.5,34.8,15.2
48131,31.6,33.3,27.1,8.1
48133,17.3,35.9,32.4,14.4
48135,25.9,28.7,30.8,14.6
48137,20.8,28.8,25.2,25.1
48139,15.4,29.7,33.8,21.2
48141,24.3,24.5,29.9,21.3
48143,15.6,27.1,30.7,26.6
48145,23.7,37.7,26.7,11.8
48147,17.6,35.2,31.3,16
48149,20.3,36.9,26.8,16
48151,16.9,33.4,33.4,16.3
48153,26.2,29.1,28.2,16.6
48155,20.2,28.1,29,22.7
48157,11.1,17.5,27.7,43.7
48159,14.8,33.5,33.6,18.1
48161,18.2,33.9,35.7,12.3
48163,34.4,33.8,23.8,8
48165,39.4,27.9,20.9,11.8
48167,12.5,24.5,33.8,29.3
48169,40.3,27.8,22.5,9.4
48171,13.3,26.6,26.8,33.4
48173,20.7,25.8,28.9,24.6
48175,11.5,39.5,35.1,13.9
48177,27.9,33.7,24.6,13.8
48179,19.5,33,33.9,13.6
48181,12.9,32,34.8,20.3
48183,15.9,28.2,35.5,20.5
48185,21.7,35.9,31,11.5
48187,12.6,29.7,31.7,26.1
48189,27.6,32.2,25.4,14.7
48191,26.5,27.9,32.8,12.7
48193,19.3,33.2,26.2,21.3
48195,24.7,29.6,26.3,19.4
48197,20.6,33.1,28.6,17.7
48199,13.7,38.2,32.7,15.4
48201,20.4,23.3,26.8,29.5
48203,16.2,34,30.7,19.1
48205,20.2,34.3,24.2,21.3
48207,28.2,32.6,24.5,14.7
48209,11,21.4,31.4,36.1
48211,17.6,25.8,32.2,24.4
48213,18.1,34.3,31.2,16.5
48215,37.9,23.2,22.1,16.7
48217,20.6,33.1,31.5,14.8
48219,22.2,26.2,35.9,15.7
48221,11.6,28.4,34.5,25.5
48223,17.7,37.3,28.8,16.2
48225,17.5,37.3,30.7,14.5
48227,22,31.3,33.9,12.8
48229,48.7,24.5,18.5,8.2
48231,16.6,34.6,31.3,17.5
48233,15.8,31.2,37.8,15.1
48235,11.2,34.9,39.3,14.7
48237,20.4,40.5,28,11.1
48239,19.1,33.9,29.6,17.4
48241,15.9,44,30.5,9.6
48243,19.2,21.1,23.1,36.6
48245,17,33.3,31.3,18.4
48247,28.6,30.2,28.4,12.8
48249,28.9,34.1,26,11
48251,16.8,31.7,34.3,17.3
48253,26.1,39,25.2,9.7
48255,26.3,36.3,24.5,13
48257,16.4,31.4,33.2,19
48259,9.2,21.1,28.9,40.8
48261,32.2,33.4,19.3,15.1
48263,21.3,26.1,27.8,24.8
48265,12.4,27.8,31.7,28.1
48267,16.9,35.4,30.6,17.1
48269,20,39.5,18.6,21.8
48271,33.6,27.9,26,12.5
48273,25.4,22.1,27.1,25.4
48275,18.8,37,29,15.2
48277,14.9,34.7,34.2,16.2
48279,26.1,30.5,27,16.3
48281,12.3,25.8,40.8,21
48283,38.6,32.7,13.8,14.9
48285,18.2,41.6,24.3,15.9
48287,16.9,39.1,26.8,17.2
48289,16.2,36.2,30.4,17.2
48291,23.8,38,28.6,9.6
48293,19.6,35.7,30.9,13.8
48295,17.4,37.2,26.8,18.6
48297,19.4,36,31.8,12.7
48299,12.2,27.2,33,27.6
48301,19.8,51.9,26.4,1.9
48303,15.3,25.9,31.3,27.5
48305,22.6,31.9,29,16.5
48307,22.3,31.3,30.8,15.6
48309,16.6,27.9,33.2,22.2
48311,23.7,29,31.8,15.4
48313,23.5,36.8,29.1,10.6
48315,16.5,37.6,31.6,14.3
48317,20.6,35.5,26.5,17.5
48319,15,34.7,27.9,22.4
48321,22.7,35.4,26.6,15.3
48323,40.9,22.4,25.9,10.7
48325,18.3,31.9,30.9,18.9
48327,22.8,30.3,29.5,17.4
48329,17,23.6,33.8,25.6
48331,18.6,37.5,27.3,16.7
48333,17.1,26.8,34,22.1
48335,26.2,33.4,29.5,11
48337,17.6,34.1,32.5,15.8
48339,13.7,24.3,29.8,32.2
48341,35.9,26.1,25.9,12
48343,16.8,34.7,34,14.5
48345,16.1,31.8,34.9,17.2
48347,18,28.1,28.8,25.1
48349,22.7,30.5,31.2,15.7
48351,12.4,50.1,31.1,6.4
48453,12.2,17.1,24.8,46
48455,16.7,41.9,30.4,11.1
48457,15.7,41.8,31.3,11.2
48459,17.2,32.6,35.7,14.5
48461,23.9,39.4,26.5,10.1
48463,29.5,23.2,32,15.3
48465,34,26.6,22.5,17
48467,18.4,35.4,30.8,15.5
48469,17.5,31.3,33,18.2
48471,18.1,35.8,27.2,18.9
48473,21.9,31.4,27.9,18.8
48475,24.6,35,29,11.4
48477,17.3,31.3,29.8,21.6
48479,34.8,24.4,23.8,17.1
48481,23.5,33.6,28.8,14.1
48483,18.7,31.3,33.2,16.9
48485,13.9,32.4,32.1,21.6
48487,21.1,29.9,32.5,16.5
48489,37.1,35.5,19.1,8.3
48491,7.5,20.7,32.6,39.3
48493,14.9,34.8,30.8,19.5
48495,28.7,31.2,29.1,11.1
48497,15.8,36.8,30.8,16.5
48499,15.4,34.7,32.8,17
48501,29.1,29.7,26.5,14.7
48503,19,35.9,27.6,17.6
48505,46.7,26,18.9,8.4
48507,39.8,27,24.2,9
49001,7.9,37.2,35,20
49003,7.9,32.5,38.1,21.5
49005,7.5,21.9,34.4,36.1
49007,12,26.9,46,15.1
49009,6.5,34.7,42.8,15.9
49011,4.8,21.2,39.2,34.8
49013,12.3,36,36.7,15
49015,9.8,32.9,44.7,12.6
49017,8.7,34.5,37.1,19.7
49019,9.9,24.1,42.3,23.7
49021,8.4,24.7,38.3,28.6
49023,8.8,35,40.3,15.8
49025,4.7,28.8,41.6,24.8
49027,12,29.1,38.9,20
49029,1.6,24.4,39.4,34.6
49031,16.5,39.8,26.2,17.5
49033,2.9,37.6,40.3,19.1
49035,10.4,22.8,34.6,32.1
49037,16.4,31.5,33.2,18.9
49039,11.2,27,41.3,20.5
49041,9.6,33.7,40.4,16.4
49043,6.6,15.5,27.1,50.8
49045,7.6,32.1,37.9,22.4
49047,13.2,34.7,36.2,15.9
49049,6.7,16.8,39.2,37.3
49051,8.4,20.7,37.4,33.5
49053,7.4,24.6,40.9,27.1
49055,7.3,25.3,40.6,26.8
49057,10.5,29.1,37.4,23
50001,7.9,32,24.6,35.5
50003,9.3,30.7,26.6,33.5
50005,9.9,36.1,26.9,27
50007,6.2,20.6,24.5,48.7
50009,15.5,43.3,25.2,16
50011,10.5,37.6,28.3,23.6
50013,6.1,29.7,29.1,35.1
50015,7.9,28.6,27.2,36.2
50017,8.5,34.9,25.8,30.8
50019,13.7,38.7,25.5,22.1
50021,9.3,34.2,27.4,29.1
50023,6.1,29.2,24.8,39.9
50025,8.4,30.7,25.1,35.8
50027,7.6,31.7,25.6,35.1
51001,19.7,39.9,21.7,18.8
51003,8.7,18.2,21.5,51.7
51005,16.4,36.9,30.9,15.7
51007,20.3,34.1,31.1,14.5
51009,17.2,35.7,28.8,18.3
51011,16,36.1,30.2,17.7
51013,6.5,8.3,12.3,72.9
51015,14,40.1,23.8,22
51017,12.1,38.9,27.2,21.8
51019,11.9,31,30.4,26.7
51021,14.7,39.5,31.6,14.1
51023,8.9,35,29.9,26.2
51025,24.1,35.7,27.1,13.1
51027,30.2,34.4,25.6,9.9
51029,22.8,43.5,23.3,10.4
51031,15.2,36.1,29.5,19.3
51033,17.8,36.7,26.4,19.2
51035,20.2,34.5,30.8,14.5
51036,24.4,39.3,23.3,13
51037,22,37.6,26.4,14
51041,9,24.1,30,36.9
51043,12.3,28,28.7,31
51045,10.4,48.4,26.5,14.7
51047,16.2,34.1,27.8,21.9
51049,22.5,36.5,26.4,14.5
51051,24.9,35.6,28.5,11
51053,18.2,39.7,26.8,15.3
51057,17.7,38.5,28.6,15.2
51059,8,13,19.1,59.9
51061,8.8,28.5,29.2,33.5
51063,16.8,35.6,29.4,18.2
51065,11.3,28.4,28.7,31.5
51067,16,32,31.5,20.5
51069,12.6,30.5,27.8,29.1
51071,16,40,28.1,15.8
51073,9.8,33.9,34.3,22.1
51075,10,26.9,25.8,37.4
51077,21.4,41.1,27.5,10
51079,15.2,34.9,26.1,23.7
51081,23.8,42.3,25.3,8.6
51083,20.2,36.5,27.8,15.5
51085,7.8,27.6,28.8,35.7
51087,9.3,22.8,27.1,40.7
51089,21.6,34.1,32.9,11.4
51091,16.3,38.6,23.4,21.6
51093,13.7,27.7,31.7,26.9
51095,6.2,21.1,25.7,47
51097,15.2,41.1,25.6,18.1
51099,7.3,30.3,30,32.3
51101,12.3,39.4,29.9,18.4
51103,10,32.8,29.2,27.9
51105,25.5,33.6,28.8,12
51107,6.4,13.8,21.6,58.2
51109,17.2,37,25.2,20.6
51111,25.6,34.9,27.4,12.2
51113,16.9,36.4,23.5,23.2
51115,7.9,33.3,29.7,29.2
51117,21.2,32.5,30.8,15.6
51119,12.3,32.5,31,24.2
51121,8.7,21.8,23.8,45.7
51125,16.1,33.6,22.2,28.2
51127,9.9,33,32.5,24.6
51131,20.3,34.2,25,20.6
51133,11.9,31.1,31.7,25.4
51135,22.3,37.1,25.4,15.2
51137,12.1,34.7,28.1,25.1
51139,22.9,42.9,21.4,12.8
51141,21.3,36,30.1,12.6
51143,19.3,35.3,31.2,14.1
51145,10.9,28.6,32.6,27.9
51147,18,34.6,23,24.4
51149,12.3,33.4,32.9,21.3
51153,10.3,21.7,29.2,38.8
51155,16,34.2,31.9,17.8
51157,13.5,25.6,25.8,35.1
51159,20.9,40.2,26.2,12.7
51161,8.1,26.4,31.4,34.2
51163,14.2,36.3,24,25.5
51165,18.7,35.5,22,23.8
51167,23.4,36.7,27.5,12.4
51169,23.5,36.2,28.5,11.7
51171,15.5,39.5,26,19
51173,18.2,38.8,27.9,15
51175,19.6,34.8,30.7,15
51177,10.5,31.7,28.6,29.3
51179,6.7,23.7,32.8,36.8
51181,18.4,29.2,31.3,21.2
51183,29.3,40.3,20.8,9.6
51185,20.8,35.8,29.9,13.5
51187,14.5,36.6,28.2,20.7
51191,15.9,32.9,27.8,23.3
51193,18.9,36.3,26.4,18.3
51195,26,32.4,27.6,14
51197,18.8,36.4,28.8,16
51199,6,19.6,32.3,42.2
51510,8.5,12.1,18,61.4
51515,0,0,0,0
51520,17.6,32.8,26.3,23.3
51530,18.1,40.5,24.9,16.4
51540,9.8,22.2,18.2,49.8
51550,8.9,26.5,35,29.6
51570,12.1,35.2,31,21.7
51580,16.8,43.5,30.5,9.3
51590,21.3,28.1,32.7,17.9
51595,25.3,32.6,24,18.1
51600,7.6,15.2,22.4,54.9
51610,2.3,7.5,11.4,78.8
51620,19.8,24.9,29.1,26.2
51630,9,26.9,26.7,37.3
51640,27.7,33.7,27.1,11.6
51650,10.1,27.3,39.3,23.2
51660,15.9,26.5,21.8,35.8
51670,19.1,38.3,30.3,12.3
51678,20,18.1,18.1,43.8
51680,11.7,25.1,30.1,33.1
51683,18.5,26,26.6,28.8
51685,17.7,26,28,28.3
51690,21.9,29.7,30.6,17.8
51700,11,28.2,36.8,24
51710,13,26.9,34,26.1
51720,18,19.4,43,19.6
51730,22.1,34,28,15.9
51735,6.4,27,29.5,37.1
51740,16.4,28.9,34,20.8
51750,10.6,22.6,31.3,35.5
51760,16.8,23,24.1,36
51770,15.6,30.4,30.4,23.6
51775,10,29.8,31.8,28.4
51790,12.8,30.9,25,31.3
51800,12.5,28.3,32.9,26.4
51810,6.7,22.4,37.1,33.8
51820,15.1,38.5,28,18.4
51830,8.3,15.5,23.7,52.4
51840,15.8,30.4,25.6,28.3
53001,33.4,25.9,27,13.6
53003,10.6,30.5,40.7,18.2
53005,11.1,24.4,35.1,29.4
53007,16.5,30.1,28.8,24.5
53009,7.7,27.9,39.7,24.7
53011,8.6,25.3,38.9,27.2
53013,9.9,27.5,39.5,23
53015,12.2,30.9,40.9,16
53017,19.2,27.7,35.7,17.4
53019,12.7,31.2,39.4,16.7
53021,26.4,27.3,30.5,15.9
53023,4.4,29.4,41.7,24.5
53025,24.5,26.8,32.3,16.4
53027,12.1,32.1,41.1,14.7
53029,5.5,23.3,39.5,31.7
53031,5.9,23.2,33.9,37
53033,7.7,16.5,28,47.9
53035,5.5,23.2,41,30.3
53037,9.2,26,31.2,33.6
53039,11.4,29,36.2,23.5
53041,12.9,31.6,40.1,15.4
53043,8.7,33.4,37.3,20.6
53045,12.4,30.4,39.5,17.7
53047,17.1,29.8,34.6,18.5
53049,12.6,31.6,39,16.8
53051,9,32.2,41.6,17.1
53053,9.1,28.8,37.4,24.7
53055,4.6,17.2,31.6,46.6
53057,11.7,26.7,36.9,24.8
53059,9.3,29.2,39.6,22
53061,8.4,24.3,37.4,29.9
53063,7.2,25.7,38.6,28.6
53065,9.7,34.4,39.2,16.7
53067,6.6,22.7,37.4,33.4
53069,7.6,33.1,44.8,14.5
53071,11.3,22.6,38.9,27.2
53073,8.8,23,35.7,32.5
53075,4.3,17.4,29.3,48.9
53077,28.1,27.8,28.3,15.7
54001,18.9,47.1,22.1,11.9
54003,12.9,38.2,29.1,19.7
54005,21.5,49.4,20.2,8.8
54007,19.6,49.1,19.4,12
54009,9.2,43.7,28.6,18.5
54011,13.1,31.9,28.1,26.9
54013,23.1,48.9,17.6,10.4
54015,26.3,49.1,14.7,9.8
54017,18.2,44.3,24.1,13.5
54019,19.7,44.4,23.5,12.4
54021,21.7,36.6,25.1,16.6
54023,18.1,50.2,19.3,12.3
54025,15.2,44,22.8,18.1
54027,21.8,50,18.1,10.1
54029,13.1,42.8,26.3,17.8
54031,20.6,47.7,17.7,14
54033,12.5,39.5,27.7,20.4
54035,13.6,41.1,27.7,17.6
54037,11.9,32.1,27.6,28.4
54039,11.8,37.3,25.8,25.1
54041,13.3,49.7,22.9,14.1
54043,21.6,43.4,25.5,9.5
54045,23.6,41.6,26.7,8.1
54047,35.6,43.9,15.5,5.1
54049,11.6,40.9,26,21.4
54051,10.8,45.1,27.3,16.8
54053,15.9,47.5,26.3,10.4
54055,17.6,37.9,25.7,18.8
54057,12,50.2,24.9,12.9
54059,26.3,41,22.4,10.2
54061,8.4,29.9,21.9,39.7
54063,18.1,49.4,19.2,13.3
54065,16.7,41.2,23.4,18.6
54067,16.1,48,21.9,13.9
54069,9,34.5,26.8,29.8
54071,19.8,46,18.8,15.3
54073,11.6,50.1,25.3,13
54075,15.3,47.4,20.6,16.7
54077,17.9,46.4,21.2,14.6
54079,8.7,37.8,28,25.4
54081,17.4,39.5,24.8,18.3
54083,16.1,46.3,18.2,19.3
54085,18.6,47.9,23.1,10.5
54087,21.5,46.5,20.7,11.3
54089,18.1,40.5,27.8,13.6
54091,14.9,43.6,25,16.6
54093,12.5,52.7,20.6,14.2
54095,13.7,49.2,25.9,11.3
54097,15.9,48.4,19.4,16.3
54099,21.3,40.9,25.5,12.3
54101,29.1,43,18.7,9.3
54103,16.1,48.7,24.8,10.4
54105,14.1,47.6,26.3,12
54107,10.9,38.1,32.3,18.8
54109,24.8,46,21.3,7.9
55001,12.8,43.7,30.7,12.8
55003,7.7,35,34.1,23.2
55005,10.5,39.8,33.1,16.6
55007,6,30.2,34.5,29.3
55009,9.4,31.3,31.4,27.9
55011,8.7,42.5,30.8,18
55013,8.6,40,33.7,17.7
55015,7.1,33.8,30.7,28.4
55017,8.2,38.5,34.1,19.2
55019,18.6,43.3,26.6,11.5
55021,7.5,34.9,35.5,22.1
55023,10.1,42.7,32.1,15.1
55025,5,19,28.1,47.9
55027,11.8,40.2,31.6,16.4
55029,6.4,32.9,31,29.7
55031,6.6,33.2,37.6,22.5
55033,7.3,34.6,32.6,25.6
55035,6.8,26.9,35.2,31.1
55037,8.8,39.2,34.8,17.1
55039,8.7,38.5,31.3,21.5
55041,13.2,40.7,32.4,13.8
55043,8.6,38.7,31.4,21.3
55045,7.8,39,31.3,21.9
55047,12,42.3,28.8,16.9
55049,6.9,36.3,33.9,22.9
55051,7.1,35.8,36.1,21
55053,12.9,42.2,31,13.8
55055,8.8,36.5,32.1,22.6
55057,14.6,42.2,30.9,12.3
55059,9.7,32.8,33,24.5
55061,8.1,44.2,31.9,15.8
55063,5.6,27.7,35.8,30.9
55065,10.3,41.5,30.7,17.5
55067,10.9,42.4,31.8,14.9
55069,10,40.5,34.1,15.3
55071,9.7,39.9,30.7,19.7
55073,9,37.1,30.2,23.7
55075,9,42.6,34,14.4
55077,12.1,43.8,31.3,12.8
55078,10.2,43.8,29.9,16.1
55079,13.5,28.1,29.3,29.1
55081,10.7,39.4,32.8,17.1
55083,9.8,43.7,31.1,15.4
55085,7.5,34.3,33.2,25
55087,6.5,34.2,31.6,27.7
55089,3.6,22.5,27.8,46.1
55091,9.1,43,30.5,17.4
55093,5.5,32.6,34.4,27.5
55095,7.8,39,33.7,19.5
55097,7.5,33.7,29.6,29.2
55099,10.1,41.6,31.8,16.6
55101,11.8,30.7,33.8,23.7
55103,10.9,41,31.5,16.7
55105,11.1,36.8,31.7,20.4
55107,11.9,43.2,29.8,15
55109,4.8,27.7,35.1,32.3
55111,10,36.6,31.2,22.2
55113,9,34.5,34,22.6
55115,9.7,45.3,29.5,15.5
55117,9,36.7,30.9,23.4
55119,12.4,46.3,28,13.3
55121,11.5,38.8,30.6,19.2
55123,11.6,38.1,29.7,20.5
55125,7.5,31.4,35.1,26
55127,9.8,31.8,31.5,26.8
55129,8.6,38.8,31.9,20.7
55131,6.7,30,34.4,28.9
55133,4.3,24.3,30.2,41.2
55135,9.7,43.7,29.6,16.9
55137,13.3,42.3,29.9,14.6
55139,8,34,31.4,26.6
55141,8,39.2,33.2,19.6
56001,3.5,17,30.2,49.3
56003,11.2,31.3,37.9,19.6
56005,8.7,34.4,37.6,19.3
56007,9.2,35.6,35.7,19.5
56009,8.7,38,35.8,17.5
56011,7,34.7,39.5,18.8
56013,8.3,31.7,38.7,21.3
56015,9.1,29.9,38.1,22.8
56017,9.1,30.8,39.5,20.6
56019,5.6,36.1,33,25.3
56021,6.9,26.3,38.9,27.8
56023,6.6,31.5,40.4,21.5
56025,8.8,27.5,41.9,21.9
56027,9.5,28.1,41.1,21.3
56029,6.8,28.5,36.3,28.4
56031,7.7,30.8,39.8,21.7
56033,5.5,27.2,38,29.4
56035,4.5,35.2,37.3,22.9
56037,9.5,35.4,35.5,19.6
56039,4.1,17.9,24.1,53.9
56041,10.3,36.2,34.2,19.3
56043,12.6,29.3,37,21.1
56045,11.9,32.2,37.7,18.1
2230,2.7,29,32.4,35.9
2275,9.8,35.6,34.7,19.9
2198,9.4,40.9,34.1,15.5
