FIPS,FOODINSEC_10_12,VLFOODSEC_10_12,CH_VLFOODSEC_02_12,FOODINSEC_CHILD_03_11
1001,17.9,6.8,3.1,9.3
1003,17.9,6.8,3.1,9.3
1005,17.9,6.8,3.1,9.3
1007,17.9,6.8,3.1,9.3
1009,17.9,6.8,3.1,9.3
1011,17.9,6.8,3.1,9.3
1013,17.9,6.8,3.1,9.3
1015,17.9,6.8,3.1,9.3
1017,17.9,6.8,3.1,9.3
1019,17.9,6.8,3.1,9.3
1021,17.9,6.8,3.1,9.3
1023,17.9,6.8,3.1,9.3
1025,17.9,6.8,3.1,9.3
1027,17.9,6.8,3.1,9.3
1029,17.9,6.8,3.1,9.3
1031,17.9,6.8,3.1,9.3
1033,17.9,6.8,3.1,9.3
1035,17.9,6.8,3.1,9.3
1037,17.9,6.8,3.1,9.3
1039,17.9,6.8,3.1,9.3
1041,17.9,6.8,3.1,9.3
1043,17.9,6.8,3.1,9.3
1045,17.9,6.8,3.1,9.3
1047,17.9,6.8,3.1,9.3
1049,17.9,6.8,3.1,9.3
1051,17.9,6.8,3.1,9.3
1053,17.9,6.8,3.1,9.3
1055,17.9,6.8,3.1,9.3
1057,17.9,6.8,3.1,9.3
1059,17.9,6.8,3.1,9.3
1061,17.9,6.8,3.1,9.3
1063,17.9,6.8,3.1,9.3
1065,17.9,6.8,3.1,9.3
1067,17.9,6.8,3.1,9.3
1069,17.9,6.8,3.1,9.3
1071,17.9,6.8,3.1,9.3
1073,17.9,6.8,3.1,9.3
1075,17.9,6.8,3.1,9.3
1077,17.9,6.8,3.1,9.3
1079,17.9,6.8,3.1,9.3
1081,17.9,6.8,3.1,9.3
1083,17.9,6.8,3.1,9.3
1085,17.9,6.8,3.1,9.3
1087,17.9,6.8,3.1,9.3
1089,17.9,6.8,3.1,9.3
1091,17.9,6.8,3.1,9.3
1093,17.9,6.8,3.1,9.3
1095,17.9,6.8,3.1,9.3
1097,17.9,6.8,3.1,9.3
1099,17.9,6.8,3.1,9.3
1101,17.9,6.8,3.1,9.3
1103,17.9,6.8,3.1,9.3
1105,17.9,6.8,3.1,9.3
1107,17.9,6.8,3.1,9.3
1109,17.9,6.8,3.1,9.3
1111,17.9,6.8,3.1,9.3
1113,17.9,6.8,3.1,9.3
1115,17.9,6.8,3.1,9.3
1117,17.9,6.8,3.1,9.3
1119,17.9,6.8,3.1,9.3
1121,17.9,6.8,3.1,9.3
1123,17.9,6.8,3.1,9.3
1125,17.9,6.8,3.1,9.3
1127,17.9,6.8,3.1,9.3
1129,17.9,6.8,3.1,9.3
1131,17.9,6.8,3.1,9.3
1133,17.9,6.8,3.1,9.3
2010,,,,
2013,12.1,4.4,0.1,8
2016,12.1,4.4,0.1,8
2020,12.1,4.4,0.1,8
2050,12.1,4.4,0.1,8
2060,12.1,4.4,0.1,8
2068,12.1,4.4,0.1,8
2070,12.1,4.4,0.1,8
2090,12.1,4.4,0.1,8
2100,12.1,4.4,0.1,8
2105,12.1,4.4,0.1,8
2110,12.1,4.4,0.1,8
2122,12.1,4.4,0.1,8
2130,12.1,4.4,0.1,8
2150,12.1,4.4,0.1,8
2164,12.1,4.4,0.1,8
2170,12.1,4.4,0.1,8
2180,12.1,4.4,0.1,8
2185,12.1,4.4,0.1,8
2188,12.1,4.4,0.1,8
2195,12.1,4.4,0.1,8
2198,12.1,4.4,0.1,8
2201,,,,
2220,12.1,4.4,0.1,8
2230,12.1,4.4,0.1,8
2231,,,,
2232,,,,
2240,12.1,4.4,0.1,8
2261,12.1,4.4,0.1,8
2270,12.1,4.4,0.1,8
2275,12.1,4.4,0.1,8
2280,,,,
2282,12.1,4.4,0.1,8
2290,12.1,4.4,0.1,8
4001,14.9,6.4,2.7,10.9
4003,14.9,6.4,2.7,10.9
4005,14.9,6.4,2.7,10.9
4007,14.9,6.4,2.7,10.9
4009,14.9,6.4,2.7,10.9
4011,14.9,6.4,2.7,10.9
4012,14.9,6.4,2.7,10.9
4013,14.9,6.4,2.7,10.9
4015,14.9,6.4,2.7,10.9
4017,14.9,6.4,2.7,10.9
4019,14.9,6.4,2.7,10.9
4021,14.9,6.4,2.7,10.9
4023,14.9,6.4,2.7,10.9
4025,14.9,6.4,2.7,10.9
4027,14.9,6.4,2.7,10.9
5001,19.7,8.1,3.7,11.5
5003,19.7,8.1,3.7,11.5
5005,19.7,8.1,3.7,11.5
5007,19.7,8.1,3.7,11.5
5009,19.7,8.1,3.7,11.5
5011,19.7,8.1,3.7,11.5
5013,19.7,8.1,3.7,11.5
5015,19.7,8.1,3.7,11.5
5017,19.7,8.1,3.7,11.5
5019,19.7,8.1,3.7,11.5
5021,19.7,8.1,3.7,11.5
5023,19.7,8.1,3.7,11.5
5025,19.7,8.1,3.7,11.5
5027,19.7,8.1,3.7,11.5
5029,19.7,8.1,3.7,11.5
5031,19.7,8.1,3.7,11.5
5033,19.7,8.1,3.7,11.5
5035,19.7,8.1,3.7,11.5
5037,19.7,8.1,3.7,11.5
5039,19.7,8.1,3.7,11.5
5041,19.7,8.1,3.7,11.5
5043,19.7,8.1,3.7,11.5
5045,19.7,8.1,3.7,11.5
5047,19.7,8.1,3.7,11.5
5049,19.7,8.1,3.7,11.5
5051,19.7,8.1,3.7,11.5
5053,19.7,8.1,3.7,11.5
5055,19.7,8.1,3.7,11.5
5057,19.7,8.1,3.7,11.5
5059,19.7,8.1,3.7,11.5
5061,19.7,8.1,3.7,11.5
5063,19.7,8.1,3.7,11.5
5065,19.7,8.1,3.7,11.5
5067,19.7,8.1,3.7,11.5
5069,19.7,8.1,3.7,11.5
5071,19.7,8.1,3.7,11.5
5073,19.7,8.1,3.7,11.5
5075,19.7,8.1,3.7,11.5
5077,19.7,8.1,3.7,11.5
5079,19.7,8.1,3.7,11.5
5081,19.7,8.1,3.7,11.5
5083,19.7,8.1,3.7,11.5
5085,19.7,8.1,3.7,11.5
5087,19.7,8.1,3.7,11.5
5089,19.7,8.1,3.7,11.5
5091,19.7,8.1,3.7,11.5
5093,19.7,8.1,3.7,11.5
5095,19.7,8.1,3.7,11.5
5097,19.7,8.1,3.7,11.5
5099,19.7,8.1,3.7,11.5
5101,19.7,8.1,3.7,11.5
5103,19.7,8.1,3.7,11.5
5105,19.7,8.1,3.7,11.5
5107,19.7,8.1,3.7,11.5
5109,19.7,8.1,3.7,11.5
5111,19.7,8.1,3.7,11.5
5113,19.7,8.1,3.7,11.5
5115,19.7,8.1,3.7,11.5
5117,19.7,8.1,3.7,11.5
5119,19.7,8.1,3.7,11.5
5121,19.7,8.1,3.7,11.5
5123,19.7,8.1,3.7,11.5
5125,19.7,8.1,3.7,11.5
5127,19.7,8.1,3.7,11.5
5129,19.7,8.1,3.7,11.5
5131,19.7,8.1,3.7,11.5
5133,19.7,8.1,3.7,11.5
5135,19.7,8.1,3.7,11.5
5137,19.7,8.1,3.7,11.5
5139,19.7,8.1,3.7,11.5
5141,19.7,8.1,3.7,11.5
5143,19.7,8.1,3.7,11.5
5145,19.7,8.1,3.7,11.5
5147,19.7,8.1,3.7,11.5
5149,19.7,8.1,3.7,11.5
6001,15.6,5.7,2.2,10.8
6003,15.6,5.7,2.2,10.8
6005,15.6,5.7,2.2,10.8
6007,15.6,5.7,2.2,10.8
6009,15.6,5.7,2.2,10.8
6011,15.6,5.7,2.2,10.8
6013,15.6,5.7,2.2,10.8
6015,15.6,5.7,2.2,10.8
6017,15.6,5.7,2.2,10.8
6019,15.6,5.7,2.2,10.8
6021,15.6,5.7,2.2,10.8
6023,15.6,5.7,2.2,10.8
6025,15.6,5.7,2.2,10.8
6027,15.6,5.7,2.2,10.8
6029,15.6,5.7,2.2,10.8
6031,15.6,5.7,2.2,10.8
6033,15.6,5.7,2.2,10.8
6035,15.6,5.7,2.2,10.8
6037,15.6,5.7,2.2,10.8
6039,15.6,5.7,2.2,10.8
6041,15.6,5.7,2.2,10.8
6043,15.6,5.7,2.2,10.8
6045,15.6,5.7,2.2,10.8
6047,15.6,5.7,2.2,10.8
6049,15.6,5.7,2.2,10.8
6051,15.6,5.7,2.2,10.8
6053,15.6,5.7,2.2,10.8
6055,15.6,5.7,2.2,10.8
6057,15.6,5.7,2.2,10.8
6059,15.6,5.7,2.2,10.8
6061,15.6,5.7,2.2,10.8
6063,15.6,5.7,2.2,10.8
6065,15.6,5.7,2.2,10.8
6067,15.6,5.7,2.2,10.8
6069,15.6,5.7,2.2,10.8
6071,15.6,5.7,2.2,10.8
6073,15.6,5.7,2.2,10.8
6075,15.6,5.7,2.2,10.8
6077,15.6,5.7,2.2,10.8
6079,15.6,5.7,2.2,10.8
6081,15.6,5.7,2.2,10.8
6083,15.6,5.7,2.2,10.8
6085,15.6,5.7,2.2,10.8
6087,15.6,5.7,2.2,10.8
6089,15.6,5.7,2.2,10.8
6091,15.6,5.7,2.2,10.8
6093,15.6,5.7,2.2,10.8
6095,15.6,5.7,2.2,10.8
6097,15.6,5.7,2.2,10.8
6099,15.6,5.7,2.2,10.8
6101,15.6,5.7,2.2,10.8
6103,15.6,5.7,2.2,10.8
6105,15.6,5.7,2.2,10.8
6107,15.6,5.7,2.2,10.8
6109,15.6,5.7,2.2,10.8
6111,15.6,5.7,2.2,10.8
6113,15.6,5.7,2.2,10.8
6115,15.6,5.7,2.2,10.8
8001,14.1,5.8,3,8.8
8003,14.1,5.8,3,8.8
8005,14.1,5.8,3,8.8
8007,14.1,5.8,3,8.8
8009,14.1,5.8,3,8.8
8011,14.1,5.8,3,8.8
8013,14.1,5.8,3,8.8
8014,14.1,5.8,3,8.8
8014,14.1,5.8,3,8.8
8015,14.1,5.8,3,8.8
8017,14.1,5.8,3,8.8
8019,14.1,5.8,3,8.8
8021,14.1,5.8,3,8.8
8023,14.1,5.8,3,8.8
8025,14.1,5.8,3,8.8
8027,14.1,5.8,3,8.8
8029,14.1,5.8,3,8.8
8031,14.1,5.8,3,8.8
8033,14.1,5.8,3,8.8
8035,14.1,5.8,3,8.8
8037,14.1,5.8,3,8.8
8039,14.1,5.8,3,8.8
8041,14.1,5.8,3,8.8
8043,14.1,5.8,3,8.8
8045,14.1,5.8,3,8.8
8047,14.1,5.8,3,8.8
8049,14.1,5.8,3,8.8
8051,14.1,5.8,3,8.8
8053,14.1,5.8,3,8.8
8055,14.1,5.8,3,8.8
8057,14.1,5.8,3,8.8
8059,14.1,5.8,3,8.8
8061,14.1,5.8,3,8.8
8063,14.1,5.8,3,8.8
8065,14.1,5.8,3,8.8
8067,14.1,5.8,3,8.8
8069,14.1,5.8,3,8.8
8071,14.1,5.8,3,8.8
8073,14.1,5.8,3,8.8
8075,14.1,5.8,3,8.8
8077,14.1,5.8,3,8.8
8079,14.1,5.8,3,8.8
8081,14.1,5.8,3,8.8
8083,14.1,5.8,3,8.8
8085,14.1,5.8,3,8.8
8087,14.1,5.8,3,8.8
8089,14.1,5.8,3,8.8
8091,14.1,5.8,3,8.8
8093,14.1,5.8,3,8.8
8095,14.1,5.8,3,8.8
8097,14.1,5.8,3,8.8
8099,14.1,5.8,3,8.8
8101,14.1,5.8,3,8.8
8103,14.1,5.8,3,8.8
8105,14.1,5.8,3,8.8
8107,14.1,5.8,3,8.8
8109,14.1,5.8,3,8.8
8111,14.1,5.8,3,8.8
8113,14.1,5.8,3,8.8
8115,14.1,5.8,3,8.8
8117,14.1,5.8,3,8.8
8119,14.1,5.8,3,8.8
8121,14.1,5.8,3,8.8
8123,14.1,5.8,3,8.8
8125,14.1,5.8,3,8.8
9001,13.4,4.9,2.1,8
9003,13.4,4.9,2.1,8
9005,13.4,4.9,2.1,8
9007,13.4,4.9,2.1,8
9009,13.4,4.9,2.1,8
9011,13.4,4.9,2.1,8
9013,13.4,4.9,2.1,8
9015,13.4,4.9,2.1,8
10001,11.6,4.9,3,7
10003,11.6,4.9,3,7
10005,11.6,4.9,3,7
11001,12,4.5,2.2,11.2
12001,14.8,5.7,2,9.4
12003,14.8,5.7,2,9.4
12005,14.8,5.7,2,9.4
12007,14.8,5.7,2,9.4
12009,14.8,5.7,2,9.4
12011,14.8,5.7,2,9.4
12013,14.8,5.7,2,9.4
12015,14.8,5.7,2,9.4
12017,14.8,5.7,2,9.4
12019,14.8,5.7,2,9.4
12021,14.8,5.7,2,9.4
12023,14.8,5.7,2,9.4
12025,,,,
12027,14.8,5.7,2,9.4
12029,14.8,5.7,2,9.4
12031,14.8,5.7,2,9.4
12033,14.8,5.7,2,9.4
12035,14.8,5.7,2,9.4
12037,14.8,5.7,2,9.4
12039,14.8,5.7,2,9.4
12041,14.8,5.7,2,9.4
12043,14.8,5.7,2,9.4
12045,14.8,5.7,2,9.4
12047,14.8,5.7,2,9.4
12049,14.8,5.7,2,9.4
12051,14.8,5.7,2,9.4
12053,14.8,5.7,2,9.4
12055,14.8,5.7,2,9.4
12057,14.8,5.7,2,9.4
12059,14.8,5.7,2,9.4
12061,14.8,5.7,2,9.4
12063,14.8,5.7,2,9.4
12065,14.8,5.7,2,9.4
12067,14.8,5.7,2,9.4
12069,14.8,5.7,2,9.4
12071,14.8,5.7,2,9.4
12073,14.8,5.7,2,9.4
12075,14.8,5.7,2,9.4
12077,14.8,5.7,2,9.4
12079,14.8,5.7,2,9.4
12081,14.8,5.7,2,9.4
12083,14.8,5.7,2,9.4
12085,14.8,5.7,2,9.4
12086,14.8,5.7,2,9.4
12087,14.8,5.7,2,9.4
12089,14.8,5.7,2,9.4
12091,14.8,5.7,2,9.4
12093,14.8,5.7,2,9.4
12095,14.8,5.7,2,9.4
12097,14.8,5.7,2,9.4
12099,14.8,5.7,2,9.4
12101,14.8,5.7,2,9.4
12103,14.8,5.7,2,9.4
12105,14.8,5.7,2,9.4
12107,14.8,5.7,2,9.4
12109,14.8,5.7,2,9.4
12111,14.8,5.7,2,9.4
12113,14.8,5.7,2,9.4
12115,14.8,5.7,2,9.4
12117,14.8,5.7,2,9.4
12119,14.8,5.7,2,9.4
12121,14.8,5.7,2,9.4
12123,14.8,5.7,2,9.4
12125,14.8,5.7,2,9.4
12127,14.8,5.7,2,9.4
12129,14.8,5.7,2,9.4
12131,14.8,5.7,2,9.4
12133,14.8,5.7,2,9.4
13001,16.9,6.5,3,10.5
13003,16.9,6.5,3,10.5
13005,16.9,6.5,3,10.5
13007,16.9,6.5,3,10.5
13009,16.9,6.5,3,10.5
13011,16.9,6.5,3,10.5
13013,16.9,6.5,3,10.5
13015,16.9,6.5,3,10.5
13017,16.9,6.5,3,10.5
13019,16.9,6.5,3,10.5
13021,16.9,6.5,3,10.5
13023,16.9,6.5,3,10.5
13025,16.9,6.5,3,10.5
13027,16.9,6.5,3,10.5
13029,16.9,6.5,3,10.5
13031,16.9,6.5,3,10.5
13033,16.9,6.5,3,10.5
13035,16.9,6.5,3,10.5
13037,16.9,6.5,3,10.5
13039,16.9,6.5,3,10.5
13043,16.9,6.5,3,10.5
13045,16.9,6.5,3,10.5
13047,16.9,6.5,3,10.5
13049,16.9,6.5,3,10.5
13051,16.9,6.5,3,10.5
13053,16.9,6.5,3,10.5
13055,16.9,6.5,3,10.5
13057,16.9,6.5,3,10.5
13059,16.9,6.5,3,10.5
13061,16.9,6.5,3,10.5
13063,16.9,6.5,3,10.5
13065,16.9,6.5,3,10.5
13067,16.9,6.5,3,10.5
13069,16.9,6.5,3,10.5
13071,16.9,6.5,3,10.5
13073,16.9,6.5,3,10.5
13075,16.9,6.5,3,10.5
13077,16.9,6.5,3,10.5
13079,16.9,6.5,3,10.5
13081,16.9,6.5,3,10.5
13083,16.9,6.5,3,10.5
13085,16.9,6.5,3,10.5
13087,16.9,6.5,3,10.5
13089,16.9,6.5,3,10.5
13091,16.9,6.5,3,10.5
13093,16.9,6.5,3,10.5
13095,16.9,6.5,3,10.5
13097,16.9,6.5,3,10.5
13099,16.9,6.5,3,10.5
13101,16.9,6.5,3,10.5
13103,16.9,6.5,3,10.5
13105,16.9,6.5,3,10.5
13107,16.9,6.5,3,10.5
13109,16.9,6.5,3,10.5
13111,16.9,6.5,3,10.5
13113,16.9,6.5,3,10.5
13115,16.9,6.5,3,10.5
13117,16.9,6.5,3,10.5
13119,16.9,6.5,3,10.5
13121,16.9,6.5,3,10.5
13123,16.9,6.5,3,10.5
13125,16.9,6.5,3,10.5
13127,16.9,6.5,3,10.5
13129,16.9,6.5,3,10.5
13131,16.9,6.5,3,10.5
13133,16.9,6.5,3,10.5
13135,16.9,6.5,3,10.5
13137,16.9,6.5,3,10.5
13139,16.9,6.5,3,10.5
13141,16.9,6.5,3,10.5
13143,16.9,6.5,3,10.5
13145,16.9,6.5,3,10.5
13147,16.9,6.5,3,10.5
13149,16.9,6.5,3,10.5
13151,16.9,6.5,3,10.5
13153,16.9,6.5,3,10.5
13155,16.9,6.5,3,10.5
13157,16.9,6.5,3,10.5
13159,16.9,6.5,3,10.5
13161,16.9,6.5,3,10.5
13163,16.9,6.5,3,10.5
13165,16.9,6.5,3,10.5
13167,16.9,6.5,3,10.5
13169,16.9,6.5,3,10.5
13171,16.9,6.5,3,10.5
13173,16.9,6.5,3,10.5
13175,16.9,6.5,3,10.5
13177,16.9,6.5,3,10.5
13179,16.9,6.5,3,10.5
13181,16.9,6.5,3,10.5
13183,16.9,6.5,3,10.5
13185,16.9,6.5,3,10.5
13187,16.9,6.5,3,10.5
13189,16.9,6.5,3,10.5
13191,16.9,6.5,3,10.5
13193,16.9,6.5,3,10.5
13195,16.9,6.5,3,10.5
13197,16.9,6.5,3,10.5
13199,16.9,6.5,3,10.5
13201,16.9,6.5,3,10.5
13205,16.9,6.5,3,10.5
13207,16.9,6.5,3,10.5
13209,16.9,6.5,3,10.5
13211,16.9,6.5,3,10.5
13213,16.9,6.5,3,10.5
13215,16.9,6.5,3,10.5
13217,16.9,6.5,3,10.5
13219,16.9,6.5,3,10.5
13221,16.9,6.5,3,10.5
13223,16.9,6.5,3,10.5
13225,16.9,6.5,3,10.5
13227,16.9,6.5,3,10.5
13229,16.9,6.5,3,10.5
13231,16.9,6.5,3,10.5
13233,16.9,6.5,3,10.5
13235,16.9,6.5,3,10.5
13237,16.9,6.5,3,10.5
13239,16.9,6.5,3,10.5
13241,16.9,6.5,3,10.5
13243,16.9,6.5,3,10.5
13245,16.9,6.5,3,10.5
13247,16.9,6.5,3,10.5
13249,16.9,6.5,3,10.5
13251,16.9,6.5,3,10.5
13253,16.9,6.5,3,10.5
13255,16.9,6.5,3,10.5
13257,16.9,6.5,3,10.5
13259,16.9,6.5,3,10.5
13261,16.9,6.5,3,10.5
13263,16.9,6.5,3,10.5
13265,16.9,6.5,3,10.5
13267,16.9,6.5,3,10.5
13269,16.9,6.5,3,10.5
13271,16.9,6.5,3,10.5
13273,16.9,6.5,3,10.5
13275,16.9,6.5,3,10.5
13277,16.9,6.5,3,10.5
13279,16.9,6.5,3,10.5
13281,16.9,6.5,3,10.5
13283,16.9,6.5,3,10.5
13285,16.9,6.5,3,10.5
13287,16.9,6.5,3,10.5
13289,16.9,6.5,3,10.5
13291,16.9,6.5,3,10.5
13293,16.9,6.5,3,10.5
13295,16.9,6.5,3,10.5
13297,16.9,6.5,3,10.5
13299,16.9,6.5,3,10.5
13301,16.9,6.5,3,10.5
13303,16.9,6.5,3,10.5
13305,16.9,6.5,3,10.5
13307,16.9,6.5,3,10.5
13309,16.9,6.5,3,10.5
13311,16.9,6.5,3,10.5
13313,16.9,6.5,3,10.5
13315,16.9,6.5,3,10.5
13317,16.9,6.5,3,10.5
13319,16.9,6.5,3,10.5
13321,16.9,6.5,3,10.5
15001,14,5.6,2,8.4
15003,14,5.6,2,8.4
15005,14,5.6,2,8.4
15007,14,5.6,2,8.4
15009,14,5.6,2,8.4
15901,,,,
16001,14.3,5.3,1,8.7
16003,14.3,5.3,1,8.7
16005,14.3,5.3,1,8.7
16007,14.3,5.3,1,8.7
16009,14.3,5.3,1,8.7
16011,14.3,5.3,1,8.7
16013,14.3,5.3,1,8.7
16015,14.3,5.3,1,8.7
16017,14.3,5.3,1,8.7
16019,14.3,5.3,1,8.7
16021,14.3,5.3,1,8.7
16023,14.3,5.3,1,8.7
16025,14.3,5.3,1,8.7
16027,14.3,5.3,1,8.7
16029,14.3,5.3,1,8.7
16031,14.3,5.3,1,8.7
16033,14.3,5.3,1,8.7
16035,14.3,5.3,1,8.7
16037,14.3,5.3,1,8.7
16039,14.3,5.3,1,8.7
16041,14.3,5.3,1,8.7
16043,14.3,5.3,1,8.7
16045,14.3,5.3,1,8.7
16047,14.3,5.3,1,8.7
16049,14.3,5.3,1,8.7
16051,14.3,5.3,1,8.7
16053,14.3,5.3,1,8.7
16055,14.3,5.3,1,8.7
16057,14.3,5.3,1,8.7
16059,14.3,5.3,1,8.7
16061,14.3,5.3,1,8.7
16063,14.3,5.3,1,8.7
16065,14.3,5.3,1,8.7
16067,14.3,5.3,1,8.7
16069,14.3,5.3,1,8.7
16071,14.3,5.3,1,8.7
16073,14.3,5.3,1,8.7
16075,14.3,5.3,1,8.7
16077,14.3,5.3,1,8.7
16079,14.3,5.3,1,8.7
16081,14.3,5.3,1,8.7
16083,14.3,5.3,1,8.7
16085,14.3,5.3,1,8.7
16087,14.3,5.3,1,8.7
17001,13,4.5,1.8,7.4
17003,13,4.5,1.8,7.4
17005,13,4.5,1.8,7.4
17007,13,4.5,1.8,7.4
17009,13,4.5,1.8,7.4
17011,13,4.5,1.8,7.4
17013,13,4.5,1.8,7.4
17015,13,4.5,1.8,7.4
17017,13,4.5,1.8,7.4
17019,13,4.5,1.8,7.4
17021,13,4.5,1.8,7.4
17023,13,4.5,1.8,7.4
17025,13,4.5,1.8,7.4
17027,13,4.5,1.8,7.4
17029,13,4.5,1.8,7.4
17031,13,4.5,1.8,7.4
17033,13,4.5,1.8,7.4
17035,13,4.5,1.8,7.4
17037,13,4.5,1.8,7.4
17039,13,4.5,1.8,7.4
17041,13,4.5,1.8,7.4
17043,13,4.5,1.8,7.4
17045,13,4.5,1.8,7.4
17047,13,4.5,1.8,7.4
17049,13,4.5,1.8,7.4
17051,13,4.5,1.8,7.4
17053,13,4.5,1.8,7.4
17055,13,4.5,1.8,7.4
17057,13,4.5,1.8,7.4
17059,13,4.5,1.8,7.4
17061,13,4.5,1.8,7.4
17063,13,4.5,1.8,7.4
17065,13,4.5,1.8,7.4
17067,13,4.5,1.8,7.4
17069,13,4.5,1.8,7.4
17071,13,4.5,1.8,7.4
17073,13,4.5,1.8,7.4
17075,13,4.5,1.8,7.4
17077,13,4.5,1.8,7.4
17079,13,4.5,1.8,7.4
17081,13,4.5,1.8,7.4
17083,13,4.5,1.8,7.4
17085,13,4.5,1.8,7.4
17087,13,4.5,1.8,7.4
17089,13,4.5,1.8,7.4
17091,13,4.5,1.8,7.4
17093,13,4.5,1.8,7.4
17095,13,4.5,1.8,7.4
17097,13,4.5,1.8,7.4
17099,13,4.5,1.8,7.4
17101,13,4.5,1.8,7.4
17103,13,4.5,1.8,7.4
17105,13,4.5,1.8,7.4
17107,13,4.5,1.8,7.4
17109,13,4.5,1.8,7.4
17111,13,4.5,1.8,7.4
17113,13,4.5,1.8,7.4
17115,13,4.5,1.8,7.4
17117,13,4.5,1.8,7.4
17119,13,4.5,1.8,7.4
17121,13,4.5,1.8,7.4
17123,13,4.5,1.8,7.4
17125,13,4.5,1.8,7.4
17127,13,4.5,1.8,7.4
17129,13,4.5,1.8,7.4
17131,13,4.5,1.8,7.4
17133,13,4.5,1.8,7.4
17135,13,4.5,1.8,7.4
17137,13,4.5,1.8,7.4
17139,13,4.5,1.8,7.4
17141,13,4.5,1.8,7.4
17143,13,4.5,1.8,7.4
17145,13,4.5,1.8,7.4
17147,13,4.5,1.8,7.4
17149,13,4.5,1.8,7.4
17151,13,4.5,1.8,7.4
17153,13,4.5,1.8,7.4
17155,13,4.5,1.8,7.4
17157,13,4.5,1.8,7.4
17159,13,4.5,1.8,7.4
17161,13,4.5,1.8,7.4
17163,13,4.5,1.8,7.4
17165,13,4.5,1.8,7.4
17167,13,4.5,1.8,7.4
17169,13,4.5,1.8,7.4
17171,13,4.5,1.8,7.4
17173,13,4.5,1.8,7.4
17175,13,4.5,1.8,7.4
17177,13,4.5,1.8,7.4
17179,13,4.5,1.8,7.4
17181,13,4.5,1.8,7.4
17183,13,4.5,1.8,7.4
17185,13,4.5,1.8,7.4
17187,13,4.5,1.8,7.4
17189,13,4.5,1.8,7.4
17191,13,4.5,1.8,7.4
17193,13,4.5,1.8,7.4
17195,13,4.5,1.8,7.4
17197,13,4.5,1.8,7.4
17199,13,4.5,1.8,7.4
17201,13,4.5,1.8,7.4
17203,13,4.5,1.8,7.4
18001,13.5,6.3,3.5,7.8
18003,13.5,6.3,3.5,7.8
18005,13.5,6.3,3.5,7.8
18007,13.5,6.3,3.5,7.8
18009,13.5,6.3,3.5,7.8
18011,13.5,6.3,3.5,7.8
18013,13.5,6.3,3.5,7.8
18015,13.5,6.3,3.5,7.8
18017,13.5,6.3,3.5,7.8
18019,13.5,6.3,3.5,7.8
18021,13.5,6.3,3.5,7.8
18023,13.5,6.3,3.5,7.8
18025,13.5,6.3,3.5,7.8
18027,13.5,6.3,3.5,7.8
18029,13.5,6.3,3.5,7.8
18031,13.5,6.3,3.5,7.8
18033,13.5,6.3,3.5,7.8
18035,13.5,6.3,3.5,7.8
18037,13.5,6.3,3.5,7.8
18039,13.5,6.3,3.5,7.8
18041,13.5,6.3,3.5,7.8
18043,13.5,6.3,3.5,7.8
18045,13.5,6.3,3.5,7.8
18047,13.5,6.3,3.5,7.8
18049,13.5,6.3,3.5,7.8
18051,13.5,6.3,3.5,7.8
18053,13.5,6.3,3.5,7.8
18055,13.5,6.3,3.5,7.8
18057,13.5,6.3,3.5,7.8
18059,13.5,6.3,3.5,7.8
18061,13.5,6.3,3.5,7.8
18063,13.5,6.3,3.5,7.8
18065,13.5,6.3,3.5,7.8
18067,13.5,6.3,3.5,7.8
18069,13.5,6.3,3.5,7.8
18071,13.5,6.3,3.5,7.8
18073,13.5,6.3,3.5,7.8
18075,13.5,6.3,3.5,7.8
18077,13.5,6.3,3.5,7.8
18079,13.5,6.3,3.5,7.8
18081,13.5,6.3,3.5,7.8
18083,13.5,6.3,3.5,7.8
18085,13.5,6.3,3.5,7.8
18087,13.5,6.3,3.5,7.8
18089,13.5,6.3,3.5,7.8
18091,13.5,6.3,3.5,7.8
18093,13.5,6.3,3.5,7.8
18095,13.5,6.3,3.5,7.8
18097,13.5,6.3,3.5,7.8
18099,13.5,6.3,3.5,7.8
18101,13.5,6.3,3.5,7.8
18103,13.5,6.3,3.5,7.8
18105,13.5,6.3,3.5,7.8
18107,13.5,6.3,3.5,7.8
18109,13.5,6.3,3.5,7.8
18111,13.5,6.3,3.5,7.8
18113,13.5,6.3,3.5,7.8
18115,13.5,6.3,3.5,7.8
18117,13.5,6.3,3.5,7.8
18119,13.5,6.3,3.5,7.8
18121,13.5,6.3,3.5,7.8
18123,13.5,6.3,3.5,7.8
18125,13.5,6.3,3.5,7.8
18127,13.5,6.3,3.5,7.8
18129,13.5,6.3,3.5,7.8
18131,13.5,6.3,3.5,7.8
18133,13.5,6.3,3.5,7.8
18135,13.5,6.3,3.5,7.8
18137,13.5,6.3,3.5,7.8
18139,13.5,6.3,3.5,7.8
18141,13.5,6.3,3.5,7.8
18143,13.5,6.3,3.5,7.8
18145,13.5,6.3,3.5,7.8
18147,13.5,6.3,3.5,7.8
18149,13.5,6.3,3.5,7.8
18151,13.5,6.3,3.5,7.8
18153,13.5,6.3,3.5,7.8
18155,13.5,6.3,3.5,7.8
18157,13.5,6.3,3.5,7.8
18159,13.5,6.3,3.5,7.8
18161,13.5,6.3,3.5,7.8
18163,13.5,6.3,3.5,7.8
18165,13.5,6.3,3.5,7.8
18167,13.5,6.3,3.5,7.8
18169,13.5,6.3,3.5,7.8
18171,13.5,6.3,3.5,7.8
18173,13.5,6.3,3.5,7.8
18175,13.5,6.3,3.5,7.8
18177,13.5,6.3,3.5,7.8
18179,13.5,6.3,3.5,7.8
18181,13.5,6.3,3.5,7.8
18183,13.5,6.3,3.5,7.8
19001,12.6,4.8,2,8.3
19003,12.6,4.8,2,8.3
19005,12.6,4.8,2,8.3
19007,12.6,4.8,2,8.3
19009,12.6,4.8,2,8.3
19011,12.6,4.8,2,8.3
19013,12.6,4.8,2,8.3
19015,12.6,4.8,2,8.3
19017,12.6,4.8,2,8.3
19019,12.6,4.8,2,8.3
19021,12.6,4.8,2,8.3
19023,12.6,4.8,2,8.3
19025,12.6,4.8,2,8.3
19027,12.6,4.8,2,8.3
19029,12.6,4.8,2,8.3
19031,12.6,4.8,2,8.3
19033,12.6,4.8,2,8.3
19035,12.6,4.8,2,8.3
19037,12.6,4.8,2,8.3
19039,12.6,4.8,2,8.3
19041,12.6,4.8,2,8.3
19043,12.6,4.8,2,8.3
19045,12.6,4.8,2,8.3
19047,12.6,4.8,2,8.3
19049,12.6,4.8,2,8.3
19051,12.6,4.8,2,8.3
19053,12.6,4.8,2,8.3
19055,12.6,4.8,2,8.3
19057,12.6,4.8,2,8.3
19059,12.6,4.8,2,8.3
19061,12.6,4.8,2,8.3
19063,12.6,4.8,2,8.3
19065,12.6,4.8,2,8.3
19067,12.6,4.8,2,8.3
19069,12.6,4.8,2,8.3
19071,12.6,4.8,2,8.3
19073,12.6,4.8,2,8.3
19075,12.6,4.8,2,8.3
19077,12.6,4.8,2,8.3
19079,12.6,4.8,2,8.3
19081,12.6,4.8,2,8.3
19083,12.6,4.8,2,8.3
19085,12.6,4.8,2,8.3
19087,12.6,4.8,2,8.3
19089,12.6,4.8,2,8.3
19091,12.6,4.8,2,8.3
19093,12.6,4.8,2,8.3
19095,12.6,4.8,2,8.3
19097,12.6,4.8,2,8.3
19099,12.6,4.8,2,8.3
19101,12.6,4.8,2,8.3
19103,12.6,4.8,2,8.3
19105,12.6,4.8,2,8.3
19107,12.6,4.8,2,8.3
19109,12.6,4.8,2,8.3
19111,12.6,4.8,2,8.3
19113,12.6,4.8,2,8.3
19115,12.6,4.8,2,8.3
19117,12.6,4.8,2,8.3
19119,12.6,4.8,2,8.3
19121,12.6,4.8,2,8.3
19123,12.6,4.8,2,8.3
19125,12.6,4.8,2,8.3
19127,12.6,4.8,2,8.3
19129,12.6,4.8,2,8.3
19131,12.6,4.8,2,8.3
19133,12.6,4.8,2,8.3
19135,12.6,4.8,2,8.3
19137,12.6,4.8,2,8.3
19139,12.6,4.8,2,8.3
19141,12.6,4.8,2,8.3
19143,12.6,4.8,2,8.3
19145,12.6,4.8,2,8.3
19147,12.6,4.8,2,8.3
19149,12.6,4.8,2,8.3
19151,12.6,4.8,2,8.3
19153,12.6,4.8,2,8.3
19155,12.6,4.8,2,8.3
19157,12.6,4.8,2,8.3
19159,12.6,4.8,2,8.3
19161,12.6,4.8,2,8.3
19163,12.6,4.8,2,8.3
19165,12.6,4.8,2,8.3
19167,12.6,4.8,2,8.3
19169,12.6,4.8,2,8.3
19171,12.6,4.8,2,8.3
19173,12.6,4.8,2,8.3
19175,12.6,4.8,2,8.3
19177,12.6,4.8,2,8.3
19179,12.6,4.8,2,8.3
19181,12.6,4.8,2,8.3
19183,12.6,4.8,2,8.3
19185,12.6,4.8,2,8.3
19187,12.6,4.8,2,8.3
19189,12.6,4.8,2,8.3
19191,12.6,4.8,2,8.3
19193,12.6,4.8,2,8.3
19195,12.6,4.8,2,8.3
19197,12.6,4.8,2,8.3
20001,14.4,5.5,1.6,9.3
20003,14.4,5.5,1.6,9.3
20005,14.4,5.5,1.6,9.3
20007,14.4,5.5,1.6,9.3
20009,14.4,5.5,1.6,9.3
20011,14.4,5.5,1.6,9.3
20013,14.4,5.5,1.6,9.3
20015,14.4,5.5,1.6,9.3
20017,14.4,5.5,1.6,9.3
20019,14.4,5.5,1.6,9.3
20021,14.4,5.5,1.6,9.3
20023,14.4,5.5,1.6,9.3
20025,14.4,5.5,1.6,9.3
20027,14.4,5.5,1.6,9.3
20029,14.4,5.5,1.6,9.3
20031,14.4,5.5,1.6,9.3
20033,14.4,5.5,1.6,9.3
20035,14.4,5.5,1.6,9.3
20037,14.4,5.5,1.6,9.3
20039,14.4,5.5,1.6,9.3
20041,14.4,5.5,1.6,9.3
20043,14.4,5.5,1.6,9.3
20045,14.4,5.5,1.6,9.3
20047,14.4,5.5,1.6,9.3
20049,14.4,5.5,1.6,9.3
20051,14.4,5.5,1.6,9.3
20053,14.4,5.5,1.6,9.3
20055,14.4,5.5,1.6,9.3
20057,14.4,5.5,1.6,9.3
20059,14.4,5.5,1.6,9.3
20061,14.4,5.5,1.6,9.3
20063,14.4,5.5,1.6,9.3
20065,14.4,5.5,1.6,9.3
20067,14.4,5.5,1.6,9.3
20069,14.4,5.5,1.6,9.3
20071,14.4,5.5,1.6,9.3
20073,14.4,5.5,1.6,9.3
20075,14.4,5.5,1.6,9.3
20077,14.4,5.5,1.6,9.3
20079,14.4,5.5,1.6,9.3
20081,14.4,5.5,1.6,9.3
20083,14.4,5.5,1.6,9.3
20085,14.4,5.5,1.6,9.3
20087,14.4,5.5,1.6,9.3
20089,14.4,5.5,1.6,9.3
20091,14.4,5.5,1.6,9.3
20093,14.4,5.5,1.6,9.3
20095,14.4,5.5,1.6,9.3
20097,14.4,5.5,1.6,9.3
20099,14.4,5.5,1.6,9.3
20101,14.4,5.5,1.6,9.3
20103,14.4,5.5,1.6,9.3
20105,14.4,5.5,1.6,9.3
20107,14.4,5.5,1.6,9.3
20109,14.4,5.5,1.6,9.3
20111,14.4,5.5,1.6,9.3
20113,14.4,5.5,1.6,9.3
20115,14.4,5.5,1.6,9.3
20117,14.4,5.5,1.6,9.3
20119,14.4,5.5,1.6,9.3
20121,14.4,5.5,1.6,9.3
20123,14.4,5.5,1.6,9.3
20125,14.4,5.5,1.6,9.3
20127,14.4,5.5,1.6,9.3
20129,14.4,5.5,1.6,9.3
20131,14.4,5.5,1.6,9.3
20133,14.4,5.5,1.6,9.3
20135,14.4,5.5,1.6,9.3
20137,14.4,5.5,1.6,9.3
20139,14.4,5.5,1.6,9.3
20141,14.4,5.5,1.6,9.3
20143,14.4,5.5,1.6,9.3
20145,14.4,5.5,1.6,9.3
20147,14.4,5.5,1.6,9.3
20149,14.4,5.5,1.6,9.3
20151,14.4,5.5,1.6,9.3
20153,14.4,5.5,1.6,9.3
20155,14.4,5.5,1.6,9.3
20157,14.4,5.5,1.6,9.3
20159,14.4,5.5,1.6,9.3
20161,14.4,5.5,1.6,9.3
20163,14.4,5.5,1.6,9.3
20165,14.4,5.5,1.6,9.3
20167,14.4,5.5,1.6,9.3
20169,14.4,5.5,1.6,9.3
20171,14.4,5.5,1.6,9.3
20173,14.4,5.5,1.6,9.3
20175,14.4,5.5,1.6,9.3
20177,14.4,5.5,1.6,9.3
20179,14.4,5.5,1.6,9.3
20181,14.4,5.5,1.6,9.3
20183,14.4,5.5,1.6,9.3
20185,14.4,5.5,1.6,9.3
20187,14.4,5.5,1.6,9.3
20189,14.4,5.5,1.6,9.3
20191,14.4,5.5,1.6,9.3
20193,14.4,5.5,1.6,9.3
20195,14.4,5.5,1.6,9.3
20197,14.4,5.5,1.6,9.3
20199,14.4,5.5,1.6,9.3
20201,14.4,5.5,1.6,9.3
20203,14.4,5.5,1.6,9.3
20205,14.4,5.5,1.6,9.3
20207,14.4,5.5,1.6,9.3
20209,14.4,5.5,1.6,9.3
21001,15.6,6.2,3.3,10
21003,15.6,6.2,3.3,10
21005,15.6,6.2,3.3,10
21007,15.6,6.2,3.3,10
21009,15.6,6.2,3.3,10
21011,15.6,6.2,3.3,10
21013,15.6,6.2,3.3,10
21015,15.6,6.2,3.3,10
21017,15.6,6.2,3.3,10
21019,15.6,6.2,3.3,10
21021,15.6,6.2,3.3,10
21023,15.6,6.2,3.3,10
21025,15.6,6.2,3.3,10
21027,15.6,6.2,3.3,10
21029,15.6,6.2,3.3,10
21031,15.6,6.2,3.3,10
21033,15.6,6.2,3.3,10
21035,15.6,6.2,3.3,10
21037,15.6,6.2,3.3,10
21039,15.6,6.2,3.3,10
21041,15.6,6.2,3.3,10
21043,15.6,6.2,3.3,10
21045,15.6,6.2,3.3,10
21047,15.6,6.2,3.3,10
21049,15.6,6.2,3.3,10
21051,15.6,6.2,3.3,10
21053,15.6,6.2,3.3,10
21055,15.6,6.2,3.3,10
21057,15.6,6.2,3.3,10
21059,15.6,6.2,3.3,10
21061,15.6,6.2,3.3,10
21063,15.6,6.2,3.3,10
21065,15.6,6.2,3.3,10
21067,15.6,6.2,3.3,10
21069,15.6,6.2,3.3,10
21071,15.6,6.2,3.3,10
21073,15.6,6.2,3.3,10
21075,15.6,6.2,3.3,10
21077,15.6,6.2,3.3,10
21079,15.6,6.2,3.3,10
21081,15.6,6.2,3.3,10
21083,15.6,6.2,3.3,10
21085,15.6,6.2,3.3,10
21087,15.6,6.2,3.3,10
21089,15.6,6.2,3.3,10
21091,15.6,6.2,3.3,10
21093,15.6,6.2,3.3,10
21095,15.6,6.2,3.3,10
21097,15.6,6.2,3.3,10
21099,15.6,6.2,3.3,10
21101,15.6,6.2,3.3,10
21103,15.6,6.2,3.3,10
21105,15.6,6.2,3.3,10
21107,15.6,6.2,3.3,10
21109,15.6,6.2,3.3,10
21111,15.6,6.2,3.3,10
21113,15.6,6.2,3.3,10
21115,15.6,6.2,3.3,10
21117,15.6,6.2,3.3,10
21119,15.6,6.2,3.3,10
21121,15.6,6.2,3.3,10
21123,15.6,6.2,3.3,10
21125,15.6,6.2,3.3,10
21127,15.6,6.2,3.3,10
21129,15.6,6.2,3.3,10
21131,15.6,6.2,3.3,10
21133,15.6,6.2,3.3,10
21135,15.6,6.2,3.3,10
21137,15.6,6.2,3.3,10
21139,15.6,6.2,3.3,10
21141,15.6,6.2,3.3,10
21143,15.6,6.2,3.3,10
21145,15.6,6.2,3.3,10
21147,15.6,6.2,3.3,10
21149,15.6,6.2,3.3,10
21151,15.6,6.2,3.3,10
21153,15.6,6.2,3.3,10
21155,15.6,6.2,3.3,10
21157,15.6,6.2,3.3,10
21159,15.6,6.2,3.3,10
21161,15.6,6.2,3.3,10
21163,15.6,6.2,3.3,10
21165,15.6,6.2,3.3,10
21167,15.6,6.2,3.3,10
21169,15.6,6.2,3.3,10
21171,15.6,6.2,3.3,10
21173,15.6,6.2,3.3,10
21175,15.6,6.2,3.3,10
21177,15.6,6.2,3.3,10
21179,15.6,6.2,3.3,10
21181,15.6,6.2,3.3,10
21183,15.6,6.2,3.3,10
21185,15.6,6.2,3.3,10
21187,15.6,6.2,3.3,10
21189,15.6,6.2,3.3,10
21191,15.6,6.2,3.3,10
21193,15.6,6.2,3.3,10
21195,15.6,6.2,3.3,10
21197,15.6,6.2,3.3,10
21199,15.6,6.2,3.3,10
21201,15.6,6.2,3.3,10
21203,15.6,6.2,3.3,10
21205,15.6,6.2,3.3,10
21207,15.6,6.2,3.3,10
21209,15.6,6.2,3.3,10
21211,15.6,6.2,3.3,10
21213,15.6,6.2,3.3,10
21215,15.6,6.2,3.3,10
21217,15.6,6.2,3.3,10
21219,15.6,6.2,3.3,10
21221,15.6,6.2,3.3,10
21223,15.6,6.2,3.3,10
21225,15.6,6.2,3.3,10
21227,15.6,6.2,3.3,10
21229,15.6,6.2,3.3,10
21231,15.6,6.2,3.3,10
21233,15.6,6.2,3.3,10
21235,15.6,6.2,3.3,10
21237,15.6,6.2,3.3,10
21239,15.6,6.2,3.3,10
22001,15.7,4.8,1.9,9
22003,15.7,4.8,1.9,9
22005,15.7,4.8,1.9,9
22007,15.7,4.8,1.9,9
22009,15.7,4.8,1.9,9
22011,15.7,4.8,1.9,9
22013,15.7,4.8,1.9,9
22015,15.7,4.8,1.9,9
22017,15.7,4.8,1.9,9
22019,15.7,4.8,1.9,9
22021,15.7,4.8,1.9,9
22023,15.7,4.8,1.9,9
22025,15.7,4.8,1.9,9
22027,15.7,4.8,1.9,9
22029,15.7,4.8,1.9,9
22031,15.7,4.8,1.9,9
22033,15.7,4.8,1.9,9
22035,15.7,4.8,1.9,9
22037,15.7,4.8,1.9,9
22039,15.7,4.8,1.9,9
22041,15.7,4.8,1.9,9
22043,15.7,4.8,1.9,9
22045,15.7,4.8,1.9,9
22047,15.7,4.8,1.9,9
22049,15.7,4.8,1.9,9
22051,15.7,4.8,1.9,9
22053,15.7,4.8,1.9,9
22055,15.7,4.8,1.9,9
22057,15.7,4.8,1.9,9
22059,15.7,4.8,1.9,9
22061,15.7,4.8,1.9,9
22063,15.7,4.8,1.9,9
22065,15.7,4.8,1.9,9
22067,15.7,4.8,1.9,9
22069,15.7,4.8,1.9,9
22071,15.7,4.8,1.9,9
22073,15.7,4.8,1.9,9
22075,15.7,4.8,1.9,9
22077,15.7,4.8,1.9,9
22079,15.7,4.8,1.9,9
22081,15.7,4.8,1.9,9
22083,15.7,4.8,1.9,9
22085,15.7,4.8,1.9,9
22087,15.7,4.8,1.9,9
22089,15.7,4.8,1.9,9
22091,15.7,4.8,1.9,9
22093,15.7,4.8,1.9,9
22095,15.7,4.8,1.9,9
22097,15.7,4.8,1.9,9
22099,15.7,4.8,1.9,9
22101,15.7,4.8,1.9,9
22103,15.7,4.8,1.9,9
22105,15.7,4.8,1.9,9
22107,15.7,4.8,1.9,9
22109,15.7,4.8,1.9,9
22111,15.7,4.8,1.9,9
22113,15.7,4.8,1.9,9
22115,15.7,4.8,1.9,9
22117,15.7,4.8,1.9,9
22119,15.7,4.8,1.9,9
22121,15.7,4.8,1.9,9
22123,15.7,4.8,1.9,9
22125,15.7,4.8,1.9,9
22127,15.7,4.8,1.9,9
23001,14.9,7.1,4.3,10.3
23003,14.9,7.1,4.3,10.3
23005,14.9,7.1,4.3,10.3
23007,14.9,7.1,4.3,10.3
23009,14.9,7.1,4.3,10.3
23011,14.9,7.1,4.3,10.3
23013,14.9,7.1,4.3,10.3
23015,14.9,7.1,4.3,10.3
23017,14.9,7.1,4.3,10.3
23019,14.9,7.1,4.3,10.3
23021,14.9,7.1,4.3,10.3
23023,14.9,7.1,4.3,10.3
23025,14.9,7.1,4.3,10.3
23027,14.9,7.1,4.3,10.3
23029,14.9,7.1,4.3,10.3
23031,14.9,7.1,4.3,10.3
24001,13,5.1,2.2,7.9
24003,13,5.1,2.2,7.9
24005,13,5.1,2.2,7.9
24009,13,5.1,2.2,7.9
24011,13,5.1,2.2,7.9
24013,13,5.1,2.2,7.9
24015,13,5.1,2.2,7.9
24017,13,5.1,2.2,7.9
24019,13,5.1,2.2,7.9
24021,13,5.1,2.2,7.9
24023,13,5.1,2.2,7.9
24025,13,5.1,2.2,7.9
24027,13,5.1,2.2,7.9
24029,13,5.1,2.2,7.9
24031,13,5.1,2.2,7.9
24033,13,5.1,2.2,7.9
24035,13,5.1,2.2,7.9
24037,13,5.1,2.2,7.9
24039,13,5.1,2.2,7.9
24041,13,5.1,2.2,7.9
24043,13,5.1,2.2,7.9
24045,13,5.1,2.2,7.9
24047,13,5.1,2.2,7.9
24510,13,5.1,2.2,7.9
25001,11.4,4.2,2.1,7.1
25003,11.4,4.2,2.1,7.1
25005,11.4,4.2,2.1,7.1
25007,11.4,4.2,2.1,7.1
25009,11.4,4.2,2.1,7.1
25011,11.4,4.2,2.1,7.1
25013,11.4,4.2,2.1,7.1
25015,11.4,4.2,2.1,7.1
25017,11.4,4.2,2.1,7.1
25019,11.4,4.2,2.1,7.1
25021,11.4,4.2,2.1,7.1
25023,11.4,4.2,2.1,7.1
25025,11.4,4.2,2.1,7.1
25027,11.4,4.2,2.1,7.1
26001,13.4,5.3,2.3,8
26003,13.4,5.3,2.3,8
26005,13.4,5.3,2.3,8
26007,13.4,5.3,2.3,8
26009,13.4,5.3,2.3,8
26011,13.4,5.3,2.3,8
26013,13.4,5.3,2.3,8
26015,13.4,5.3,2.3,8
26017,13.4,5.3,2.3,8
26019,13.4,5.3,2.3,8
26021,13.4,5.3,2.3,8
26023,13.4,5.3,2.3,8
26025,13.4,5.3,2.3,8
26027,13.4,5.3,2.3,8
26029,13.4,5.3,2.3,8
26031,13.4,5.3,2.3,8
26033,13.4,5.3,2.3,8
26035,13.4,5.3,2.3,8
26037,13.4,5.3,2.3,8
26039,13.4,5.3,2.3,8
26041,13.4,5.3,2.3,8
26043,13.4,5.3,2.3,8
26045,13.4,5.3,2.3,8
26047,13.4,5.3,2.3,8
26049,13.4,5.3,2.3,8
26051,13.4,5.3,2.3,8
26053,13.4,5.3,2.3,8
26055,13.4,5.3,2.3,8
26057,13.4,5.3,2.3,8
26059,13.4,5.3,2.3,8
26061,13.4,5.3,2.3,8
26063,13.4,5.3,2.3,8
26065,13.4,5.3,2.3,8
26067,13.4,5.3,2.3,8
26069,13.4,5.3,2.3,8
26071,13.4,5.3,2.3,8
26073,13.4,5.3,2.3,8
26075,13.4,5.3,2.3,8
26077,13.4,5.3,2.3,8
26079,13.4,5.3,2.3,8
26081,13.4,5.3,2.3,8
26083,13.4,5.3,2.3,8
26085,13.4,5.3,2.3,8
26087,13.4,5.3,2.3,8
26089,13.4,5.3,2.3,8
26091,13.4,5.3,2.3,8
26093,13.4,5.3,2.3,8
26095,13.4,5.3,2.3,8
26097,13.4,5.3,2.3,8
26099,13.4,5.3,2.3,8
26101,13.4,5.3,2.3,8
26103,13.4,5.3,2.3,8
26105,13.4,5.3,2.3,8
26107,13.4,5.3,2.3,8
26109,13.4,5.3,2.3,8
26111,13.4,5.3,2.3,8
26113,13.4,5.3,2.3,8
26115,13.4,5.3,2.3,8
26117,13.4,5.3,2.3,8
26119,13.4,5.3,2.3,8
26121,13.4,5.3,2.3,8
26123,13.4,5.3,2.3,8
26125,13.4,5.3,2.3,8
26127,13.4,5.3,2.3,8
26129,13.4,5.3,2.3,8
26131,13.4,5.3,2.3,8
26133,13.4,5.3,2.3,8
26135,13.4,5.3,2.3,8
26137,13.4,5.3,2.3,8
26139,13.4,5.3,2.3,8
26141,13.4,5.3,2.3,8
26143,13.4,5.3,2.3,8
26145,13.4,5.3,2.3,8
26147,13.4,5.3,2.3,8
26149,13.4,5.3,2.3,8
26151,13.4,5.3,2.3,8
26153,13.4,5.3,2.3,8
26155,13.4,5.3,2.3,8
26157,13.4,5.3,2.3,8
26159,13.4,5.3,2.3,8
26161,13.4,5.3,2.3,8
26163,13.4,5.3,2.3,8
26165,13.4,5.3,2.3,8
27001,10.6,4.8,2.6,7.1
27003,10.6,4.8,2.6,7.1
27005,10.6,4.8,2.6,7.1
27007,10.6,4.8,2.6,7.1
27009,10.6,4.8,2.6,7.1
27011,10.6,4.8,2.6,7.1
27013,10.6,4.8,2.6,7.1
27015,10.6,4.8,2.6,7.1
27017,10.6,4.8,2.6,7.1
27019,10.6,4.8,2.6,7.1
27021,10.6,4.8,2.6,7.1
27023,10.6,4.8,2.6,7.1
27025,10.6,4.8,2.6,7.1
27027,10.6,4.8,2.6,7.1
27029,10.6,4.8,2.6,7.1
27031,10.6,4.8,2.6,7.1
27033,10.6,4.8,2.6,7.1
27035,10.6,4.8,2.6,7.1
27037,10.6,4.8,2.6,7.1
27039,10.6,4.8,2.6,7.1
27041,10.6,4.8,2.6,7.1
27043,10.6,4.8,2.6,7.1
27045,10.6,4.8,2.6,7.1
27047,10.6,4.8,2.6,7.1
27049,10.6,4.8,2.6,7.1
27051,10.6,4.8,2.6,7.1
27053,10.6,4.8,2.6,7.1
27055,10.6,4.8,2.6,7.1
27057,10.6,4.8,2.6,7.1
27059,10.6,4.8,2.6,7.1
27061,10.6,4.8,2.6,7.1
27063,10.6,4.8,2.6,7.1
27065,10.6,4.8,2.6,7.1
27067,10.6,4.8,2.6,7.1
27069,10.6,4.8,2.6,7.1
27071,10.6,4.8,2.6,7.1
27073,10.6,4.8,2.6,7.1
27075,10.6,4.8,2.6,7.1
27077,10.6,4.8,2.6,7.1
27079,10.6,4.8,2.6,7.1
27081,10.6,4.8,2.6,7.1
27083,10.6,4.8,2.6,7.1
27085,10.6,4.8,2.6,7.1
27087,10.6,4.8,2.6,7.1
27089,10.6,4.8,2.6,7.1
27091,10.6,4.8,2.6,7.1
27093,10.6,4.8,2.6,7.1
27095,10.6,4.8,2.6,7.1
27097,10.6,4.8,2.6,7.1
27099,10.6,4.8,2.6,7.1
27101,10.6,4.8,2.6,7.1
27103,10.6,4.8,2.6,7.1
27105,10.6,4.8,2.6,7.1
27107,10.6,4.8,2.6,7.1
27109,10.6,4.8,2.6,7.1
27111,10.6,4.8,2.6,7.1
27113,10.6,4.8,2.6,7.1
27115,10.6,4.8,2.6,7.1
27117,10.6,4.8,2.6,7.1
27119,10.6,4.8,2.6,7.1
27121,10.6,4.8,2.6,7.1
27123,10.6,4.8,2.6,7.1
27125,10.6,4.8,2.6,7.1
27127,10.6,4.8,2.6,7.1
27129,10.6,4.8,2.6,7.1
27131,10.6,4.8,2.6,7.1
27133,10.6,4.8,2.6,7.1
27135,10.6,4.8,2.6,7.1
27137,10.6,4.8,2.6,7.1
27139,10.6,4.8,2.6,7.1
27141,10.6,4.8,2.6,7.1
27143,10.6,4.8,2.6,7.1
27145,10.6,4.8,2.6,7.1
27147,10.6,4.8,2.6,7.1
27149,10.6,4.8,2.6,7.1
27151,10.6,4.8,2.6,7.1
27153,10.6,4.8,2.6,7.1
27155,10.6,4.8,2.6,7.1
27157,10.6,4.8,2.6,7.1
27159,10.6,4.8,2.6,7.1
27161,10.6,4.8,2.6,7.1
27163,10.6,4.8,2.6,7.1
27165,10.6,4.8,2.6,7.1
27167,10.6,4.8,2.6,7.1
27169,10.6,4.8,2.6,7.1
27171,10.6,4.8,2.6,7.1
27173,10.6,4.8,2.6,7.1
28001,20.9,6.9,2.4,12.4
28003,20.9,6.9,2.4,12.4
28005,20.9,6.9,2.4,12.4
28007,20.9,6.9,2.4,12.4
28009,20.9,6.9,2.4,12.4
28011,20.9,6.9,2.4,12.4
28013,20.9,6.9,2.4,12.4
28015,20.9,6.9,2.4,12.4
28017,20.9,6.9,2.4,12.4
28019,20.9,6.9,2.4,12.4
28021,20.9,6.9,2.4,12.4
28023,20.9,6.9,2.4,12.4
28025,20.9,6.9,2.4,12.4
28027,20.9,6.9,2.4,12.4
28029,20.9,6.9,2.4,12.4
28031,20.9,6.9,2.4,12.4
28033,20.9,6.9,2.4,12.4
28035,20.9,6.9,2.4,12.4
28037,20.9,6.9,2.4,12.4
28039,20.9,6.9,2.4,12.4
28041,20.9,6.9,2.4,12.4
28043,20.9,6.9,2.4,12.4
28045,20.9,6.9,2.4,12.4
28047,20.9,6.9,2.4,12.4
28049,20.9,6.9,2.4,12.4
28051,20.9,6.9,2.4,12.4
28053,20.9,6.9,2.4,12.4
28055,20.9,6.9,2.4,12.4
28057,20.9,6.9,2.4,12.4
28059,20.9,6.9,2.4,12.4
28061,20.9,6.9,2.4,12.4
28063,20.9,6.9,2.4,12.4
28065,20.9,6.9,2.4,12.4
28067,20.9,6.9,2.4,12.4
28069,20.9,6.9,2.4,12.4
28071,20.9,6.9,2.4,12.4
28073,20.9,6.9,2.4,12.4
28075,20.9,6.9,2.4,12.4
28077,20.9,6.9,2.4,12.4
28079,20.9,6.9,2.4,12.4
28081,20.9,6.9,2.4,12.4
28083,20.9,6.9,2.4,12.4
28085,20.9,6.9,2.4,12.4
28087,20.9,6.9,2.4,12.4
28089,20.9,6.9,2.4,12.4
28091,20.9,6.9,2.4,12.4
28093,20.9,6.9,2.4,12.4
28095,20.9,6.9,2.4,12.4
28097,20.9,6.9,2.4,12.4
28099,20.9,6.9,2.4,12.4
28101,20.9,6.9,2.4,12.4
28103,20.9,6.9,2.4,12.4
28105,20.9,6.9,2.4,12.4
28107,20.9,6.9,2.4,12.4
28109,20.9,6.9,2.4,12.4
28111,20.9,6.9,2.4,12.4
28113,20.9,6.9,2.4,12.4
28115,20.9,6.9,2.4,12.4
28117,20.9,6.9,2.4,12.4
28119,20.9,6.9,2.4,12.4
28121,20.9,6.9,2.4,12.4
28123,20.9,6.9,2.4,12.4
28125,20.9,6.9,2.4,12.4
28127,20.9,6.9,2.4,12.4
28129,20.9,6.9,2.4,12.4
28131,20.9,6.9,2.4,12.4
28133,20.9,6.9,2.4,12.4
28135,20.9,6.9,2.4,12.4
28137,20.9,6.9,2.4,12.4
28139,20.9,6.9,2.4,12.4
28141,20.9,6.9,2.4,12.4
28143,20.9,6.9,2.4,12.4
28145,20.9,6.9,2.4,12.4
28147,20.9,6.9,2.4,12.4
28149,20.9,6.9,2.4,12.4
28151,20.9,6.9,2.4,12.4
28153,20.9,6.9,2.4,12.4
28155,20.9,6.9,2.4,12.4
28157,20.9,6.9,2.4,12.4
28159,20.9,6.9,2.4,12.4
28161,20.9,6.9,2.4,12.4
28163,20.9,6.9,2.4,12.4
29001,16.7,7.6,4.3,9
29003,16.7,7.6,4.3,9
29005,16.7,7.6,4.3,9
29007,16.7,7.6,4.3,9
29009,16.7,7.6,4.3,9
29011,16.7,7.6,4.3,9
29013,16.7,7.6,4.3,9
29015,16.7,7.6,4.3,9
29017,16.7,7.6,4.3,9
29019,16.7,7.6,4.3,9
29021,16.7,7.6,4.3,9
29023,16.7,7.6,4.3,9
29025,16.7,7.6,4.3,9
29027,16.7,7.6,4.3,9
29029,16.7,7.6,4.3,9
29031,16.7,7.6,4.3,9
29033,16.7,7.6,4.3,9
29035,16.7,7.6,4.3,9
29037,16.7,7.6,4.3,9
29039,16.7,7.6,4.3,9
29041,16.7,7.6,4.3,9
29043,16.7,7.6,4.3,9
29045,16.7,7.6,4.3,9
29047,16.7,7.6,4.3,9
29049,16.7,7.6,4.3,9
29051,16.7,7.6,4.3,9
29053,16.7,7.6,4.3,9
29055,16.7,7.6,4.3,9
29057,16.7,7.6,4.3,9
29059,16.7,7.6,4.3,9
29061,16.7,7.6,4.3,9
29063,16.7,7.6,4.3,9
29065,16.7,7.6,4.3,9
29067,16.7,7.6,4.3,9
29069,16.7,7.6,4.3,9
29071,16.7,7.6,4.3,9
29073,16.7,7.6,4.3,9
29075,16.7,7.6,4.3,9
29077,16.7,7.6,4.3,9
29079,16.7,7.6,4.3,9
29081,16.7,7.6,4.3,9
29083,16.7,7.6,4.3,9
29085,16.7,7.6,4.3,9
29087,16.7,7.6,4.3,9
29089,16.7,7.6,4.3,9
29091,16.7,7.6,4.3,9
29093,16.7,7.6,4.3,9
29095,16.7,7.6,4.3,9
29097,16.7,7.6,4.3,9
29099,16.7,7.6,4.3,9
29101,16.7,7.6,4.3,9
29103,16.7,7.6,4.3,9
29105,16.7,7.6,4.3,9
29107,16.7,7.6,4.3,9
29109,16.7,7.6,4.3,9
29111,16.7,7.6,4.3,9
29113,16.7,7.6,4.3,9
29115,16.7,7.6,4.3,9
29117,16.7,7.6,4.3,9
29119,16.7,7.6,4.3,9
29121,16.7,7.6,4.3,9
29123,16.7,7.6,4.3,9
29125,16.7,7.6,4.3,9
29127,16.7,7.6,4.3,9
29129,16.7,7.6,4.3,9
29131,16.7,7.6,4.3,9
29133,16.7,7.6,4.3,9
29135,16.7,7.6,4.3,9
29137,16.7,7.6,4.3,9
29139,16.7,7.6,4.3,9
29141,16.7,7.6,4.3,9
29143,16.7,7.6,4.3,9
29145,16.7,7.6,4.3,9
29147,16.7,7.6,4.3,9
29149,16.7,7.6,4.3,9
29151,16.7,7.6,4.3,9
29153,16.7,7.6,4.3,9
29155,16.7,7.6,4.3,9
29157,16.7,7.6,4.3,9
29159,16.7,7.6,4.3,9
29161,16.7,7.6,4.3,9
29163,16.7,7.6,4.3,9
29165,16.7,7.6,4.3,9
29167,16.7,7.6,4.3,9
29169,16.7,7.6,4.3,9
29171,16.7,7.6,4.3,9
29173,16.7,7.6,4.3,9
29175,16.7,7.6,4.3,9
29177,16.7,7.6,4.3,9
29179,16.7,7.6,4.3,9
29181,16.7,7.6,4.3,9
29183,16.7,7.6,4.3,9
29185,16.7,7.6,4.3,9
29186,16.7,7.6,4.3,9
29187,16.7,7.6,4.3,9
29189,16.7,7.6,4.3,9
29195,16.7,7.6,4.3,9
29197,16.7,7.6,4.3,9
29199,16.7,7.6,4.3,9
29201,16.7,7.6,4.3,9
29203,16.7,7.6,4.3,9
29205,16.7,7.6,4.3,9
29207,16.7,7.6,4.3,9
29209,16.7,7.6,4.3,9
29211,16.7,7.6,4.3,9
29213,16.7,7.6,4.3,9
29215,16.7,7.6,4.3,9
29217,16.7,7.6,4.3,9
29219,16.7,7.6,4.3,9
29221,16.7,7.6,4.3,9
29223,16.7,7.6,4.3,9
29225,16.7,7.6,4.3,9
29227,16.7,7.6,4.3,9
29229,16.7,7.6,4.3,9
29510,16.7,7.6,4.3,9
30001,14.1,5.6,1.5,9
30003,14.1,5.6,1.5,9
30005,14.1,5.6,1.5,9
30007,14.1,5.6,1.5,9
30009,14.1,5.6,1.5,9
30011,14.1,5.6,1.5,9
30013,14.1,5.6,1.5,9
30015,14.1,5.6,1.5,9
30017,14.1,5.6,1.5,9
30019,14.1,5.6,1.5,9
30021,14.1,5.6,1.5,9
30023,14.1,5.6,1.5,9
30025,14.1,5.6,1.5,9
30027,14.1,5.6,1.5,9
30029,14.1,5.6,1.5,9
30031,14.1,5.6,1.5,9
30033,14.1,5.6,1.5,9
30035,14.1,5.6,1.5,9
30037,14.1,5.6,1.5,9
30039,14.1,5.6,1.5,9
30041,14.1,5.6,1.5,9
30043,14.1,5.6,1.5,9
30045,14.1,5.6,1.5,9
30047,14.1,5.6,1.5,9
30049,14.1,5.6,1.5,9
30051,14.1,5.6,1.5,9
30053,14.1,5.6,1.5,9
30055,14.1,5.6,1.5,9
30057,14.1,5.6,1.5,9
30059,14.1,5.6,1.5,9
30061,14.1,5.6,1.5,9
30063,14.1,5.6,1.5,9
30065,14.1,5.6,1.5,9
30067,14.1,5.6,1.5,9
30069,14.1,5.6,1.5,9
30071,14.1,5.6,1.5,9
30073,14.1,5.6,1.5,9
30075,14.1,5.6,1.5,9
30077,14.1,5.6,1.5,9
30079,14.1,5.6,1.5,9
30081,14.1,5.6,1.5,9
30083,14.1,5.6,1.5,9
30085,14.1,5.6,1.5,9
30087,14.1,5.6,1.5,9
30089,14.1,5.6,1.5,9
30091,14.1,5.6,1.5,9
30093,14.1,5.6,1.5,9
30095,14.1,5.6,1.5,9
30097,14.1,5.6,1.5,9
30099,14.1,5.6,1.5,9
30101,14.1,5.6,1.5,9
30103,14.1,5.6,1.5,9
30105,14.1,5.6,1.5,9
30107,14.1,5.6,1.5,9
30109,14.1,5.6,1.5,9
30111,14.1,5.6,1.5,9
30113,,,,
31001,13.4,5,1.9,8.1
31003,13.4,5,1.9,8.1
31005,13.4,5,1.9,8.1
31007,13.4,5,1.9,8.1
31009,13.4,5,1.9,8.1
31011,13.4,5,1.9,8.1
31013,13.4,5,1.9,8.1
31015,13.4,5,1.9,8.1
31017,13.4,5,1.9,8.1
31019,13.4,5,1.9,8.1
31021,13.4,5,1.9,8.1
31023,13.4,5,1.9,8.1
31025,13.4,5,1.9,8.1
31027,13.4,5,1.9,8.1
31029,13.4,5,1.9,8.1
31031,13.4,5,1.9,8.1
31033,13.4,5,1.9,8.1
31035,13.4,5,1.9,8.1
31037,13.4,5,1.9,8.1
31039,13.4,5,1.9,8.1
31041,13.4,5,1.9,8.1
31043,13.4,5,1.9,8.1
31045,13.4,5,1.9,8.1
31047,13.4,5,1.9,8.1
31049,13.4,5,1.9,8.1
31051,13.4,5,1.9,8.1
31053,13.4,5,1.9,8.1
31055,13.4,5,1.9,8.1
31057,13.4,5,1.9,8.1
31059,13.4,5,1.9,8.1
31061,13.4,5,1.9,8.1
31063,13.4,5,1.9,8.1
31065,13.4,5,1.9,8.1
31067,13.4,5,1.9,8.1
31069,13.4,5,1.9,8.1
31071,13.4,5,1.9,8.1
31073,13.4,5,1.9,8.1
31075,13.4,5,1.9,8.1
31077,13.4,5,1.9,8.1
31079,13.4,5,1.9,8.1
31081,13.4,5,1.9,8.1
31083,13.4,5,1.9,8.1
31085,13.4,5,1.9,8.1
31087,13.4,5,1.9,8.1
31089,13.4,5,1.9,8.1
31091,13.4,5,1.9,8.1
31093,13.4,5,1.9,8.1
31095,13.4,5,1.9,8.1
31097,13.4,5,1.9,8.1
31099,13.4,5,1.9,8.1
31101,13.4,5,1.9,8.1
31103,13.4,5,1.9,8.1
31105,13.4,5,1.9,8.1
31107,13.4,5,1.9,8.1
31109,13.4,5,1.9,8.1
31111,13.4,5,1.9,8.1
31113,13.4,5,1.9,8.1
31115,13.4,5,1.9,8.1
31117,13.4,5,1.9,8.1
31119,13.4,5,1.9,8.1
31121,13.4,5,1.9,8.1
31123,13.4,5,1.9,8.1
31125,13.4,5,1.9,8.1
31127,13.4,5,1.9,8.1
31129,13.4,5,1.9,8.1
31131,13.4,5,1.9,8.1
31133,13.4,5,1.9,8.1
31135,13.4,5,1.9,8.1
31137,13.4,5,1.9,8.1
31139,13.4,5,1.9,8.1
31141,13.4,5,1.9,8.1
31143,13.4,5,1.9,8.1
31145,13.4,5,1.9,8.1
31147,13.4,5,1.9,8.1
31149,13.4,5,1.9,8.1
31151,13.4,5,1.9,8.1
31153,13.4,5,1.9,8.1
31155,13.4,5,1.9,8.1
31157,13.4,5,1.9,8.1
31159,13.4,5,1.9,8.1
31161,13.4,5,1.9,8.1
31163,13.4,5,1.9,8.1
31165,13.4,5,1.9,8.1
31167,13.4,5,1.9,8.1
31169,13.4,5,1.9,8.1
31171,13.4,5,1.9,8.1
31173,13.4,5,1.9,8.1
31175,13.4,5,1.9,8.1
31177,13.4,5,1.9,8.1
31179,13.4,5,1.9,8.1
31181,13.4,5,1.9,8.1
31183,13.4,5,1.9,8.1
31185,13.4,5,1.9,8.1
32001,16.6,6.7,3.4,9.5
32003,16.6,6.7,3.4,9.5
32005,16.6,6.7,3.4,9.5
32007,16.6,6.7,3.4,9.5
32009,16.6,6.7,3.4,9.5
32011,16.6,6.7,3.4,9.5
32013,16.6,6.7,3.4,9.5
32015,16.6,6.7,3.4,9.5
32017,16.6,6.7,3.4,9.5
32019,16.6,6.7,3.4,9.5
32021,16.6,6.7,3.4,9.5
32023,16.6,6.7,3.4,9.5
32027,16.6,6.7,3.4,9.5
32029,16.6,6.7,3.4,9.5
32031,16.6,6.7,3.4,9.5
32033,16.6,6.7,3.4,9.5
32510,16.6,6.7,3.4,9.5
33001,9.9,4.3,2.2,5.1
33003,9.9,4.3,2.2,5.1
33005,9.9,4.3,2.2,5.1
33007,9.9,4.3,2.2,5.1
33009,9.9,4.3,2.2,5.1
33011,9.9,4.3,2.2,5.1
33013,9.9,4.3,2.2,5.1
33015,9.9,4.3,2.2,5.1
33017,9.9,4.3,2.2,5.1
33019,9.9,4.3,2.2,5.1
34001,12.1,4.6,1.9,7.4
34003,12.1,4.6,1.9,7.4
34005,12.1,4.6,1.9,7.4
34007,12.1,4.6,1.9,7.4
34009,12.1,4.6,1.9,7.4
34011,12.1,4.6,1.9,7.4
34013,12.1,4.6,1.9,7.4
34015,12.1,4.6,1.9,7.4
34017,12.1,4.6,1.9,7.4
34019,12.1,4.6,1.9,7.4
34021,12.1,4.6,1.9,7.4
34023,12.1,4.6,1.9,7.4
34025,12.1,4.6,1.9,7.4
34027,12.1,4.6,1.9,7.4
34029,12.1,4.6,1.9,7.4
34031,12.1,4.6,1.9,7.4
34033,12.1,4.6,1.9,7.4
34035,12.1,4.6,1.9,7.4
34037,12.1,4.6,1.9,7.4
34039,12.1,4.6,1.9,7.4
34041,12.1,4.6,1.9,7.4
35001,15.2,5.9,2.1,12.4
35003,15.2,5.9,2.1,12.4
35005,15.2,5.9,2.1,12.4
35006,15.2,5.9,2.1,12.4
35007,15.2,5.9,2.1,12.4
35009,15.2,5.9,2.1,12.4
35011,15.2,5.9,2.1,12.4
35013,15.2,5.9,2.1,12.4
35015,15.2,5.9,2.1,12.4
35017,15.2,5.9,2.1,12.4
35019,15.2,5.9,2.1,12.4
35021,15.2,5.9,2.1,12.4
35023,15.2,5.9,2.1,12.4
35025,15.2,5.9,2.1,12.4
35027,15.2,5.9,2.1,12.4
35028,15.2,5.9,2.1,12.4
35029,15.2,5.9,2.1,12.4
35031,15.2,5.9,2.1,12.4
35033,15.2,5.9,2.1,12.4
35035,15.2,5.9,2.1,12.4
35037,15.2,5.9,2.1,12.4
35039,15.2,5.9,2.1,12.4
35041,15.2,5.9,2.1,12.4
35043,15.2,5.9,2.1,12.4
35045,15.2,5.9,2.1,12.4
35047,15.2,5.9,2.1,12.4
35049,15.2,5.9,2.1,12.4
35051,15.2,5.9,2.1,12.4
35053,15.2,5.9,2.1,12.4
35055,15.2,5.9,2.1,12.4
35057,15.2,5.9,2.1,12.4
35059,15.2,5.9,2.1,12.4
35061,15.2,5.9,2.1,12.4
36001,13.2,5,2.1,9.5
36003,13.2,5,2.1,9.5
36005,13.2,5,2.1,9.5
36007,13.2,5,2.1,9.5
36009,13.2,5,2.1,9.5
36011,13.2,5,2.1,9.5
36013,13.2,5,2.1,9.5
36015,13.2,5,2.1,9.5
36017,13.2,5,2.1,9.5
36019,13.2,5,2.1,9.5
36021,13.2,5,2.1,9.5
36023,13.2,5,2.1,9.5
36025,13.2,5,2.1,9.5
36027,13.2,5,2.1,9.5
36029,13.2,5,2.1,9.5
36031,13.2,5,2.1,9.5
36033,13.2,5,2.1,9.5
36035,13.2,5,2.1,9.5
36037,13.2,5,2.1,9.5
36039,13.2,5,2.1,9.5
36041,13.2,5,2.1,9.5
36043,13.2,5,2.1,9.5
36045,13.2,5,2.1,9.5
36047,13.2,5,2.1,9.5
36049,13.2,5,2.1,9.5
36051,13.2,5,2.1,9.5
36053,13.2,5,2.1,9.5
36055,13.2,5,2.1,9.5
36057,13.2,5,2.1,9.5
36059,13.2,5,2.1,9.5
36061,13.2,5,2.1,9.5
36063,13.2,5,2.1,9.5
36065,13.2,5,2.1,9.5
36067,13.2,5,2.1,9.5
36069,13.2,5,2.1,9.5
36071,13.2,5,2.1,9.5
36073,13.2,5,2.1,9.5
36075,13.2,5,2.1,9.5
36077,13.2,5,2.1,9.5
36079,13.2,5,2.1,9.5
36081,13.2,5,2.1,9.5
36083,13.2,5,2.1,9.5
36085,13.2,5,2.1,9.5
36087,13.2,5,2.1,9.5
36089,13.2,5,2.1,9.5
36091,13.2,5,2.1,9.5
36093,13.2,5,2.1,9.5
36095,13.2,5,2.1,9.5
36097,13.2,5,2.1,9.5
36099,13.2,5,2.1,9.5
36101,13.2,5,2.1,9.5
36103,13.2,5,2.1,9.5
36105,13.2,5,2.1,9.5
36107,13.2,5,2.1,9.5
36109,13.2,5,2.1,9.5
36111,13.2,5,2.1,9.5
36113,13.2,5,2.1,9.5
36115,13.2,5,2.1,9.5
36117,13.2,5,2.1,9.5
36119,13.2,5,2.1,9.5
36121,13.2,5,2.1,9.5
36123,13.2,5,2.1,9.5
37001,17,5.5,1.8,10.2
37003,17,5.5,1.8,10.2
37005,17,5.5,1.8,10.2
37007,17,5.5,1.8,10.2
37009,17,5.5,1.8,10.2
37011,17,5.5,1.8,10.2
37013,17,5.5,1.8,10.2
37015,17,5.5,1.8,10.2
37017,17,5.5,1.8,10.2
37019,17,5.5,1.8,10.2
37021,17,5.5,1.8,10.2
37023,17,5.5,1.8,10.2
37025,17,5.5,1.8,10.2
37027,17,5.5,1.8,10.2
37029,17,5.5,1.8,10.2
37031,17,5.5,1.8,10.2
37033,17,5.5,1.8,10.2
37035,17,5.5,1.8,10.2
37037,17,5.5,1.8,10.2
37039,17,5.5,1.8,10.2
37041,17,5.5,1.8,10.2
37043,17,5.5,1.8,10.2
37045,17,5.5,1.8,10.2
37047,17,5.5,1.8,10.2
37049,17,5.5,1.8,10.2
37051,17,5.5,1.8,10.2
37053,17,5.5,1.8,10.2
37055,17,5.5,1.8,10.2
37057,17,5.5,1.8,10.2
37059,17,5.5,1.8,10.2
37061,17,5.5,1.8,10.2
37063,17,5.5,1.8,10.2
37065,17,5.5,1.8,10.2
37067,17,5.5,1.8,10.2
37069,17,5.5,1.8,10.2
37071,17,5.5,1.8,10.2
37073,17,5.5,1.8,10.2
37075,17,5.5,1.8,10.2
37077,17,5.5,1.8,10.2
37079,17,5.5,1.8,10.2
37081,17,5.5,1.8,10.2
37083,17,5.5,1.8,10.2
37085,17,5.5,1.8,10.2
37087,17,5.5,1.8,10.2
37089,17,5.5,1.8,10.2
37091,17,5.5,1.8,10.2
37093,17,5.5,1.8,10.2
37095,17,5.5,1.8,10.2
37097,17,5.5,1.8,10.2
37099,17,5.5,1.8,10.2
37101,17,5.5,1.8,10.2
37103,17,5.5,1.8,10.2
37105,17,5.5,1.8,10.2
37107,17,5.5,1.8,10.2
37109,17,5.5,1.8,10.2
37111,17,5.5,1.8,10.2
37113,17,5.5,1.8,10.2
37115,17,5.5,1.8,10.2
37117,17,5.5,1.8,10.2
37119,17,5.5,1.8,10.2
37121,17,5.5,1.8,10.2
37123,17,5.5,1.8,10.2
37125,17,5.5,1.8,10.2
37127,17,5.5,1.8,10.2
37129,17,5.5,1.8,10.2
37131,17,5.5,1.8,10.2
37133,17,5.5,1.8,10.2
37135,17,5.5,1.8,10.2
37137,17,5.5,1.8,10.2
37139,17,5.5,1.8,10.2
37141,17,5.5,1.8,10.2
37143,17,5.5,1.8,10.2
37145,17,5.5,1.8,10.2
37147,17,5.5,1.8,10.2
37149,17,5.5,1.8,10.2
37151,17,5.5,1.8,10.2
37153,17,5.5,1.8,10.2
37155,17,5.5,1.8,10.2
37157,17,5.5,1.8,10.2
37159,17,5.5,1.8,10.2
37161,17,5.5,1.8,10.2
37163,17,5.5,1.8,10.2
37165,17,5.5,1.8,10.2
37167,17,5.5,1.8,10.2
37169,17,5.5,1.8,10.2
37171,17,5.5,1.8,10.2
37173,17,5.5,1.8,10.2
37175,17,5.5,1.8,10.2
37177,17,5.5,1.8,10.2
37179,17,5.5,1.8,10.2
37181,17,5.5,1.8,10.2
37183,17,5.5,1.8,10.2
37185,17,5.5,1.8,10.2
37187,17,5.5,1.8,10.2
37189,17,5.5,1.8,10.2
37191,17,5.5,1.8,10.2
37193,17,5.5,1.8,10.2
37195,17,5.5,1.8,10.2
37197,17,5.5,1.8,10.2
37199,17,5.5,1.8,10.2
38001,8.7,3.4,1.4,5.8
38003,8.7,3.4,1.4,5.8
38005,8.7,3.4,1.4,5.8
38007,8.7,3.4,1.4,5.8
38009,8.7,3.4,1.4,5.8
38011,8.7,3.4,1.4,5.8
38013,8.7,3.4,1.4,5.8
38015,8.7,3.4,1.4,5.8
38017,8.7,3.4,1.4,5.8
38019,8.7,3.4,1.4,5.8
38021,8.7,3.4,1.4,5.8
38023,8.7,3.4,1.4,5.8
38025,8.7,3.4,1.4,5.8
38027,8.7,3.4,1.4,5.8
38029,8.7,3.4,1.4,5.8
38031,8.7,3.4,1.4,5.8
38033,8.7,3.4,1.4,5.8
38035,8.7,3.4,1.4,5.8
38037,8.7,3.4,1.4,5.8
38039,8.7,3.4,1.4,5.8
38041,8.7,3.4,1.4,5.8
38043,8.7,3.4,1.4,5.8
38045,8.7,3.4,1.4,5.8
38047,8.7,3.4,1.4,5.8
38049,8.7,3.4,1.4,5.8
38051,8.7,3.4,1.4,5.8
38053,8.7,3.4,1.4,5.8
38055,8.7,3.4,1.4,5.8
38057,8.7,3.4,1.4,5.8
38059,8.7,3.4,1.4,5.8
38061,8.7,3.4,1.4,5.8
38063,8.7,3.4,1.4,5.8
38065,8.7,3.4,1.4,5.8
38067,8.7,3.4,1.4,5.8
38069,8.7,3.4,1.4,5.8
38071,8.7,3.4,1.4,5.8
38073,8.7,3.4,1.4,5.8
38075,8.7,3.4,1.4,5.8
38077,8.7,3.4,1.4,5.8
38079,8.7,3.4,1.4,5.8
38081,8.7,3.4,1.4,5.8
38083,8.7,3.4,1.4,5.8
38085,8.7,3.4,1.4,5.8
38087,8.7,3.4,1.4,5.8
38089,8.7,3.4,1.4,5.8
38091,8.7,3.4,1.4,5.8
38093,8.7,3.4,1.4,5.8
38095,8.7,3.4,1.4,5.8
38097,8.7,3.4,1.4,5.8
38099,8.7,3.4,1.4,5.8
38101,8.7,3.4,1.4,5.8
38103,8.7,3.4,1.4,5.8
38105,8.7,3.4,1.4,5.8
39001,16.1,7.1,3.8,8.6
39003,16.1,7.1,3.8,8.6
39005,16.1,7.1,3.8,8.6
39007,16.1,7.1,3.8,8.6
39009,16.1,7.1,3.8,8.6
39011,16.1,7.1,3.8,8.6
39013,16.1,7.1,3.8,8.6
39015,16.1,7.1,3.8,8.6
39017,16.1,7.1,3.8,8.6
39019,16.1,7.1,3.8,8.6
39021,16.1,7.1,3.8,8.6
39023,16.1,7.1,3.8,8.6
39025,16.1,7.1,3.8,8.6
39027,16.1,7.1,3.8,8.6
39029,16.1,7.1,3.8,8.6
39031,16.1,7.1,3.8,8.6
39033,16.1,7.1,3.8,8.6
39035,16.1,7.1,3.8,8.6
39037,16.1,7.1,3.8,8.6
39039,16.1,7.1,3.8,8.6
39041,16.1,7.1,3.8,8.6
39043,16.1,7.1,3.8,8.6
39045,16.1,7.1,3.8,8.6
39047,16.1,7.1,3.8,8.6
39049,16.1,7.1,3.8,8.6
39051,16.1,7.1,3.8,8.6
39053,16.1,7.1,3.8,8.6
39055,16.1,7.1,3.8,8.6
39057,16.1,7.1,3.8,8.6
39059,16.1,7.1,3.8,8.6
39061,16.1,7.1,3.8,8.6
39063,16.1,7.1,3.8,8.6
39065,16.1,7.1,3.8,8.6
39067,16.1,7.1,3.8,8.6
39069,16.1,7.1,3.8,8.6
39071,16.1,7.1,3.8,8.6
39073,16.1,7.1,3.8,8.6
39075,16.1,7.1,3.8,8.6
39077,16.1,7.1,3.8,8.6
39079,16.1,7.1,3.8,8.6
39081,16.1,7.1,3.8,8.6
39083,16.1,7.1,3.8,8.6
39085,16.1,7.1,3.8,8.6
39087,16.1,7.1,3.8,8.6
39089,16.1,7.1,3.8,8.6
39091,16.1,7.1,3.8,8.6
39093,16.1,7.1,3.8,8.6
39095,16.1,7.1,3.8,8.6
39097,16.1,7.1,3.8,8.6
39099,16.1,7.1,3.8,8.6
39101,16.1,7.1,3.8,8.6
39103,16.1,7.1,3.8,8.6
39105,16.1,7.1,3.8,8.6
39107,16.1,7.1,3.8,8.6
39109,16.1,7.1,3.8,8.6
39111,16.1,7.1,3.8,8.6
39113,16.1,7.1,3.8,8.6
39115,16.1,7.1,3.8,8.6
39117,16.1,7.1,3.8,8.6
39119,16.1,7.1,3.8,8.6
39121,16.1,7.1,3.8,8.6
39123,16.1,7.1,3.8,8.6
39125,16.1,7.1,3.8,8.6
39127,16.1,7.1,3.8,8.6
39129,16.1,7.1,3.8,8.6
39131,16.1,7.1,3.8,8.6
39133,16.1,7.1,3.8,8.6
39135,16.1,7.1,3.8,8.6
39137,16.1,7.1,3.8,8.6
39139,16.1,7.1,3.8,8.6
39141,16.1,7.1,3.8,8.6
39143,16.1,7.1,3.8,8.6
39145,16.1,7.1,3.8,8.6
39147,16.1,7.1,3.8,8.6
39149,16.1,7.1,3.8,8.6
39151,16.1,7.1,3.8,8.6
39153,16.1,7.1,3.8,8.6
39155,16.1,7.1,3.8,8.6
39157,16.1,7.1,3.8,8.6
39159,16.1,7.1,3.8,8.6
39161,16.1,7.1,3.8,8.6
39163,16.1,7.1,3.8,8.6
39165,16.1,7.1,3.8,8.6
39167,16.1,7.1,3.8,8.6
39169,16.1,7.1,3.8,8.6
39171,16.1,7.1,3.8,8.6
39173,16.1,7.1,3.8,8.6
39175,16.1,7.1,3.8,8.6
40001,15.3,6.6,1.5,11.4
40003,15.3,6.6,1.5,11.4
40005,15.3,6.6,1.5,11.4
40007,15.3,6.6,1.5,11.4
40009,15.3,6.6,1.5,11.4
40011,15.3,6.6,1.5,11.4
40013,15.3,6.6,1.5,11.4
40015,15.3,6.6,1.5,11.4
40017,15.3,6.6,1.5,11.4
40019,15.3,6.6,1.5,11.4
40021,15.3,6.6,1.5,11.4
40023,15.3,6.6,1.5,11.4
40025,15.3,6.6,1.5,11.4
40027,15.3,6.6,1.5,11.4
40029,15.3,6.6,1.5,11.4
40031,15.3,6.6,1.5,11.4
40033,15.3,6.6,1.5,11.4
40035,15.3,6.6,1.5,11.4
40037,15.3,6.6,1.5,11.4
40039,15.3,6.6,1.5,11.4
40041,15.3,6.6,1.5,11.4
40043,15.3,6.6,1.5,11.4
40045,15.3,6.6,1.5,11.4
40047,15.3,6.6,1.5,11.4
40049,15.3,6.6,1.5,11.4
40051,15.3,6.6,1.5,11.4
40053,15.3,6.6,1.5,11.4
40055,15.3,6.6,1.5,11.4
40057,15.3,6.6,1.5,11.4
40059,15.3,6.6,1.5,11.4
40061,15.3,6.6,1.5,11.4
40063,15.3,6.6,1.5,11.4
40065,15.3,6.6,1.5,11.4
40067,15.3,6.6,1.5,11.4
40069,15.3,6.6,1.5,11.4
40071,15.3,6.6,1.5,11.4
40073,15.3,6.6,1.5,11.4
40075,15.3,6.6,1.5,11.4
40077,15.3,6.6,1.5,11.4
40079,15.3,6.6,1.5,11.4
40081,15.3,6.6,1.5,11.4
40083,15.3,6.6,1.5,11.4
40085,15.3,6.6,1.5,11.4
40087,15.3,6.6,1.5,11.4
40089,15.3,6.6,1.5,11.4
40091,15.3,6.6,1.5,11.4
40093,15.3,6.6,1.5,11.4
40095,15.3,6.6,1.5,11.4
40097,15.3,6.6,1.5,11.4
40099,15.3,6.6,1.5,11.4
40101,15.3,6.6,1.5,11.4
40103,15.3,6.6,1.5,11.4
40105,15.3,6.6,1.5,11.4
40107,15.3,6.6,1.5,11.4
40109,15.3,6.6,1.5,11.4
40111,15.3,6.6,1.5,11.4
40113,15.3,6.6,1.5,11.4
40115,15.3,6.6,1.5,11.4
40117,15.3,6.6,1.5,11.4
40119,15.3,6.6,1.5,11.4
40121,15.3,6.6,1.5,11.4
40123,15.3,6.6,1.5,11.4
40125,15.3,6.6,1.5,11.4
40127,15.3,6.6,1.5,11.4
40129,15.3,6.6,1.5,11.4
40131,15.3,6.6,1.5,11.4
40133,15.3,6.6,1.5,11.4
40135,15.3,6.6,1.5,11.4
40137,15.3,6.6,1.5,11.4
40139,15.3,6.6,1.5,11.4
40141,15.3,6.6,1.5,11.4
40143,15.3,6.6,1.5,11.4
40145,15.3,6.6,1.5,11.4
40147,15.3,6.6,1.5,11.4
40149,15.3,6.6,1.5,11.4
40151,15.3,6.6,1.5,11.4
40153,15.3,6.6,1.5,11.4
41001,13.6,5.8,0.8,10.4
41003,13.6,5.8,0.8,10.4
41005,13.6,5.8,0.8,10.4
41007,13.6,5.8,0.8,10.4
41009,13.6,5.8,0.8,10.4
41011,13.6,5.8,0.8,10.4
41013,13.6,5.8,0.8,10.4
41015,13.6,5.8,0.8,10.4
41017,13.6,5.8,0.8,10.4
41019,13.6,5.8,0.8,10.4
41021,13.6,5.8,0.8,10.4
41023,13.6,5.8,0.8,10.4
41025,13.6,5.8,0.8,10.4
41027,13.6,5.8,0.8,10.4
41029,13.6,5.8,0.8,10.4
41031,13.6,5.8,0.8,10.4
41033,13.6,5.8,0.8,10.4
41035,13.6,5.8,0.8,10.4
41037,13.6,5.8,0.8,10.4
41039,13.6,5.8,0.8,10.4
41041,13.6,5.8,0.8,10.4
41043,13.6,5.8,0.8,10.4
41045,13.6,5.8,0.8,10.4
41047,13.6,5.8,0.8,10.4
41049,13.6,5.8,0.8,10.4
41051,13.6,5.8,0.8,10.4
41053,13.6,5.8,0.8,10.4
41055,13.6,5.8,0.8,10.4
41057,13.6,5.8,0.8,10.4
41059,13.6,5.8,0.8,10.4
41061,13.6,5.8,0.8,10.4
41063,13.6,5.8,0.8,10.4
41065,13.6,5.8,0.8,10.4
41067,13.6,5.8,0.8,10.4
41069,13.6,5.8,0.8,10.4
41071,13.6,5.8,0.8,10.4
42001,12.3,4.8,2.1,7.9
42003,12.3,4.8,2.1,7.9
42005,12.3,4.8,2.1,7.9
42007,12.3,4.8,2.1,7.9
42009,12.3,4.8,2.1,7.9
42011,12.3,4.8,2.1,7.9
42013,12.3,4.8,2.1,7.9
42015,12.3,4.8,2.1,7.9
42017,12.3,4.8,2.1,7.9
42019,12.3,4.8,2.1,7.9
42021,12.3,4.8,2.1,7.9
42023,12.3,4.8,2.1,7.9
42025,12.3,4.8,2.1,7.9
42027,12.3,4.8,2.1,7.9
42029,12.3,4.8,2.1,7.9
42031,12.3,4.8,2.1,7.9
42033,12.3,4.8,2.1,7.9
42035,12.3,4.8,2.1,7.9
42037,12.3,4.8,2.1,7.9
42039,12.3,4.8,2.1,7.9
42041,12.3,4.8,2.1,7.9
42043,12.3,4.8,2.1,7.9
42045,12.3,4.8,2.1,7.9
42047,12.3,4.8,2.1,7.9
42049,12.3,4.8,2.1,7.9
42051,12.3,4.8,2.1,7.9
42053,12.3,4.8,2.1,7.9
42055,12.3,4.8,2.1,7.9
42057,12.3,4.8,2.1,7.9
42059,12.3,4.8,2.1,7.9
42061,12.3,4.8,2.1,7.9
42063,12.3,4.8,2.1,7.9
42065,12.3,4.8,2.1,7.9
42067,12.3,4.8,2.1,7.9
42069,12.3,4.8,2.1,7.9
42071,12.3,4.8,2.1,7.9
42073,12.3,4.8,2.1,7.9
42075,12.3,4.8,2.1,7.9
42077,12.3,4.8,2.1,7.9
42079,12.3,4.8,2.1,7.9
42081,12.3,4.8,2.1,7.9
42083,12.3,4.8,2.1,7.9
42085,12.3,4.8,2.1,7.9
42087,12.3,4.8,2.1,7.9
42089,12.3,4.8,2.1,7.9
42091,12.3,4.8,2.1,7.9
42093,12.3,4.8,2.1,7.9
42095,12.3,4.8,2.1,7.9
42097,12.3,4.8,2.1,7.9
42099,12.3,4.8,2.1,7.9
42101,12.3,4.8,2.1,7.9
42103,12.3,4.8,2.1,7.9
42105,12.3,4.8,2.1,7.9
42107,12.3,4.8,2.1,7.9
42109,12.3,4.8,2.1,7.9
42111,12.3,4.8,2.1,7.9
42113,12.3,4.8,2.1,7.9
42115,12.3,4.8,2.1,7.9
42117,12.3,4.8,2.1,7.9
42119,12.3,4.8,2.1,7.9
42121,12.3,4.8,2.1,7.9
42123,12.3,4.8,2.1,7.9
42125,12.3,4.8,2.1,7.9
42127,12.3,4.8,2.1,7.9
42129,12.3,4.8,2.1,7.9
42131,12.3,4.8,2.1,7.9
42133,12.3,4.8,2.1,7.9
44001,15.4,5.5,2.1,9.8
44003,15.4,5.5,2.1,9.8
44005,15.4,5.5,2.1,9.8
44007,15.4,5.5,2.1,9.8
44009,15.4,5.5,2.1,9.8
45001,15.4,5.2,0.9,9.8
45003,15.4,5.2,0.9,9.8
45005,15.4,5.2,0.9,9.8
45007,15.4,5.2,0.9,9.8
45009,15.4,5.2,0.9,9.8
45011,15.4,5.2,0.9,9.8
45013,15.4,5.2,0.9,9.8
45015,15.4,5.2,0.9,9.8
45017,15.4,5.2,0.9,9.8
45019,15.4,5.2,0.9,9.8
45021,15.4,5.2,0.9,9.8
45023,15.4,5.2,0.9,9.8
45025,15.4,5.2,0.9,9.8
45027,15.4,5.2,0.9,9.8
45029,15.4,5.2,0.9,9.8
45031,15.4,5.2,0.9,9.8
45033,15.4,5.2,0.9,9.8
45035,15.4,5.2,0.9,9.8
45037,15.4,5.2,0.9,9.8
45039,15.4,5.2,0.9,9.8
45041,15.4,5.2,0.9,9.8
45043,15.4,5.2,0.9,9.8
45045,15.4,5.2,0.9,9.8
45047,15.4,5.2,0.9,9.8
45049,15.4,5.2,0.9,9.8
45051,15.4,5.2,0.9,9.8
45053,15.4,5.2,0.9,9.8
45055,15.4,5.2,0.9,9.8
45057,15.4,5.2,0.9,9.8
45059,15.4,5.2,0.9,9.8
45061,15.4,5.2,0.9,9.8
45063,15.4,5.2,0.9,9.8
45065,15.4,5.2,0.9,9.8
45067,15.4,5.2,0.9,9.8
45069,15.4,5.2,0.9,9.8
45071,15.4,5.2,0.9,9.8
45073,15.4,5.2,0.9,9.8
45075,15.4,5.2,0.9,9.8
45077,15.4,5.2,0.9,9.8
45079,15.4,5.2,0.9,9.8
45081,15.4,5.2,0.9,9.8
45083,15.4,5.2,0.9,9.8
45085,15.4,5.2,0.9,9.8
45087,15.4,5.2,0.9,9.8
45089,15.4,5.2,0.9,9.8
45091,15.4,5.2,0.9,9.8
46003,12.9,4.9,2.7,7.9
46005,12.9,4.9,2.7,7.9
46007,12.9,4.9,2.7,7.9
46009,12.9,4.9,2.7,7.9
46011,12.9,4.9,2.7,7.9
46013,12.9,4.9,2.7,7.9
46015,12.9,4.9,2.7,7.9
46017,12.9,4.9,2.7,7.9
46019,12.9,4.9,2.7,7.9
46021,12.9,4.9,2.7,7.9
46023,12.9,4.9,2.7,7.9
46025,12.9,4.9,2.7,7.9
46027,12.9,4.9,2.7,7.9
46029,12.9,4.9,2.7,7.9
46031,12.9,4.9,2.7,7.9
46033,12.9,4.9,2.7,7.9
46035,12.9,4.9,2.7,7.9
46037,12.9,4.9,2.7,7.9
46039,12.9,4.9,2.7,7.9
46041,12.9,4.9,2.7,7.9
46043,12.9,4.9,2.7,7.9
46045,12.9,4.9,2.7,7.9
46047,12.9,4.9,2.7,7.9
46049,12.9,4.9,2.7,7.9
46051,12.9,4.9,2.7,7.9
46053,12.9,4.9,2.7,7.9
46055,12.9,4.9,2.7,7.9
46057,12.9,4.9,2.7,7.9
46059,12.9,4.9,2.7,7.9
46061,12.9,4.9,2.7,7.9
46063,12.9,4.9,2.7,7.9
46065,12.9,4.9,2.7,7.9
46067,12.9,4.9,2.7,7.9
46069,12.9,4.9,2.7,7.9
46071,12.9,4.9,2.7,7.9
46073,12.9,4.9,2.7,7.9
46075,12.9,4.9,2.7,7.9
46077,12.9,4.9,2.7,7.9
46079,12.9,4.9,2.7,7.9
46081,12.9,4.9,2.7,7.9
46083,12.9,4.9,2.7,7.9
46085,12.9,4.9,2.7,7.9
46087,12.9,4.9,2.7,7.9
46089,12.9,4.9,2.7,7.9
46091,12.9,4.9,2.7,7.9
46093,12.9,4.9,2.7,7.9
46095,12.9,4.9,2.7,7.9
46097,12.9,4.9,2.7,7.9
46099,12.9,4.9,2.7,7.9
46101,12.9,4.9,2.7,7.9
46103,12.9,4.9,2.7,7.9
46105,12.9,4.9,2.7,7.9
46107,12.9,4.9,2.7,7.9
46109,12.9,4.9,2.7,7.9
46111,12.9,4.9,2.7,7.9
46113,12.9,4.9,2.7,7.9
46115,12.9,4.9,2.7,7.9
46117,12.9,4.9,2.7,7.9
46119,12.9,4.9,2.7,7.9
46121,12.9,4.9,2.7,7.9
46123,12.9,4.9,2.7,7.9
46125,12.9,4.9,2.7,7.9
46127,12.9,4.9,2.7,7.9
46129,12.9,4.9,2.7,7.9
46135,12.9,4.9,2.7,7.9
46137,12.9,4.9,2.7,7.9
47001,16.2,6.9,3.6,10.1
47003,16.2,6.9,3.6,10.1
47005,16.2,6.9,3.6,10.1
47007,16.2,6.9,3.6,10.1
47009,16.2,6.9,3.6,10.1
47011,16.2,6.9,3.6,10.1
47013,16.2,6.9,3.6,10.1
47015,16.2,6.9,3.6,10.1
47017,16.2,6.9,3.6,10.1
47019,16.2,6.9,3.6,10.1
47021,16.2,6.9,3.6,10.1
47023,16.2,6.9,3.6,10.1
47025,16.2,6.9,3.6,10.1
47027,16.2,6.9,3.6,10.1
47029,16.2,6.9,3.6,10.1
47031,16.2,6.9,3.6,10.1
47033,16.2,6.9,3.6,10.1
47035,16.2,6.9,3.6,10.1
47037,16.2,6.9,3.6,10.1
47039,16.2,6.9,3.6,10.1
47041,16.2,6.9,3.6,10.1
47043,16.2,6.9,3.6,10.1
47045,16.2,6.9,3.6,10.1
47047,16.2,6.9,3.6,10.1
47049,16.2,6.9,3.6,10.1
47051,16.2,6.9,3.6,10.1
47053,16.2,6.9,3.6,10.1
47055,16.2,6.9,3.6,10.1
47057,16.2,6.9,3.6,10.1
47059,16.2,6.9,3.6,10.1
47061,16.2,6.9,3.6,10.1
47063,16.2,6.9,3.6,10.1
47065,16.2,6.9,3.6,10.1
47067,16.2,6.9,3.6,10.1
47069,16.2,6.9,3.6,10.1
47071,16.2,6.9,3.6,10.1
47073,16.2,6.9,3.6,10.1
47075,16.2,6.9,3.6,10.1
47077,16.2,6.9,3.6,10.1
47079,16.2,6.9,3.6,10.1
47081,16.2,6.9,3.6,10.1
47083,16.2,6.9,3.6,10.1
47085,16.2,6.9,3.6,10.1
47087,16.2,6.9,3.6,10.1
47089,16.2,6.9,3.6,10.1
47091,16.2,6.9,3.6,10.1
47093,16.2,6.9,3.6,10.1
47095,16.2,6.9,3.6,10.1
47097,16.2,6.9,3.6,10.1
47099,16.2,6.9,3.6,10.1
47101,16.2,6.9,3.6,10.1
47103,16.2,6.9,3.6,10.1
47105,16.2,6.9,3.6,10.1
47107,16.2,6.9,3.6,10.1
47109,16.2,6.9,3.6,10.1
47111,16.2,6.9,3.6,10.1
47113,16.2,6.9,3.6,10.1
47115,16.2,6.9,3.6,10.1
47117,16.2,6.9,3.6,10.1
47119,16.2,6.9,3.6,10.1
47121,16.2,6.9,3.6,10.1
47123,16.2,6.9,3.6,10.1
47125,16.2,6.9,3.6,10.1
47127,16.2,6.9,3.6,10.1
47129,16.2,6.9,3.6,10.1
47131,16.2,6.9,3.6,10.1
47133,16.2,6.9,3.6,10.1
47135,16.2,6.9,3.6,10.1
47137,16.2,6.9,3.6,10.1
47139,16.2,6.9,3.6,10.1
47141,16.2,6.9,3.6,10.1
47143,16.2,6.9,3.6,10.1
47145,16.2,6.9,3.6,10.1
47147,16.2,6.9,3.6,10.1
47149,16.2,6.9,3.6,10.1
47151,16.2,6.9,3.6,10.1
47153,16.2,6.9,3.6,10.1
47155,16.2,6.9,3.6,10.1
47157,16.2,6.9,3.6,10.1
47159,16.2,6.9,3.6,10.1
47161,16.2,6.9,3.6,10.1
47163,16.2,6.9,3.6,10.1
47165,16.2,6.9,3.6,10.1
47167,16.2,6.9,3.6,10.1
47169,16.2,6.9,3.6,10.1
47171,16.2,6.9,3.6,10.1
47173,16.2,6.9,3.6,10.1
47175,16.2,6.9,3.6,10.1
47177,16.2,6.9,3.6,10.1
47179,16.2,6.9,3.6,10.1
47181,16.2,6.9,3.6,10.1
47183,16.2,6.9,3.6,10.1
47185,16.2,6.9,3.6,10.1
47187,16.2,6.9,3.6,10.1
47189,16.2,6.9,3.6,10.1
48001,18.4,6.2,2.1,12.8
48003,18.4,6.2,2.1,12.8
48005,18.4,6.2,2.1,12.8
48007,18.4,6.2,2.1,12.8
48009,18.4,6.2,2.1,12.8
48011,18.4,6.2,2.1,12.8
48013,18.4,6.2,2.1,12.8
48015,18.4,6.2,2.1,12.8
48017,18.4,6.2,2.1,12.8
48019,18.4,6.2,2.1,12.8
48021,18.4,6.2,2.1,12.8
48023,18.4,6.2,2.1,12.8
48025,18.4,6.2,2.1,12.8
48027,18.4,6.2,2.1,12.8
48029,18.4,6.2,2.1,12.8
48031,18.4,6.2,2.1,12.8
48033,18.4,6.2,2.1,12.8
48035,18.4,6.2,2.1,12.8
48037,18.4,6.2,2.1,12.8
48039,18.4,6.2,2.1,12.8
48041,18.4,6.2,2.1,12.8
48043,18.4,6.2,2.1,12.8
48045,18.4,6.2,2.1,12.8
48047,18.4,6.2,2.1,12.8
48049,18.4,6.2,2.1,12.8
48051,18.4,6.2,2.1,12.8
48053,18.4,6.2,2.1,12.8
48055,18.4,6.2,2.1,12.8
48057,18.4,6.2,2.1,12.8
48059,18.4,6.2,2.1,12.8
48061,18.4,6.2,2.1,12.8
48063,18.4,6.2,2.1,12.8
48065,18.4,6.2,2.1,12.8
48067,18.4,6.2,2.1,12.8
48069,18.4,6.2,2.1,12.8
48071,18.4,6.2,2.1,12.8
48073,18.4,6.2,2.1,12.8
48075,18.4,6.2,2.1,12.8
48077,18.4,6.2,2.1,12.8
48079,18.4,6.2,2.1,12.8
48081,18.4,6.2,2.1,12.8
48083,18.4,6.2,2.1,12.8
48085,18.4,6.2,2.1,12.8
48087,18.4,6.2,2.1,12.8
48089,18.4,6.2,2.1,12.8
48091,18.4,6.2,2.1,12.8
48093,18.4,6.2,2.1,12.8
48095,18.4,6.2,2.1,12.8
48097,18.4,6.2,2.1,12.8
48099,18.4,6.2,2.1,12.8
48101,18.4,6.2,2.1,12.8
48103,18.4,6.2,2.1,12.8
48105,18.4,6.2,2.1,12.8
48107,18.4,6.2,2.1,12.8
48109,18.4,6.2,2.1,12.8
48111,18.4,6.2,2.1,12.8
48113,18.4,6.2,2.1,12.8
48115,18.4,6.2,2.1,12.8
48117,18.4,6.2,2.1,12.8
48119,18.4,6.2,2.1,12.8
48121,18.4,6.2,2.1,12.8
48123,18.4,6.2,2.1,12.8
48125,18.4,6.2,2.1,12.8
48127,18.4,6.2,2.1,12.8
48129,18.4,6.2,2.1,12.8
48131,18.4,6.2,2.1,12.8
48133,18.4,6.2,2.1,12.8
48135,18.4,6.2,2.1,12.8
48137,18.4,6.2,2.1,12.8
48139,18.4,6.2,2.1,12.8
48141,18.4,6.2,2.1,12.8
48143,18.4,6.2,2.1,12.8
48145,18.4,6.2,2.1,12.8
48147,18.4,6.2,2.1,12.8
48149,18.4,6.2,2.1,12.8
48151,18.4,6.2,2.1,12.8
48153,18.4,6.2,2.1,12.8
48155,18.4,6.2,2.1,12.8
48157,18.4,6.2,2.1,12.8
48159,18.4,6.2,2.1,12.8
48161,18.4,6.2,2.1,12.8
48163,18.4,6.2,2.1,12.8
48165,18.4,6.2,2.1,12.8
48167,18.4,6.2,2.1,12.8
48169,18.4,6.2,2.1,12.8
48171,18.4,6.2,2.1,12.8
48173,18.4,6.2,2.1,12.8
48175,18.4,6.2,2.1,12.8
48177,18.4,6.2,2.1,12.8
48179,18.4,6.2,2.1,12.8
48181,18.4,6.2,2.1,12.8
48183,18.4,6.2,2.1,12.8
48185,18.4,6.2,2.1,12.8
48187,18.4,6.2,2.1,12.8
48189,18.4,6.2,2.1,12.8
48191,18.4,6.2,2.1,12.8
48193,18.4,6.2,2.1,12.8
48195,18.4,6.2,2.1,12.8
48197,18.4,6.2,2.1,12.8
48199,18.4,6.2,2.1,12.8
48201,18.4,6.2,2.1,12.8
48203,18.4,6.2,2.1,12.8
48205,18.4,6.2,2.1,12.8
48207,18.4,6.2,2.1,12.8
48209,18.4,6.2,2.1,12.8
48211,18.4,6.2,2.1,12.8
48213,18.4,6.2,2.1,12.8
48215,18.4,6.2,2.1,12.8
48217,18.4,6.2,2.1,12.8
48219,18.4,6.2,2.1,12.8
48221,18.4,6.2,2.1,12.8
48223,18.4,6.2,2.1,12.8
48225,18.4,6.2,2.1,12.8
48227,18.4,6.2,2.1,12.8
48229,18.4,6.2,2.1,12.8
48231,18.4,6.2,2.1,12.8
48233,18.4,6.2,2.1,12.8
48235,18.4,6.2,2.1,12.8
48237,18.4,6.2,2.1,12.8
48239,18.4,6.2,2.1,12.8
48241,18.4,6.2,2.1,12.8
48243,18.4,6.2,2.1,12.8
48245,18.4,6.2,2.1,12.8
48247,18.4,6.2,2.1,12.8
48249,18.4,6.2,2.1,12.8
48251,18.4,6.2,2.1,12.8
48253,18.4,6.2,2.1,12.8
48255,18.4,6.2,2.1,12.8
48257,18.4,6.2,2.1,12.8
48259,18.4,6.2,2.1,12.8
48261,18.4,6.2,2.1,12.8
48263,18.4,6.2,2.1,12.8
48265,18.4,6.2,2.1,12.8
48267,18.4,6.2,2.1,12.8
48269,18.4,6.2,2.1,12.8
48271,18.4,6.2,2.1,12.8
48273,18.4,6.2,2.1,12.8
48275,18.4,6.2,2.1,12.8
48277,18.4,6.2,2.1,12.8
48279,18.4,6.2,2.1,12.8
48281,18.4,6.2,2.1,12.8
48283,18.4,6.2,2.1,12.8
48285,18.4,6.2,2.1,12.8
48287,18.4,6.2,2.1,12.8
48289,18.4,6.2,2.1,12.8
48291,18.4,6.2,2.1,12.8
48293,18.4,6.2,2.1,12.8
48295,18.4,6.2,2.1,12.8
48297,18.4,6.2,2.1,12.8
48299,18.4,6.2,2.1,12.8
48301,18.4,6.2,2.1,12.8
48303,18.4,6.2,2.1,12.8
48305,18.4,6.2,2.1,12.8
48307,18.4,6.2,2.1,12.8
48309,18.4,6.2,2.1,12.8
48311,18.4,6.2,2.1,12.8
48313,18.4,6.2,2.1,12.8
48315,18.4,6.2,2.1,12.8
48317,18.4,6.2,2.1,12.8
48319,18.4,6.2,2.1,12.8
48321,18.4,6.2,2.1,12.8
48323,18.4,6.2,2.1,12.8
48325,18.4,6.2,2.1,12.8
48327,18.4,6.2,2.1,12.8
48329,18.4,6.2,2.1,12.8
48331,18.4,6.2,2.1,12.8
48333,18.4,6.2,2.1,12.8
48335,18.4,6.2,2.1,12.8
48337,18.4,6.2,2.1,12.8
48339,18.4,6.2,2.1,12.8
48341,18.4,6.2,2.1,12.8
48343,18.4,6.2,2.1,12.8
48345,18.4,6.2,2.1,12.8
48347,18.4,6.2,2.1,12.8
48349,18.4,6.2,2.1,12.8
48351,18.4,6.2,2.1,12.8
48353,18.4,6.2,2.1,12.8
48355,18.4,6.2,2.1,12.8
48357,18.4,6.2,2.1,12.8
48359,18.4,6.2,2.1,12.8
48361,18.4,6.2,2.1,12.8
48363,18.4,6.2,2.1,12.8
48365,18.4,6.2,2.1,12.8
48367,18.4,6.2,2.1,12.8
48369,18.4,6.2,2.1,12.8
48371,18.4,6.2,2.1,12.8
48373,18.4,6.2,2.1,12.8
48375,18.4,6.2,2.1,12.8
48377,18.4,6.2,2.1,12.8
48379,18.4,6.2,2.1,12.8
48381,18.4,6.2,2.1,12.8
48383,18.4,6.2,2.1,12.8
48385,18.4,6.2,2.1,12.8
48387,18.4,6.2,2.1,12.8
48389,18.4,6.2,2.1,12.8
48391,18.4,6.2,2.1,12.8
48393,18.4,6.2,2.1,12.8
48395,18.4,6.2,2.1,12.8
48397,18.4,6.2,2.1,12.8
48399,18.4,6.2,2.1,12.8
48401,18.4,6.2,2.1,12.8
48403,18.4,6.2,2.1,12.8
48405,18.4,6.2,2.1,12.8
48407,18.4,6.2,2.1,12.8
48409,18.4,6.2,2.1,12.8
48411,18.4,6.2,2.1,12.8
48413,18.4,6.2,2.1,12.8
48415,18.4,6.2,2.1,12.8
48417,18.4,6.2,2.1,12.8
48419,18.4,6.2,2.1,12.8
48421,18.4,6.2,2.1,12.8
48423,18.4,6.2,2.1,12.8
48425,18.4,6.2,2.1,12.8
48427,18.4,6.2,2.1,12.8
48429,18.4,6.2,2.1,12.8
48431,18.4,6.2,2.1,12.8
48433,18.4,6.2,2.1,12.8
48435,18.4,6.2,2.1,12.8
48437,18.4,6.2,2.1,12.8
48439,18.4,6.2,2.1,12.8
48441,18.4,6.2,2.1,12.8
48443,18.4,6.2,2.1,12.8
48445,18.4,6.2,2.1,12.8
48447,18.4,6.2,2.1,12.8
48449,18.4,6.2,2.1,12.8
48451,18.4,6.2,2.1,12.8
48453,18.4,6.2,2.1,12.8
48455,18.4,6.2,2.1,12.8
48457,18.4,6.2,2.1,12.8
48459,18.4,6.2,2.1,12.8
48461,18.4,6.2,2.1,12.8
48463,18.4,6.2,2.1,12.8
48465,18.4,6.2,2.1,12.8
48467,18.4,6.2,2.1,12.8
48469,18.4,6.2,2.1,12.8
48471,18.4,6.2,2.1,12.8
48473,18.4,6.2,2.1,12.8
48475,18.4,6.2,2.1,12.8
48477,18.4,6.2,2.1,12.8
48479,18.4,6.2,2.1,12.8
48481,18.4,6.2,2.1,12.8
48483,18.4,6.2,2.1,12.8
48485,18.4,6.2,2.1,12.8
48487,18.4,6.2,2.1,12.8
48489,18.4,6.2,2.1,12.8
48491,18.4,6.2,2.1,12.8
48493,18.4,6.2,2.1,12.8
48495,18.4,6.2,2.1,12.8
48497,18.4,6.2,2.1,12.8
48499,18.4,6.2,2.1,12.8
48501,18.4,6.2,2.1,12.8
48503,18.4,6.2,2.1,12.8
48505,18.4,6.2,2.1,12.8
48507,18.4,6.2,2.1,12.8
49001,14.8,4.8,0.2,9
49003,14.8,4.8,0.2,9
49005,14.8,4.8,0.2,9
49007,14.8,4.8,0.2,9
49009,14.8,4.8,0.2,9
49011,14.8,4.8,0.2,9
49013,14.8,4.8,0.2,9
49015,14.8,4.8,0.2,9
49017,14.8,4.8,0.2,9
49019,14.8,4.8,0.2,9
49021,14.8,4.8,0.2,9
49023,14.8,4.8,0.2,9
49025,14.8,4.8,0.2,9
49027,14.8,4.8,0.2,9
49029,14.8,4.8,0.2,9
49031,14.8,4.8,0.2,9
49033,14.8,4.8,0.2,9
49035,14.8,4.8,0.2,9
49037,14.8,4.8,0.2,9
49039,14.8,4.8,0.2,9
49041,14.8,4.8,0.2,9
49043,14.8,4.8,0.2,9
49045,14.8,4.8,0.2,9
49047,14.8,4.8,0.2,9
49049,14.8,4.8,0.2,9
49051,14.8,4.8,0.2,9
49053,14.8,4.8,0.2,9
49055,14.8,4.8,0.2,9
49057,14.8,4.8,0.2,9
50001,12.7,5.6,3.2,8
50003,12.7,5.6,3.2,8
50005,12.7,5.6,3.2,8
50007,12.7,5.6,3.2,8
50009,12.7,5.6,3.2,8
50011,12.7,5.6,3.2,8
50013,12.7,5.6,3.2,8
50015,12.7,5.6,3.2,8
50017,12.7,5.6,3.2,8
50019,12.7,5.6,3.2,8
50021,12.7,5.6,3.2,8
50023,12.7,5.6,3.2,8
50025,12.7,5.6,3.2,8
50027,12.7,5.6,3.2,8
51001,9.2,3.2,1.4,6.2
51003,9.2,3.2,1.4,6.2
51005,9.2,3.2,1.4,6.2
51007,9.2,3.2,1.4,6.2
51009,9.2,3.2,1.4,6.2
51011,9.2,3.2,1.4,6.2
51013,9.2,3.2,1.4,6.2
51015,9.2,3.2,1.4,6.2
51017,9.2,3.2,1.4,6.2
51019,9.2,3.2,1.4,6.2
51021,9.2,3.2,1.4,6.2
51023,9.2,3.2,1.4,6.2
51025,9.2,3.2,1.4,6.2
51027,9.2,3.2,1.4,6.2
51029,9.2,3.2,1.4,6.2
51031,9.2,3.2,1.4,6.2
51033,9.2,3.2,1.4,6.2
51035,9.2,3.2,1.4,6.2
51036,9.2,3.2,1.4,6.2
51037,9.2,3.2,1.4,6.2
51041,9.2,3.2,1.4,6.2
51043,9.2,3.2,1.4,6.2
51045,9.2,3.2,1.4,6.2
51047,9.2,3.2,1.4,6.2
51049,9.2,3.2,1.4,6.2
51051,9.2,3.2,1.4,6.2
51053,9.2,3.2,1.4,6.2
51057,9.2,3.2,1.4,6.2
51059,9.2,3.2,1.4,6.2
51061,9.2,3.2,1.4,6.2
51063,9.2,3.2,1.4,6.2
51065,9.2,3.2,1.4,6.2
51067,9.2,3.2,1.4,6.2
51069,9.2,3.2,1.4,6.2
51071,9.2,3.2,1.4,6.2
51073,9.2,3.2,1.4,6.2
51075,9.2,3.2,1.4,6.2
51077,9.2,3.2,1.4,6.2
51079,9.2,3.2,1.4,6.2
51081,9.2,3.2,1.4,6.2
51083,9.2,3.2,1.4,6.2
51085,9.2,3.2,1.4,6.2
51087,9.2,3.2,1.4,6.2
51089,9.2,3.2,1.4,6.2
51091,9.2,3.2,1.4,6.2
51093,9.2,3.2,1.4,6.2
51095,9.2,3.2,1.4,6.2
51097,9.2,3.2,1.4,6.2
51099,9.2,3.2,1.4,6.2
51101,9.2,3.2,1.4,6.2
51103,9.2,3.2,1.4,6.2
51105,9.2,3.2,1.4,6.2
51107,9.2,3.2,1.4,6.2
51109,9.2,3.2,1.4,6.2
51111,9.2,3.2,1.4,6.2
51113,9.2,3.2,1.4,6.2
51115,9.2,3.2,1.4,6.2
51117,9.2,3.2,1.4,6.2
51119,9.2,3.2,1.4,6.2
51121,9.2,3.2,1.4,6.2
51125,9.2,3.2,1.4,6.2
51127,9.2,3.2,1.4,6.2
51131,9.2,3.2,1.4,6.2
51133,9.2,3.2,1.4,6.2
51135,9.2,3.2,1.4,6.2
51137,9.2,3.2,1.4,6.2
51139,9.2,3.2,1.4,6.2
51141,9.2,3.2,1.4,6.2
51143,9.2,3.2,1.4,6.2
51145,9.2,3.2,1.4,6.2
51147,9.2,3.2,1.4,6.2
51149,9.2,3.2,1.4,6.2
51153,9.2,3.2,1.4,6.2
51155,9.2,3.2,1.4,6.2
51157,9.2,3.2,1.4,6.2
51159,9.2,3.2,1.4,6.2
51161,9.2,3.2,1.4,6.2
51163,9.2,3.2,1.4,6.2
51165,9.2,3.2,1.4,6.2
51167,9.2,3.2,1.4,6.2
51169,9.2,3.2,1.4,6.2
51171,9.2,3.2,1.4,6.2
51173,9.2,3.2,1.4,6.2
51175,9.2,3.2,1.4,6.2
51177,9.2,3.2,1.4,6.2
51179,9.2,3.2,1.4,6.2
51181,9.2,3.2,1.4,6.2
51183,9.2,3.2,1.4,6.2
51185,9.2,3.2,1.4,6.2
51187,9.2,3.2,1.4,6.2
51191,9.2,3.2,1.4,6.2
51193,9.2,3.2,1.4,6.2
51195,9.2,3.2,1.4,6.2
51197,9.2,3.2,1.4,6.2
51199,9.2,3.2,1.4,6.2
51510,9.2,3.2,1.4,6.2
51515,9.2,3.2,1.4,6.2
51520,9.2,3.2,1.4,6.2
51530,9.2,3.2,1.4,6.2
51540,9.2,3.2,1.4,6.2
51550,9.2,3.2,1.4,6.2
51560,,,,
51570,9.2,3.2,1.4,6.2
51580,9.2,3.2,1.4,6.2
51590,9.2,3.2,1.4,6.2
51595,9.2,3.2,1.4,6.2
51600,9.2,3.2,1.4,6.2
51610,9.2,3.2,1.4,6.2
51620,9.2,3.2,1.4,6.2
51630,9.2,3.2,1.4,6.2
51640,9.2,3.2,1.4,6.2
51650,9.2,3.2,1.4,6.2
51660,9.2,3.2,1.4,6.2
51670,9.2,3.2,1.4,6.2
51678,9.2,3.2,1.4,6.2
51680,9.2,3.2,1.4,6.2
51683,9.2,3.2,1.4,6.2
51685,9.2,3.2,1.4,6.2
51690,9.2,3.2,1.4,6.2
51700,9.2,3.2,1.4,6.2
51710,9.2,3.2,1.4,6.2
51720,9.2,3.2,1.4,6.2
51730,9.2,3.2,1.4,6.2
51735,9.2,3.2,1.4,6.2
51740,9.2,3.2,1.4,6.2
51750,9.2,3.2,1.4,6.2
51760,9.2,3.2,1.4,6.2
51770,9.2,3.2,1.4,6.2
51775,9.2,3.2,1.4,6.2
51780,,,,
51790,9.2,3.2,1.4,6.2
51800,9.2,3.2,1.4,6.2
51810,9.2,3.2,1.4,6.2
51820,9.2,3.2,1.4,6.2
51830,9.2,3.2,1.4,6.2
51840,9.2,3.2,1.4,6.2
51901,,,,
51903,,,,
51907,,,,
51909,,,,
51911,,,,
51913,,,,
51918,,,,
51919,,,,
51921,,,,
51923,,,,
51929,,,,
51931,,,,
51933,,,,
51939,,,,
51941,,,,
51942,,,,
51944,,,,
51945,,,,
51947,,,,
51949,,,,
51951,,,,
51953,,,,
51955,,,,
51958,,,,
53001,14.6,6.1,1.7,8.7
53003,14.6,6.1,1.7,8.7
53005,14.6,6.1,1.7,8.7
53007,14.6,6.1,1.7,8.7
53009,14.6,6.1,1.7,8.7
53011,14.6,6.1,1.7,8.7
53013,14.6,6.1,1.7,8.7
53015,14.6,6.1,1.7,8.7
53017,14.6,6.1,1.7,8.7
53019,14.6,6.1,1.7,8.7
53021,14.6,6.1,1.7,8.7
53023,14.6,6.1,1.7,8.7
53025,14.6,6.1,1.7,8.7
53027,14.6,6.1,1.7,8.7
53029,14.6,6.1,1.7,8.7
53031,14.6,6.1,1.7,8.7
53033,14.6,6.1,1.7,8.7
53035,14.6,6.1,1.7,8.7
53037,14.6,6.1,1.7,8.7
53039,14.6,6.1,1.7,8.7
53041,14.6,6.1,1.7,8.7
53043,14.6,6.1,1.7,8.7
53045,14.6,6.1,1.7,8.7
53047,14.6,6.1,1.7,8.7
53049,14.6,6.1,1.7,8.7
53051,14.6,6.1,1.7,8.7
53053,14.6,6.1,1.7,8.7
53055,14.6,6.1,1.7,8.7
53057,14.6,6.1,1.7,8.7
53059,14.6,6.1,1.7,8.7
53061,14.6,6.1,1.7,8.7
53063,14.6,6.1,1.7,8.7
53065,14.6,6.1,1.7,8.7
53067,14.6,6.1,1.7,8.7
53069,14.6,6.1,1.7,8.7
53071,14.6,6.1,1.7,8.7
53073,14.6,6.1,1.7,8.7
53075,14.6,6.1,1.7,8.7
53077,14.6,6.1,1.7,8.7
54001,14.2,4.9,2.2,7.4
54003,14.2,4.9,2.2,7.4
54005,14.2,4.9,2.2,7.4
54007,14.2,4.9,2.2,7.4
54009,14.2,4.9,2.2,7.4
54011,14.2,4.9,2.2,7.4
54013,14.2,4.9,2.2,7.4
54015,14.2,4.9,2.2,7.4
54017,14.2,4.9,2.2,7.4
54019,14.2,4.9,2.2,7.4
54021,14.2,4.9,2.2,7.4
54023,14.2,4.9,2.2,7.4
54025,14.2,4.9,2.2,7.4
54027,14.2,4.9,2.2,7.4
54029,14.2,4.9,2.2,7.4
54031,14.2,4.9,2.2,7.4
54033,14.2,4.9,2.2,7.4
54035,14.2,4.9,2.2,7.4
54037,14.2,4.9,2.2,7.4
54039,14.2,4.9,2.2,7.4
54041,14.2,4.9,2.2,7.4
54043,14.2,4.9,2.2,7.4
54045,14.2,4.9,2.2,7.4
54047,14.2,4.9,2.2,7.4
54049,14.2,4.9,2.2,7.4
54051,14.2,4.9,2.2,7.4
54053,14.2,4.9,2.2,7.4
54055,14.2,4.9,2.2,7.4
54057,14.2,4.9,2.2,7.4
54059,14.2,4.9,2.2,7.4
54061,14.2,4.9,2.2,7.4
54063,14.2,4.9,2.2,7.4
54065,14.2,4.9,2.2,7.4
54067,14.2,4.9,2.2,7.4
54069,14.2,4.9,2.2,7.4
54071,14.2,4.9,2.2,7.4
54073,14.2,4.9,2.2,7.4
54075,14.2,4.9,2.2,7.4
54077,14.2,4.9,2.2,7.4
54079,14.2,4.9,2.2,7.4
54081,14.2,4.9,2.2,7.4
54083,14.2,4.9,2.2,7.4
54085,14.2,4.9,2.2,7.4
54087,14.2,4.9,2.2,7.4
54089,14.2,4.9,2.2,7.4
54091,14.2,4.9,2.2,7.4
54093,14.2,4.9,2.2,7.4
54095,14.2,4.9,2.2,7.4
54097,14.2,4.9,2.2,7.4
54099,14.2,4.9,2.2,7.4
54101,14.2,4.9,2.2,7.4
54103,14.2,4.9,2.2,7.4
54105,14.2,4.9,2.2,7.4
54107,14.2,4.9,2.2,7.4
54109,14.2,4.9,2.2,7.4
55001,11.2,4.7,1.4,7.7
55003,11.2,4.7,1.4,7.7
55005,11.2,4.7,1.4,7.7
55007,11.2,4.7,1.4,7.7
55009,11.2,4.7,1.4,7.7
55011,11.2,4.7,1.4,7.7
55013,11.2,4.7,1.4,7.7
55015,11.2,4.7,1.4,7.7
55017,11.2,4.7,1.4,7.7
55019,11.2,4.7,1.4,7.7
55021,11.2,4.7,1.4,7.7
55023,11.2,4.7,1.4,7.7
55025,11.2,4.7,1.4,7.7
55027,11.2,4.7,1.4,7.7
55029,11.2,4.7,1.4,7.7
55031,11.2,4.7,1.4,7.7
55033,11.2,4.7,1.4,7.7
55035,11.2,4.7,1.4,7.7
55037,11.2,4.7,1.4,7.7
55039,11.2,4.7,1.4,7.7
55041,11.2,4.7,1.4,7.7
55043,11.2,4.7,1.4,7.7
55045,11.2,4.7,1.4,7.7
55047,11.2,4.7,1.4,7.7
55049,11.2,4.7,1.4,7.7
55051,11.2,4.7,1.4,7.7
55053,11.2,4.7,1.4,7.7
55055,11.2,4.7,1.4,7.7
55057,11.2,4.7,1.4,7.7
55059,11.2,4.7,1.4,7.7
55061,11.2,4.7,1.4,7.7
55063,11.2,4.7,1.4,7.7
55065,11.2,4.7,1.4,7.7
55067,11.2,4.7,1.4,7.7
55069,11.2,4.7,1.4,7.7
55071,11.2,4.7,1.4,7.7
55073,11.2,4.7,1.4,7.7
55075,11.2,4.7,1.4,7.7
55077,11.2,4.7,1.4,7.7
55078,11.2,4.7,1.4,7.7
55079,11.2,4.7,1.4,7.7
55081,11.2,4.7,1.4,7.7
55083,11.2,4.7,1.4,7.7
55085,11.2,4.7,1.4,7.7
55087,11.2,4.7,1.4,7.7
55089,11.2,4.7,1.4,7.7
55091,11.2,4.7,1.4,7.7
55093,11.2,4.7,1.4,7.7
55095,11.2,4.7,1.4,7.7
55097,11.2,4.7,1.4,7.7
55099,11.2,4.7,1.4,7.7
55101,11.2,4.7,1.4,7.7
55103,11.2,4.7,1.4,7.7
55105,11.2,4.7,1.4,7.7
55107,11.2,4.7,1.4,7.7
55109,11.2,4.7,1.4,7.7
55111,11.2,4.7,1.4,7.7
55113,11.2,4.7,1.4,7.7
55115,11.2,4.7,1.4,7.7
55117,11.2,4.7,1.4,7.7
55119,11.2,4.7,1.4,7.7
55121,11.2,4.7,1.4,7.7
55123,11.2,4.7,1.4,7.7
55125,11.2,4.7,1.4,7.7
55127,11.2,4.7,1.4,7.7
55129,11.2,4.7,1.4,7.7
55131,11.2,4.7,1.4,7.7
55133,11.2,4.7,1.4,7.7
55135,11.2,4.7,1.4,7.7
55137,11.2,4.7,1.4,7.7
55139,11.2,4.7,1.4,7.7
55141,11.2,4.7,1.4,7.7
56001,13.8,5.1,0.8,7.9
56003,13.8,5.1,0.8,7.9
56005,13.8,5.1,0.8,7.9
56007,13.8,5.1,0.8,7.9
56009,13.8,5.1,0.8,7.9
56011,13.8,5.1,0.8,7.9
56013,13.8,5.1,0.8,7.9
56015,13.8,5.1,0.8,7.9
56017,13.8,5.1,0.8,7.9
56019,13.8,5.1,0.8,7.9
56021,13.8,5.1,0.8,7.9
56023,13.8,5.1,0.8,7.9
56025,13.8,5.1,0.8,7.9
56027,13.8,5.1,0.8,7.9
56029,13.8,5.1,0.8,7.9
56031,13.8,5.1,0.8,7.9
56033,13.8,5.1,0.8,7.9
56035,13.8,5.1,0.8,7.9
56037,13.8,5.1,0.8,7.9
56039,13.8,5.1,0.8,7.9
56041,13.8,5.1,0.8,7.9
56043,13.8,5.1,0.8,7.9
56045,13.8,5.1,0.8,7.9
72001,,,,
72003,,,,
72005,,,,
72007,,,,
72009,,,,
72011,,,,
72013,,,,
72015,,,,
72017,,,,
72019,,,,
72021,,,,
72023,,,,
72025,,,,
72027,,,,
72029,,,,
72031,,,,
72033,,,,
72035,,,,
72037,,,,
72039,,,,
72041,,,,
72043,,,,
72045,,,,
72047,,,,
72049,,,,
72051,,,,
72053,,,,
72054,,,,
72055,,,,
72057,,,,
72059,,,,
72061,,,,
72063,,,,
72065,,,,
72067,,,,
72069,,,,
72071,,,,
72073,,,,
72075,,,,
72077,,,,
72079,,,,
72081,,,,
72083,,,,
72085,,,,
72087,,,,
72089,,,,
72091,,,,
72093,,,,
72095,,,,
72097,,,,
72099,,,,
72101,,,,
72103,,,,
72105,,,,
72107,,,,
72109,,,,
72111,,,,
72113,,,,
72115,,,,
72117,,,,
72119,,,,
72121,,,,
72123,,,,
72125,,,,
72127,,,,
72129,,,,
72131,,,,
72133,,,,
72135,,,,
72137,,,,
72139,,,,
72141,,,,
72143,,,,
72145,,,,
72147,,,,
72149,,,,
72151,,,,
72153,,,,
