FIPS,FMRKTPTH13,PCT_FMRKT_SNAP13,PCT_FMRKT_WIC13,PCT_FMRKT_WICCASH13,PCT_FMRKT_SFMNP13
max,1.358695652,100,100,100,100
1001,0.018013474,0,0,0,0
1003,0.020965459,0,0,0,75
1005,0.110290063,0,0,0,0
1007,0.044253662,0,0,0,0
1009,0.017293259,0,100,0,100
1011,0.095474508,0,0,0,0
1013,0.098488206,0,0,0,50
1015,0.02557632,33,0,0,67
1017,0.029356505,0,0,0,0
1019,0.038430498,0,0,0,0
1021,0,,,,
1023,0.073351427,0,0,0,0
1025,0.079488097,50,0,0,100
1027,0.148864905,0,0,0,0
1029,0.067421791,0,0,0,0
1031,0.019511434,0,0,0,100
1033,0.055100467,33,33.33333333,33.33333333,33
1035,0.077035668,0,0,0,100
1037,0,,,,
1039,0.05269398,0,0,0,0
1041,0.071007598,0,0,0,0
1043,0.012431626,0,0,0,100
1045,0.039647926,0,0,0,50
1047,0.023329601,100,100,100,100
1049,0.042205965,0,0,0,0
1051,0.012402485,0,0,0,0
1053,0.078959836,0,0,0,0
1055,0.028737834,0,0,0,67
1057,0.058882412,0,0,0,0
1059,0.062970309,50,0,0,50
1061,0,,,,
1063,0.225326724,0,0,50,50
1065,0.064985703,0,0,0,0
1067,0.115693874,0,0,0,0
1069,0.029012978,0,0,0,100
1071,0.018861163,0,0,0,0
1073,0.024242094,6,6.25,0,38
1075,0.070131145,0,0,0,0
1077,0.010805904,0,0,0,0
1079,0.029552574,100,100,0,100
1081,0.027163395,25,25,25,25
1083,0.011408492,0,0,0,0
1085,0.092106475,0,0,0,0
1087,0.048697346,0,0,0,100
1089,0.017488632,17,16.66666667,0,17
1091,0.09803441,0,0,0,0
1093,0.065947835,0,0,0,50
1095,0.042204778,0,0,0,50
1097,0.014494994,17,16.66666667,0,17
1099,0.088487744,0,0,0,0
1101,0.017380045,0,0,0,25
1103,0.016611986,0,0,0,0
1105,0.196444357,0,50,0,50
1107,0.10306622,0,0,0,100
1109,0.030136821,0,0,0,0
1111,0,,,,
1113,0.017295054,0,0,0,0
1115,0.011731994,0,0,0,0
1117,0.039812681,12,12.5,0,38
1119,0.0744768,0,0,0,0
1121,0.012230621,100,0,100,100
1123,0.072872134,0,0,0,67
1125,0.015106044,67,66.66666667,33.33333333,100
1127,0.01510095,0,0,0,0
1129,0.05844877,0,0,0,0
1131,0.262444231,0,0,0,0
1133,0.041480007,0,0,0,100
2010,,,,,
2013,0,,,,
2016,0,,,,
2020,0.023441948,43,57.14285714,42.85714286,57
2050,0,,,,
2060,0,,,,
2068,0,,,,
2070,0.198649186,0,0,0,0
2090,0.029918621,33,100,0,33
2100,0.39184953,0,0,0,0
2105,,,,,
2110,0,,,,
2122,0.087873462,20,40,0,40
2130,0,,,,
2150,0,,,,
2164,0,,,,
2170,0.074527549,0,14.28571429,14.28571429,14
2180,0,,,,
2185,0,,,,
2188,0,,,,
2195,,,,,
2198,,,,,
2201,,,,,
2220,0.110546098,100,100,100,0
2230,,,,,
2231,,,,,
2232,,,,,
2240,0.139977604,0,0,0,0
2261,0.308737265,0,0,0,0
2270,0,,,,
2275,,,,,
2280,,,,,
2282,0,,,,
2290,0.346620451,50,50,50,50
4001,0.013662135,0,0,0,0
4003,0.022712131,33,100,100,67
4005,0.007352347,100,100,100,100
4007,0.0188168,0,100,100,100
4009,0.026726534,0,100,100,0
4011,0,,,,
4012,0,,,,
4013,0.008371026,36,39.39393939,42.42424242,39
4015,0,,,,
4017,0.028012774,0,33.33333333,33.33333333,33
4019,0.02116095,33,33.33333333,47.61904762,29
4021,0.005163089,0,0,0,0
4023,0.105701541,20,20,20,20
4025,0.042325654,44,55.55555556,55.55555556,56
4027,0.00499945,0,0,0,0
5001,0.105864916,0,0,0,0
5003,0.046459766,0,0,0,0
5005,0.097446891,0,0,0,0
5007,0.025832228,33,50,0,50
5009,0.080370777,0,33.33333333,0,33
5011,0,,,,
5013,0,,,,
5015,0.108656284,33,33.33333333,0,100
5017,0.087466107,0,0,0,0
5019,0.043599581,0,0,0,0
5021,0.063759245,0,0,0,0
5023,0.038747675,0,0,0,0
5025,0,,,,
5027,0.040861357,0,0,0,0
5029,0.046977028,0,0,0,0
5031,0.020053141,50,50,0,0
5033,0.016143092,0,0,0,0
5035,0,,,,
5037,0.05655149,0,100,0,0
5039,0,,,,
5041,0,,,,
5043,0,,,,
5045,0.025272948,0,33.33333333,0,0
5047,0,,,,
5049,0,,,,
5051,0.020639196,0,50,0,0
5053,0.055598799,0,0,0,0
5055,0.023167991,0,0,0,0
5057,0.044696733,0,0,0,0
5059,0,,,,
5061,0.072806698,0,100,0,0
5063,0,,,,
5065,0.074217011,0,0,0,0
5067,0.056818182,0,0,0,0
5069,0.026765521,50,50,50,0
5071,0.077217096,0,0,0,0
5073,0,,,,
5075,0.117564072,0,0,0,0
5077,0.09788567,0,0,0,0
5079,0,,,,
5081,0.077405372,0,0,0,0
5083,0.045489697,0,0,0,0
5085,0,,,,
5087,0.063918185,0,0,0,0
5089,0.060357315,0,0,0,100
5091,0.045835816,0,0,0,0
5093,0.043896229,0,0,0,0
5095,0,,,,
5097,0.107066381,0,0,0,0
5099,0.112044818,0,0,0,0
5101,0,,,,
5103,0.03937628,0,0,0,0
5105,0.096721153,0,0,0,0
5107,0.096227868,0,0,0,0
5109,0,,,,
5111,0,,,,
5113,0.097699184,0,0,0,0
5115,0.031864893,0,50,0,0
5117,0,,,,
5119,0.023139043,0,11.11111111,0,0
5121,0.055772448,0,0,0,0
5123,0.035896331,0,0,0,0
5125,0.008940945,0,0,0,0
5127,0.090826521,0,0,0,0
5129,0.124890721,0,0,0,0
5131,0.023565638,0,0,0,0
5133,0,,,,
5135,0.05863727,0,0,0,0
5137,0.078970228,0,0,0,0
5139,0,,,,
5141,0.058719906,0,0,0,0
5143,0.023650614,60,60,0,60
5145,0.038219969,33,33.33333333,0,33
5147,0,,,,
5149,0,,,,
6001,0.023798497,65,72.97297297,27.02702703,73
6003,0,,,,
6005,0.135007425,0,60,0,60
6007,0.031597145,43,57.14285714,28.57142857,57
6009,0.067051093,0,33.33333333,0,67
6011,0.093409929,50,50,50,50
6013,0.023156789,68,76,12,72
6015,0.03534818,0,0,0,0
6017,0.044306356,88,87.5,37.5,88
6019,0.016879507,19,12.5,12.5,19
6021,0.107173478,67,66.66666667,66.66666667,67
6023,0.118670593,25,25,0,25
6025,0.005651378,100,0,0,0
6027,0.108137334,0,0,0,0
6029,0.023360174,15,20,0,20
6031,0.013213181,0,50,0,50
6033,0.125033212,25,37.5,0,38
6035,0.059421237,50,50,0,50
6037,0.011743699,33,35.8974359,10.25641026,37
6039,0.059125728,0,11.11111111,0,11
6041,0.058577961,53,46.66666667,6.666666667,40
6043,0.111700642,50,50,50,50
6045,0.091503866,62,62.5,25,38
6047,0.026686491,43,28.57142857,0,29
6049,0,,,,
6051,0.13939225,0,0,0,0
6053,0.037491623,31,50,25,31
6055,0.043151498,0,16.66666667,16.66666667,17
6057,0.071216376,29,14.28571429,0,14
6059,0.007443048,22,34.7826087,17.39130435,26
6061,0.058062055,5,14.28571429,14.28571429,14
6063,0.051549049,100,100,0,100
6065,0.010137594,4,39.13043478,26.08695652,35
6067,0.015860745,26,65.2173913,8.695652174,65
6069,0.017579636,100,100,0,100
6071,0.011050717,35,43.47826087,30.43478261,52
6073,0.015737806,14,40,24,26
6075,0.033903928,79,75,10.71428571,75
6077,0.021348909,47,53.33333333,0,47
6079,0.098251845,0,14.81481481,0,15
6081,0.031110047,52,52.17391304,17.39130435,61
6083,0.027826151,8,33.33333333,0,33
6085,0.020680227,42,65.78947368,15.78947368,66
6087,0.026239242,29,42.85714286,0,29
6089,0.067194517,42,41.66666667,8.333333333,42
6091,0,,,,
6093,0.135888028,33,33.33333333,16.66666667,33
6095,0.014260012,67,83.33333333,0,67
6097,0.042697767,48,42.85714286,0,43
6099,0.023000579,17,25,16.66666667,25
6101,0.021047757,50,50,0,50
6103,0.047314134,0,0,0,0
6105,0.073931687,0,0,0,0
6107,0.026550024,33,33.33333333,25,33
6109,0.055547326,0,33.33333333,0,33
6111,0.013158194,45,63.63636364,27.27272727,64
6113,0.029394762,100,100,0,100
6115,0.041137592,0,0,0,0
8001,0.013054887,0,0,0,0
8003,0.061927174,100,0,100,100
8005,0.010074789,0,0,0,0
8007,0.165700083,50,0,0,0
8009,0,,,,
8011,0.346440326,0,0,0,0
8013,0.019651642,50,33.33333333,0,0
8014,0.034306494,50,0,0,0
8015,0.165289256,67,0,0,0
8017,0,,,,
8019,0.221582096,0,0,0,0
8021,0,,,,
8023,0,,,,
8025,0,,,,
8027,0.235349494,100,0,0,0
8029,0.032860147,0,0,0,0
8031,0.022072793,14,0,0,0
8033,0,,,,
8035,0.020119712,0,0,0,0
8037,0.13494236,0,0,0,0
8039,0.042766112,0,0,0,0
8041,0.032559957,19,0,0,0
8043,0.085492006,25,0,0,0
8045,0.087791688,40,40,40,40
8047,0,,,,
8049,0.140894681,0,0,0,0
8051,0.129240711,0,0,0,0
8053,0,,,,
8055,0.151607035,100,0,0,0
8057,0,,,,
8059,0.022003895,25,0,0,0
8061,0,,,,
8063,0,,,,
8065,0,,,,
8067,0.019083605,0,0,0,0
8069,0.032207468,50,0,20,0
8071,0,,,,
8073,0.183385292,0,0,0,0
8075,0,,,,
8077,0.02029111,0,33.33333333,0,0
8079,0,,,,
8081,0.075757576,0,0,0,0
8083,0.157288349,25,50,25,25
8085,0.024554942,100,0,0,0
8087,0.035122225,0,0,0,0
8089,0,,,,
8091,0.441501104,0,0,0,0
8093,0.124773847,50,0,0,0
8095,0,,,,
8097,0.057927359,0,0,0,0
8099,0,,,,
8101,0.02486758,0,0,0,0
8103,0,,,,
8105,0.167462112,0,0,0,0
8107,0.085711837,0,0,0,0
8109,0,,,,
8111,0,,,,
8113,0.395778364,33,66.66666667,33.33333333,0
8115,0,,,,
8117,0,,,,
8119,0.085510283,100,0,0,0
8121,0,,,,
8123,0.037923175,50,0,0,0
8125,0,,,,
9001,0.036409002,9,17.64705882,8.823529412,12
9003,0.037893184,15,17.64705882,8.823529412,15
9005,0.079987202,13,13.33333333,13.33333333,13
9007,0.084540042,7,21.42857143,14.28571429,29
9009,0.032451991,18,25,17.85714286,25
9011,0.062005325,24,41.17647059,17.64705882,35
9013,0.052791691,12,50,0,38
9015,0.068027789,0,12.5,0,12
10001,0.017896985,0,0,0,0
10003,0.016481222,44,11.11111111,0,0
10005,0.078666601,12,0,0,0
11001,0.056932928,67,75,50,64
12001,0.02784219,43,71.42857143,28.57142857,71
12003,0,,,,
12005,0.023268937,50,75,0,75
12007,0.036969943,0,0,0,0
12009,0.010962769,17,0,0,0
12011,0.007712916,29,0,0,0
12013,0,,,,
12015,0.006155778,0,0,0,0
12017,0.00717566,0,0,0,0
12019,0.010290977,50,0,0,0
12021,0.018049075,17,16.66666667,0,0
12023,0.014713239,0,0,0,0
12025,,,,,
12027,0,,,,
12029,0.062011658,0,0,0,0
12031,0.0102319,22,11.11111111,11.11111111,11
12033,0.013213749,25,25,0,0
12035,0.010166838,100,0,0,0
12037,0,,,,
12039,0.021492435,0,0,0,0
12041,0,,,,
12043,0,,,,
12045,0.127242652,50,50,50,50
12047,0,,,,
12049,0,,,,
12051,0,,,,
12053,0.028831405,0,0,0,0
12055,0.010190771,0,0,0,0
12057,0.009391538,25,0,0,0
12059,0,,,,
12061,0.021342136,0,0,0,0
12063,0.040843,100,100,50,50
12065,0.070145903,0,0,0,0
12067,0.113584734,0,0,0,0
12069,0.009894916,0,0,0,0
12071,0.015496836,10,0,0,0
12073,0.021143959,50,50,50,50
12075,0,,,,
12077,0,,,,
12079,0.052890464,100,100,100,100
12081,0.008984861,0,0,0,0
12083,0.011935845,0,0,0,0
12085,0.006719662,0,0,0,0
12086,0.012350277,31,3.125,3.125,3
12087,0,,,,
12089,0.026799234,0,0,0,0
12091,0.021043439,0,0,0,0
12093,0,,,,
12095,0.005822494,0,0,0,0
12097,0.017396387,0,0,0,0
12099,0.007371668,0,0,0,0
12101,0.010629455,20,20,20,20
12103,0.010854004,20,0,0,0
12105,0.006491841,0,0,0,0
12107,0.027298909,0,0,0,0
12109,0.014837676,0,0,0,0
12111,0.010568367,33,0,33.33333333,0
12113,0.006308671,0,0,0,0
12115,0.007769062,33,0,0,0
12117,0.006963174,33,0,0,0
12119,0.03936233,0,0,0,0
12121,0.068719076,0,33.33333333,33.33333333,33
12123,0.04396764,0,0,0,0
12125,0.065737576,0,100,0,100
12127,0.016098199,0,0,0,0
12129,0,,,,
12131,0.034733076,0,0,0,0
12133,0.04017355,0,0,0,0
13001,0,,,,
13003,0,,,,
13005,0,,,,
13007,0,,,,
13009,0.064701188,0,0,0,0
13011,0,,,,
13013,0.028502615,0,0,0,0
13015,0,,,,
13017,0.057019044,0,0,0,0
13019,0.05251825,100,0,0,0
13021,0.012782656,50,0,0,0
13023,0.077441338,0,0,0,0
13025,0,,,,
13027,0,,,,
13029,0,,,,
13031,0.013756294,100,0,0,0
13033,0,,,,
13035,0,,,,
13037,0,,,,
13039,0,,,,
13043,0,,,,
13045,0.017924359,50,0,0,0
13047,0.015373736,0,0,0,0
13049,0,,,,
13051,0.007235,50,0,0,0
13053,0,,,,
13055,0,,,,
13057,0.022592233,0,0,0,0
13059,0.04157451,100,0,0,0
13061,0,,,,
13063,0.003760982,0,0,0,0
13065,0,,,,
13067,0.007067717,0,0,0,20
13069,0,,,,
13071,0,,,,
13073,0.007597225,0,0,0,0
13075,0,,,,
13077,0.007637727,100,100,100,100
13079,0,,,,
13081,0.042362111,0,0,0,0
13083,0.060642814,0,0,0,0
13085,0.044599055,0,0,0,0
13087,0,,,,
13089,0.014142491,50,20,20,20
13091,0,,,,
13093,0,,,,
13095,0.010581899,0,0,100,0
13097,0.029857208,0,0,0,0
13099,0,,,,
13101,0,,,,
13103,0,,,,
13105,0,,,,
13107,0,,,,
13109,0,,,,
13111,0,,,,
13113,0.009300249,100,0,0,0
13115,0.010397496,0,0,0,0
13117,0.010642374,0,0,0,0
13119,0.045674614,0,100,0,0
13121,0.015340984,40,20,0,7
13123,0.035473572,0,0,0,0
13125,0,,,,
13127,0,,,,
13129,0,,,,
13131,0.039308176,0,0,0,0
13133,0,,,,
13135,0.007125501,17,0,0,0
13137,0.045955882,0,0,0,0
13139,0.016179833,0,0,0,0
13141,0,,,,
13143,0.035211268,0,0,0,0
13145,0.061443932,0,0,0,0
13147,0.078376048,0,100,100,0
13149,0,,,,
13151,0,,,,
13153,0.020528822,33,0,0,0
13155,0,,,,
13157,0.016509551,0,0,0,0
13159,0,,,,
13161,0,,,,
13163,0,,,,
13165,0,,,,
13167,0,,,,
13169,0,,,,
13171,0.055380185,0,0,0,0
13173,0,,,,
13175,0.020815553,0,0,0,0
13177,0,,,,
13179,0,,,,
13181,0,,,,
13183,0,,,,
13185,0.02618898,67,33.33333333,33.33333333,33
13187,0.06533599,0,0,0,0
13189,0,,,,
13191,0,,,,
13193,0.070111477,0,0,0,0
13195,0,,,,
13197,0,,,,
13199,0,,,,
13201,0,,,,
13205,0,,,,
13207,0.037541765,0,0,0,0
13209,0,,,,
13211,0,,,,
13213,0,,,,
13215,0.010079985,0,0,0,0
13217,0,,,,
13219,0.059490169,0,0,0,0
13221,0.068408811,100,0,0,0
13223,0.006906077,0,0,0,0
13225,0.036203027,0,0,0,0
13227,0.034167008,0,0,0,0
13229,0,,,,
13231,0.056148231,0,0,0,0
13233,0.024278916,0,0,0,0
13235,0.170648464,50,100,50,0
13237,0.047174262,0,0,0,0
13239,0,,,,
13241,0.122721973,0,0,0,0
13243,0,,,,
13245,0.009872302,0,50,50,0
13247,0,,,,
13249,0,,,,
13251,0,,,,
13253,0,,,,
13255,0,,,,
13257,0,,,,
13259,0,,,,
13261,0.031691703,0,0,0,0
13263,0,,,,
13265,0,,,,
13267,0,,,,
13269,0,,,,
13271,0,,,,
13273,0,,,,
13275,0.02235936,0,0,0,0
13277,0.073056692,33,33.33333333,33.33333333,0
13279,0,,,,
13281,0.095283468,0,0,0,0
13283,0,,,,
13285,0,,,,
13287,0,,,,
13289,0,,,,
13291,0.046617873,0,0,0,0
13293,0.075103267,0,0,0,0
13295,0.014685582,100,0,0,0
13297,0.02364765,50,0,0,0
13299,0,,,,
13301,0,,,,
13303,0,,,,
13305,0,,,,
13307,0,,,,
13309,0,,,,
13311,0.036289737,0,0,0,0
13313,0,,,,
13315,0,,,,
13317,0.099245732,0,0,0,0
13319,0,,,,
13321,0.045996044,100,0,0,0
15001,0.158569911,17,0,0,0
15003,0.044040591,56,0,0,56
15005,0,,,,
15007,0.204576672,14,7.142857143,7.142857143,7
15009,0.063200738,0,0,0,0
15901,,,,,
16001,0.024446232,40,0,0,0
16003,0,,,,
16005,0.035799523,0,0,0,0
16007,0,,,,
16009,0.109685203,0,0,0,0
16011,0,,,,
16013,0.189161071,0,0,0,0
16015,0.146305779,0,0,0,0
16017,0.123529993,40,0,0,0
16019,0.009373477,0,0,0,0
16021,0.092524056,0,0,0,0
16023,0,,,,
16025,0,,,,
16027,0.020630467,50,0,0,0
16029,0.147340504,0,0,0,0
16031,0,,,,
16033,0,,,,
16035,0.116414435,0,0,0,0
16037,0.461787116,0,0,0,0
16039,0.038134462,0,0,0,0
16041,0,,,,
16043,0.154356718,0,0,0,0
16045,0.059977209,0,0,0,0
16047,0.065397947,0,0,0,0
16049,0.061319598,0,0,0,0
16051,0,,,,
16053,0,,,,
16055,0.035122966,0,0,0,0
16057,0.157133878,17,0,0,0
16059,0.128899201,100,0,0,0
16061,0.25713551,0,0,0,0
16063,0.189501611,100,0,0,0
16065,0.026697992,100,0,0,0
16067,0.049907671,0,0,0,0
16069,0.025296603,0,0,0,0
16071,0,,,,
16073,0.087420229,0,0,0,0
16075,0,,,,
16077,0,,,,
16079,0,,,,
16081,0.19896538,0,0,0,0
16083,0.063617278,20,20,20,20
16085,0.209533787,0,0,0,0
16087,0.099019705,0,0,0,0
17001,0.04464485,33,66.66666667,0,67
17003,0,,,,
17005,0,,,,
17007,0.055617353,33,100,66.66666667,67
17009,0.144634076,0,0,0,0
17011,0.029134982,0,100,0,0
17013,0,,,,
17015,0.133235627,0,0,0,0
17017,0,,,,
17019,0.0245971,40,60,0,60
17021,0.057740054,0,0,0,0
17023,0,,,,
17025,0.072642743,0,0,0,0
17027,0.026273613,0,100,0,100
17029,0.037275184,0,0,0,0
17031,0.025041333,41,8.396946565,3.816793893,13
17033,0.051020408,0,0,0,0
17035,0,,,,
17037,0.0286522,33,0,0,0
17039,0.060849458,0,0,0,0
17041,0.050370221,0,0,0,0
17043,0.01616402,7,0,0,0
17045,0.054972239,0,0,0,0
17047,0.149611011,0,0,0,0
17049,0,,,,
17051,0,,,,
17053,0.142775557,0,0,0,0
17055,0.126881011,0,0,0,0
17057,0.05456877,0,0,0,0
17059,0,,,,
17061,0.073659399,0,0,0,0
17063,0.019888228,0,0,0,0
17065,0,,,,
17067,0.05293526,0,0,0,0
17069,0,,,,
17071,0,,,,
17073,0,,,,
17075,0.034199726,0,0,0,0
17077,0.083234839,40,60,20,40
17079,0,,,,
17081,0,,,,
17083,0.043971506,0,100,0,100
17085,0.310435053,0,0,0,0
17087,0,,,,
17089,0.022967079,33,0,0,0
17091,0.035385704,0,25,25,75
17093,0,,,,
17095,0.03827971,0,0,0,0
17097,0.021363869,0,13.33333333,6.666666667,7
17099,0.07081338,0,0,0,0
17101,0.060226451,0,0,0,0
17103,0.028541256,0,0,0,0
17105,0.051750459,0,0,0,0
17107,0.06663779,0,50,50,100
17109,0.030734241,0,0,0,0
17111,0.029207029,33,44.44444444,11.11111111,33
17113,0.023217882,50,0,25,50
17115,0.018161675,0,50,0,0
17117,0,,,,
17119,0.011198919,67,66.66666667,33.33333333,67
17121,0.025710907,0,0,0,0
17123,0,,,,
17125,0,,,,
17127,0,,,,
17129,0.157207986,0,0,0,0
17131,0,,,,
17133,0.05995743,0,0,0,0
17135,0.101282917,0,0,0,0
17137,0.0567022,0,0,50,50
17139,0,,,,
17141,0.075688768,0,0,0,0
17143,0.01602102,67,66.66666667,33.33333333,67
17145,0.090670052,0,0,0,0
17147,0.060591372,0,0,100,0
17149,0,,,,
17151,0.234082397,0,0,0,0
17153,0,,,,
17155,0,,,,
17157,0.030343488,0,0,0,0
17159,0.12363996,0,0,0,0
17161,0.013563276,0,0,50,50
17163,0.011158307,0,33.33333333,0,33
17165,0,,,,
17167,0.010036583,50,100,50,100
17169,0.134102186,0,0,0,0
17171,0,,,,
17173,0,,,,
17175,0,,,,
17177,0.042590345,0,0,0,0
17179,0.029422798,0,0,0,0
17181,0.113333711,0,0,0,0
17183,0.012387429,100,0,0,0
17185,0,,,,
17187,0.056398398,0,0,0,0
17189,0.068502535,0,0,0,0
17191,0.060335465,0,0,0,0
17193,0,,,,
17195,0.06914912,0,0,0,0
17197,0.014651628,10,0,0,0
17199,0.044995051,0,33.33333333,33.33333333,33
17201,0.027390788,0,0,0,0
17203,0.051320212,0,0,0,0
18001,0.029099374,0,0,0,0
18003,0.036069831,15,23.07692308,7.692307692,23
18005,0.037912775,0,66.66666667,33.33333333,100
18007,0,,,,
18009,0,,,,
18011,0.016965255,0,0,0,0
18013,0,,,,
18015,0,,,,
18017,0.025919494,0,0,100,100
18019,0.017864959,0,50,0,50
18021,0,,,,
18023,0.030282842,0,100,0,100
18025,0.187529301,100,100,50,100
18027,0,,,,
18029,0.040135659,0,0,0,0
18031,0.076799017,50,50,50,50
18033,0.023628931,0,0,0,0
18035,0.0085205,0,100,0,0
18037,0.023769342,0,0,0,0
18039,0.025047716,20,60,0,60
18041,0.04161638,0,0,0,0
18043,0.039849634,0,66.66666667,66.66666667,67
18045,0,,,,
18047,0.043536941,100,100,100,0
18049,0.048222983,0,0,100,100
18051,0.029888218,0,0,0,0
18053,0.057695081,0,50,0,50
18055,0.030358227,0,0,0,0
18057,0.024180038,0,14.28571429,0,14
18059,0.042293432,0,66.66666667,0,67
18061,0.025553227,0,100,0,100
18063,0.026589734,0,75,50,0
18065,0.040530956,0,0,0,0
18067,0.012070152,0,100,0,0
18069,0.027036526,0,100,0,100
18071,0.046422023,0,50,0,50
18073,0.05978001,0,0,0,0
18075,0.093606665,0,0,0,0
18077,0.061436383,0,50,0,50
18079,0.035510103,0,0,0,0
18081,0,,,,
18083,0.052463145,0,50,0,50
18085,0.038655311,0,0,0,0
18087,0.079955225,0,0,0,0
18089,0.012155148,17,16.66666667,0,0
18091,0.044945436,20,60,40,60
18093,0.043404662,0,100,100,100
18095,0.030687084,0,0,0,0
18097,0.014146165,23,38.46153846,38.46153846,38
18099,0.042531473,0,0,50,50
18101,0,,,,
18103,0,,,,
18105,0.028364972,50,50,0,50
18107,0.026141057,0,0,0,0
18109,0.028836726,0,100,0,100
18111,0,,,,
18113,0.063049052,0,0,0,0
18115,0.16450074,0,0,0,0
18117,0.152361605,100,100,100,100
18119,0.09354537,0,50,50,50
18121,0.11717148,0,0,0,0
18123,0.102764361,0,0,0,0
18125,0.078333072,0,0,0,0
18127,0.018106976,0,33.33333333,0,0
18129,0.078128052,0,100,0,50
18131,0,,,,
18133,0.079470199,0,33.33333333,0,33
18135,0,,,,
18137,0.069971661,50,50,50,50
18139,0.058496636,0,0,0,0
18141,0.015018172,50,50,0,25
18143,0.042032701,0,100,0,100
18145,0.022486564,100,100,0,100
18147,0,,,,
18149,0.043079309,0,100,0,0
18151,0.058609776,100,100,0,0
18153,0,,,,
18155,0,,,,
18157,0.016900171,67,100,100,33
18159,0.063714559,0,0,0,0
18161,0,,,,
18163,0.011058399,50,0,50,50
18165,0,,,,
18167,0.01844542,0,0,100,100
18169,0.061802787,0,50,0,50
18171,0,,,,
18173,0.01653904,0,0,0,0
18175,0.035815336,0,0,100,0
18177,0.029262868,0,0,0,0
18179,0.036163749,0,0,0,0
18181,0,,,,
18183,0,,,,
19001,0.267343938,0,0,0,0
19003,0.255689082,0,0,0,0
19005,0.140479034,0,50,0,50
19007,0.078740157,0,0,0,0
19009,0.169204738,0,0,0,0
19011,0.193595849,0,40,20,40
19013,0.053102716,14,42.85714286,42.85714286,43
19015,0.038175224,100,100,100,100
19017,0.122554026,0,0,0,0
19019,0.095501862,0,50,0,50
19021,0.048562549,0,0,0,0
19023,0,,,,
19025,0.201836714,0,0,0,0
19027,0.096941496,0,0,0,0
19029,0.218611091,33,33.33333333,33.33333333,33
19031,0.162901825,0,0,0,0
19033,0.091349228,25,0,25,25
19035,0,,,,
19037,0.081459759,0,0,0,0
19039,0.106723586,0,0,0,0
19041,0.120489186,0,0,0,0
19043,0.336417157,0,0,0,0
19045,0.061580147,0,0,0,0
19047,0.115546825,0,50,50,50
19049,0.05558103,0,0,0,0
19051,0.230176085,100,100,100,100
19053,0.12116806,0,0,0,0
19055,0.113804484,0,0,0,0
19057,0.074367873,0,0,0,0
19059,0.058920575,100,100,100,100
19061,0.052577894,40,40,40,40
19063,0.098814229,0,0,0,0
19065,0.144279325,0,0,0,0
19067,0.186846039,33,33.33333333,0,33
19069,0.094750805,100,100,100,100
19071,0.139918847,0,0,0,0
19073,0.109253797,100,100,100,100
19075,0.08033419,0,0,0,0
19077,0.185580403,0,0,0,0
19079,0.065172054,0,0,100,100
19081,0.269444943,0,0,0,0
19083,0.231187146,0,0,0,0
19085,0.068737971,0,100,100,100
19087,0.098833762,100,100,100,100
19089,0.522848479,0,0,0,0
19091,0.102785487,0,100,100,100
19093,0.14068655,0,0,0,0
19095,0.123540676,0,0,0,0
19097,0.152191558,0,33.33333333,33.33333333,33
19099,0.081962734,0,33.33333333,33.33333333,33
19101,0.059287366,100,100,0,0
19103,0.022007527,0,66.66666667,33.33333333,67
19105,0.09690392,0,0,0,0
19107,0,,,,
19109,0.195490682,0,0,0,0
19111,0.112305921,25,50,25,25
19113,0.046447897,10,50,20,50
19115,0.088668204,100,100,100,100
19117,0.114155251,0,100,0,0
19119,0.170111423,0,0,0,0
19121,0.063881436,100,100,100,100
19123,0.089114646,0,0,0,0
19125,0.029923098,0,0,0,0
19127,0.09790244,0,25,50,25
19129,0.06739907,0,0,0,0
19131,0.27972028,0,33.33333333,0,33
19133,0,,,,
19135,0.124023316,0,0,0,0
19137,0.094643195,0,100,100,0
19139,0.069964318,0,33.33333333,0,33
19141,0.211685013,0,0,0,0
19143,0.16147263,0,0,0,0
19145,0.127283141,0,0,0,0
19147,0.107816712,0,0,0,0
19149,0.120448067,0,0,0,0
19151,0.41958042,0,0,0,0
19153,0.029298416,31,46.15384615,15.38461538,38
19155,0.03228827,0,33.33333333,0,33
19157,0.053373185,0,0,0,0
19159,0,,,,
19161,0,,,,
19163,0.029621029,60,60,60,60
19165,0.082856906,100,100,100,100
19167,0.058363488,0,100,100,100
19169,0.043888523,0,25,0,25
19171,0.171076642,33,33.33333333,33.33333333,33
19173,0,,,,
19175,0.07940289,0,0,0,0
19177,0.402738623,33,0,0,0
19179,0.05655149,0,0,0,0
19181,0.085304216,0,0,0,0
19183,0.091265857,0,50,50,50
19185,0,,,,
19187,0.053658144,0,0,0,0
19189,0.188679245,0,0,0,0
19191,0.094962253,0,0,0,0
19193,0.029318921,0,33.33333333,33.33333333,33
19195,0.265992818,0,0,0,0
19197,0.230929105,0,33.33333333,0,33
20001,0.075080712,100,0,0,100
20003,0.126310471,0,0,0,0
20005,0.059477785,0,0,0,100
20007,0.205718988,0,0,0,0
20009,0.03628842,0,0,0,0
20011,0.06712761,0,0,0,100
20013,0,,,,
20015,0.03038267,50,50,50,50
20017,0,,,,
20019,0,,,,
20021,0,,,,
20023,0.373412995,0,0,0,0
20025,0,,,,
20027,0,,,,
20029,0.212833883,0,0,0,0
20031,0.352858151,0,0,0,0
20033,0,,,,
20035,0.055114638,0,0,0,50
20037,0.025405859,100,0,0,100
20039,0.348310693,0,0,0,0
20041,0.050602166,0,0,0,0
20043,0,,,,
20045,0.026580663,67,66.66666667,66.66666667,67
20047,0,,,,
20049,0,,,,
20051,0.068839707,0,0,0,0
20053,0.153988297,0,0,0,0
20055,0.02688172,0,0,0,0
20057,0.028775322,0,0,0,0
20059,0.038601096,0,0,0,0
20061,0.05261358,0,0,0,0
20063,0,,,,
20065,0,,,,
20067,0,,,,
20069,0,,,,
20071,0,,,,
20073,0,,,,
20075,0,,,,
20077,0.338352225,0,0,0,0
20079,0.057385516,0,0,0,0
20081,0,,,,
20083,0,,,,
20085,0.074354971,0,0,0,0
20087,0.052784376,0,0,0,100
20089,0,,,,
20091,0.012501942,14,0,0,43
20093,0,,,,
20095,0,,,,
20097,0,,,,
20099,0.04698365,0,0,0,0
20101,0,,,,
20103,0.012863556,100,0,0,100
20105,0,,,,
20107,0,,,,
20109,0,,,,
20111,0.029631386,100,0,0,100
20113,0.034064586,0,0,0,0
20115,0.161982668,0,0,0,100
20117,0.199560966,0,0,0,0
20119,0,,,,
20121,0.030663559,0,0,0,100
20123,0,,,,
20125,0.087059984,0,0,0,0
20127,0,,,,
20129,0,,,,
20131,0.197394394,0,0,0,0
20133,0.06095331,0,0,0,100
20135,0,,,,
20137,0.178189594,0,0,0,0
20139,0.123900384,0,0,0,0
20141,0.262743037,0,0,0,0
20143,0,,,,
20145,0,,,,
20147,0,,,,
20149,0.044839028,0,0,0,0
20151,0,,,,
20153,0,,,,
20155,0.015518793,100,0,0,100
20157,0.205846027,0,0,0,0
20159,0.100150225,0,0,0,0
20161,0.02648726,0,0,0,0
20163,0,,,,
20165,0.310559006,0,0,0,0
20167,0.143967751,0,0,0,0
20169,0.01786097,0,0,0,0
20171,0,,,,
20173,0.013891948,29,0,0,57
20175,0.042468255,0,0,0,0
20177,0.027934365,0,0,0,40
20179,0,,,,
20181,0.163585801,0,0,0,0
20183,0.26560425,0,0,0,0
20185,0.229463056,0,0,0,0
20187,0,,,,
20189,0,,,,
20191,0.042240433,0,0,0,0
20193,0,,,,
20195,0,,,,
20197,0,,,,
20199,0,,,,
20201,0.347342827,0,0,0,0
20203,0.443262411,0,0,0,0
20205,0,,,,
20207,0,,,,
20209,0.025136839,75,0,0,100
21001,0.053547523,0,0,0,0
21003,0,,,,
21005,0.046023564,0,0,100,100
21007,0.1200048,0,0,0,0
21009,0.093828435,50,100,50,100
21011,0.084731401,100,100,0,100
21013,0,,,,
21015,0.008109248,0,0,0,0
21017,0.050055061,0,100,0,100
21019,0.020340086,0,0,0,0
21021,0.03489427,100,0,100,100
21023,0.117730162,0,0,0,0
21025,0.073340667,0,0,0,0
21027,0.049823128,0,0,0,0
21029,0,,,,
21031,0,,,,
21033,0,,,,
21035,0.026556898,0,0,0,0
21037,0.05500066,0,40,0,40
21039,0.198649186,0,0,0,0
21041,0.091743119,0,0,0,0
21043,0.036565745,0,0,0,0
21045,0,,,,
21047,0.026515704,100,100,50,100
21049,0,,,,
21051,0,,,,
21053,0.097228974,0,0,0,0
21055,0.107758621,100,0,0,0
21057,0,,,,
21059,0.010220037,100,100,0,100
21061,0.082843178,0,0,0,0
21063,0.128534704,0,0,0,0
21065,0.068998827,0,0,0,0
21067,0.016367201,80,100,20,100
21069,0.068681319,0,0,0,0
21071,0.0256746,0,0,0,0
21073,0.020078709,100,100,0,100
21075,0,,,,
21077,0.117938436,0,0,0,0
21079,0.118252232,0,0,0,50
21081,0.163365326,0,100,0,100
21083,0.053270829,0,100,0,0
21085,0.038514867,0,0,0,0
21087,0,,,,
21089,0.02724276,0,0,0,0
21091,0,,,,
21093,0.037374445,25,0,0,0
21095,0,,,,
21097,0.053694158,0,100,100,100
21099,0.054448437,0,0,100,100
21101,0.021499366,0,0,0,0
21103,0.065282674,0,100,0,100
21105,0,,,,
21107,0,,,,
21109,0.075013127,0,0,0,0
21111,0.019977944,20,0,0,27
21113,0.020147074,0,0,0,0
21115,0.042766112,0,0,0,100
21117,0.012367742,50,50,0,0
21119,0,,,,
21121,0,,,,
21123,0,,,,
21125,0.016817463,0,0,0,0
21127,0.063099445,0,100,0,100
21129,0,,,,
21131,0,,,,
21133,0,,,,
21135,0.072280448,0,100,0,100
21137,0.040881403,0,100,100,100
21139,0,,,,
21141,0.037529085,0,0,0,0
21143,0,,,,
21145,0,,,,
21147,0,,,,
21149,0,,,,
21151,0.0117944,100,100,0,0
21153,0,,,,
21155,0.099552016,0,100,0,100
21157,0,,,,
21159,0,,,,
21161,0,,,,
21163,0.034203236,0,0,0,0
21165,0,,,,
21167,0.094068953,0,100,0,100
21169,0,,,,
21171,0.092412901,0,0,0,100
21173,0.037171957,0,100,0,100
21175,0,,,,
21177,0.064141625,0,0,0,0
21179,0.022563686,0,100,0,100
21181,0,,,,
21183,0.041536864,0,0,100,0
21185,0.016283463,0,0,0,0
21187,0.092893637,0,100,0,100
21189,0.423549343,0,50,0,50
21191,0.068474391,0,0,0,0
21193,0.035409511,0,0,0,0
21195,0.015581663,0,0,0,0
21197,0.080108948,0,0,0,0
21199,0.031450002,0,0,0,0
21201,0.457038391,0,100,100,0
21203,0.176408326,0,0,0,0
21205,0.042649379,0,0,0,0
21207,0.114305309,0,50,0,50
21209,0.020384451,0,0,0,0
21211,0.045856835,0,0,0,0
21213,0.057019044,0,0,0,0
21215,0.114836932,0,0,0,0
21217,0.040500587,0,0,0,0
21219,0.079045135,0,0,0,0
21221,0.069218523,0,100,0,100
21223,0,,,,
21225,0,,,,
21227,0.025616941,33,66.66666667,0,67
21229,0.084509423,0,0,0,0
21231,0.048021514,0,0,0,0
21233,0,,,,
21235,0,,,,
21237,0.139586823,0,0,100,100
21239,0.039877178,0,0,0,0
22001,0,,,,
22003,0.039155801,100,0,0,100
22005,0,,,,
22007,0,,,,
22009,0.072059954,0,0,0,100
22011,0.082687908,0,0,0,0
22013,0,,,,
22015,0,,,,
22017,0.007779286,100,50,50,100
22019,0.01542472,0,0,0,67
22021,0,,,,
22023,0,,,,
22025,0,,,,
22027,0,,,,
22029,0,,,,
22031,0.037087861,0,0,0,100
22033,0.011247936,60,60,0,60
22035,0.132872708,0,0,0,0
22037,0,,,,
22039,0.029664788,0,0,0,100
22041,0,,,,
22043,0,,,,
22045,0.027027392,0,0,0,50
22047,0,,,,
22049,0,,,,
22051,0.006917607,0,0,0,0
22053,0.095444133,0,0,0,33
22055,0.017616877,0,0,0,25
22057,0.020612394,0,0,0,50
22059,0,,,,
22061,0.021297894,0,0,0,100
22063,0.007579088,0,0,0,0
22065,0,,,,
22067,0,,,,
22069,0.025357541,0,100,0,100
22071,0.016249154,83,83.33333333,16.66666667,83
22073,0.006436539,0,0,0,0
22075,0,,,,
22077,0,,,,
22079,0.007554411,0,0,0,100
22081,0,,,,
22083,0,,,,
22085,0.041109969,0,0,0,0
22087,0.024018254,0,0,0,0
22089,0.037964351,0,0,0,100
22091,0,,,,
22093,0,,,,
22095,0,,,,
22097,0.011952858,0,0,0,0
22099,0.03793195,0,0,0,0
22101,0.018623014,0,0,0,100
22103,0.01670474,0,0,0,25
22105,0.008101036,0,0,0,100
22107,0,,,,
22109,0.017874219,0,0,0,50
22111,0.044605023,0,0,0,0
22113,0.017029103,0,0,0,100
22115,0.037127105,0,0,0,0
22117,0.021427041,0,0,0,0
22119,0,,,,
22121,0,,,,
22123,0,,,,
22125,0.064913989,0,0,0,100
22127,0.066666667,0,0,0,0
23001,0.055757418,33,33.33333333,16.66666667,33
23003,0.042332223,33,33.33333333,33.33333333,33
23005,0.045787385,31,30.76923077,38.46153846,38
23007,0.163238655,0,0,0,0
23009,0.238278529,38,46.15384615,38.46153846,0
23011,0.065652877,25,0,0,0
23013,0.100836947,25,25,0,25
23015,0.029256875,100,0,0,0
23017,0.104382318,33,33.33333333,33.33333333,17
23019,0.032521171,60,40,20,0
23021,0.0578369,100,0,0,0
23023,0.056832713,100,50,50,50
23025,0.077056444,50,75,75,75
23027,0.180319423,29,28.57142857,28.57142857,14
23029,0.154026246,20,40,20,0
23031,0.045224994,56,66.66666667,33.33333333,11
24001,0.027022645,0,50,0,50
24003,0.02724855,7,93.33333333,6.666666667,87
24005,0.019572943,19,68.75,37.5,56
24009,0.044628911,0,100,0,100
24011,0.061128431,0,50,0,50
24013,0.029901266,20,40,0,40
24015,0.009833228,0,100,100,100
24017,0.026561836,0,50,0,0
24019,0.030721022,0,100,100,100
24021,0.054261172,31,69.23076923,30.76923077,38
24023,0.033496349,0,100,100,100
24025,0.012066511,67,33.33333333,100,100
24027,0.016698394,0,100,100,100
24029,0.049527017,0,100,100,100
24031,0.021896888,18,50,36.36363636,41
24033,0.019293232,29,82.35294118,47.05882353,76
24035,0.061734746,0,66.66666667,66.66666667,67
24037,0.027526219,33,100,0,100
24039,0.07618177,0,50,0,50
24041,0.026248097,0,100,100,100
24043,0.026813246,0,25,0,25
24045,0.029807148,0,33.33333333,33.33333333,67
24047,0.058164334,33,33.33333333,0,0
24510,0.027360133,53,58.82352941,52.94117647,59
25001,0.074272478,31,43.75,12.5,44
25003,0.115370416,27,40,6.666666667,47
25005,0.038106852,10,47.61904762,38.0952381,57
25007,0.176046007,0,0,0,0
25009,0.026468401,35,50,30,45
25011,0.167738328,42,58.33333333,41.66666667,50
25013,0.038632993,50,66.66666667,27.77777778,67
25015,0.062580181,30,40,10,40
25017,0.03577899,45,49.09090909,25.45454545,51
25019,0.291318703,67,0,0,0
25021,0.024932353,29,41.17647059,23.52941176,53
25023,0.034016396,12,29.41176471,11.76470588,29
25025,0.037612872,57,60.71428571,32.14285714,50
25027,0.06946486,38,51.78571429,10.71428571,52
26001,0.094029149,0,0,0,0
26003,0.104810816,100,100,0,100
26005,0.02677639,0,0,0,0
26007,0.068413491,50,0,0,50
26009,0.128172264,33,0,0,0
26011,0.12922401,0,50,0,50
26013,0.115167569,0,0,0,0
26015,0.033904052,50,50,50,50
26017,0.01870295,50,50,0,50
26019,0.229029488,50,25,25,50
26021,0.044852531,14,14.28571429,0,14
26023,0,,,,
26025,0.044411876,50,66.66666667,0,67
26027,0.019141687,0,0,0,0
26029,0.07685509,50,50,0,50
26031,0.07741436,0,0,0,0
26033,0.051391423,50,50,0,100
26035,0.097551458,33,33.33333333,0,33
26037,0.092104051,29,14.28571429,0,14
26039,0.142765365,0,100,0,100
26041,0.027112027,0,0,0,0
26043,0.038138825,0,0,0,0
26045,0.055551441,17,33.33333333,0,33
26047,0.091143855,0,33.33333333,33.33333333,0
26049,0.01434007,33,33.33333333,0,33
26051,0.039240308,100,100,0,100
26053,0,,,,
26055,0.056109166,20,40,0,40
26057,0.047547726,0,0,0,50
26059,0.021631443,0,0,0,0
26061,0.082146769,0,0,0,0
26063,0.0308043,0,100,0,100
26065,0.053243789,67,46.66666667,6.666666667,47
26067,0.046918253,0,33.33333333,0,33
26069,0.118310526,67,0,0,0
26071,0.086303616,100,100,0,100
26073,0.014160896,0,0,0,0
26075,0.024951812,50,50,0,50
26077,0.039280383,50,40,0,50
26079,0.116965904,0,0,0,0
26081,0.034176239,38,33.33333333,28.57142857,33
26083,0,,,,
26085,0,,,,
26087,0.068048042,50,33.33333333,0,33
26089,0.323969084,29,85.71428571,0,86
26091,0.040409347,0,0,0,0
26093,0.038285258,14,28.57142857,0,29
26095,0.1533272,0,0,0,100
26097,0.089790787,0,100,0,100
26099,0.010620935,67,55.55555556,11.11111111,56
26101,0.040531777,100,100,0,100
26103,0.058904957,25,25,0,25
26105,0.069735007,0,100,0,100
26107,0.046170183,0,0,0,0
26109,0.167961369,50,75,0,75
26111,0.023860084,50,50,0,0
26113,0,,,,
26115,0.026481648,25,25,0,25
26117,0.07924307,40,40,0,40
26119,0.105529759,0,0,0,0
26121,0.035256373,17,16.66666667,0,17
26123,0.062553431,33,66.66666667,0,0
26125,0.018023081,23,27.27272727,4.545454545,27
26127,0.076016724,0,50,0,50
26129,0.093296637,0,50,0,0
26131,0.311866521,0,0,0,0
26133,0.171850833,0,25,0,25
26135,0.116387337,0,100,0,100
26137,0.083263947,100,100,0,100
26139,0.029728836,12,25,0,25
26141,0.152334527,0,0,0,0
26143,0.041483448,0,100,0,100
26145,0.025207584,80,80,40,80
26147,0.012449889,50,0,0,50
26149,0.032896901,0,0,0,0
26151,0.047317119,50,50,50,50
26153,0.119860961,0,100,0,100
26155,0.101109314,0,0,0,0
26157,0.018294245,0,0,0,0
26159,0.066265539,40,40,0,40
26161,0.037042736,69,38.46153846,0,46
26163,0.017295584,58,51.61290323,6.451612903,45
26165,0.061334642,50,50,50,50
27001,0,,,,
27003,0.014862639,0,0,0,0
27005,0.060606061,50,50,50,50
27007,0.044077135,100,100,50,50
27009,0,,,,
27011,0,,,,
27013,0.015363107,100,100,0,100
27015,0,,,,
27017,0.028290144,0,0,0,0
27019,0.010671561,0,0,0,0
27021,0.176323306,20,0,0,0
27023,0.082406263,0,0,0,0
27025,0.093541869,20,0,0,0
27027,0.049871166,0,0,0,0
27029,0.114902907,0,0,0,0
27031,0.192864031,0,0,0,0
27033,0,,,,
27035,0.047708406,0,0,0,0
27037,0.019748795,0,0,0,0
27039,0.049429094,0,0,0,0
27041,0.027461211,100,100,0,100
27043,0,,,,
27045,0.095996928,0,0,0,0
27047,0.032201971,100,100,100,100
27049,0.064744475,33,0,0,0
27051,0,,,,
27053,0.037988276,38,42.22222222,20,33
27055,0.05308701,0,0,0,0
27057,0.098294589,0,0,0,0
27059,0.052290316,0,0,0,0
27061,0.02211362,100,100,100,100
27063,0,,,,
27065,0.062480475,0,0,0,0
27067,0.070789778,33,0,0,0
27069,0,,,,
27071,0,,,,
27073,0,,,,
27075,0,,,,
27077,0.251698968,0,0,0,0
27079,0.036131084,0,0,0,0
27081,0.343760743,0,0,0,0
27083,0,,,,
27085,0.083210829,33,0,0,0
27087,0.180635838,100,100,0,0
27089,0.105831305,0,0,0,0
27091,0,,,,
27093,0,,,,
27095,0.077700078,0,0,0,0
27097,0.06051071,0,0,0,0
27099,0.050797521,100,100,50,100
27101,0.116590883,0,0,0,0
27103,0.030368368,0,0,0,0
27105,0,,,,
27107,0,,,,
27109,0.033998341,100,80,20,80
27111,0,,,,
27113,0.071053006,0,0,0,0
27115,0.034225477,0,0,0,0
27117,0,,,,
27119,0.127323657,25,0,0,0
27121,0.091810503,0,0,0,0
27123,0.024992694,0,15.38461538,15.38461538,8
27125,0,,,,
27127,0,,,,
27129,0,,,,
27131,0.077096247,60,20,0,20
27133,0.104679158,0,0,0,0
27135,0,,,,
27137,0.034944264,43,14.28571429,0,14
27139,0.007399077,100,0,0,0
27141,0.011178805,0,0,0,0
27143,0.132248892,0,0,0,0
27145,0.046172315,0,0,0,0
27147,0.055063047,0,0,0,0
27149,0.10348753,100,0,0,0
27151,0,,,,
27153,0,,,,
27155,0,,,,
27157,0,,,,
27159,0.145274933,50,0,0,0
27161,0,,,,
27163,0.024581299,0,16.66666667,0,0
27165,0.17877894,0,0,0,0
27167,0,,,,
27169,0.019368959,0,0,100,0
27171,0.023559716,0,0,0,0
27173,0.098444576,0,0,0,0
28001,0.031131312,0,0,0,100
28003,0.05381552,0,0,0,0
28005,0,,,,
28007,0.05220024,0,0,0,0
28009,0,,,,
28011,0.05899009,100,100,0,0
28013,0.067371825,0,0,0,0
28015,0.095941667,0,0,0,0
28017,0,,,,
28019,0.119817877,0,0,0,0
28021,0,,,,
28023,0,,,,
28025,0.048954815,100,100,100,100
28027,0.077793769,50,0,0,0
28029,0.103609049,0,0,0,0
28031,0,,,,
28033,0.012031233,50,50,0,50
28035,0.078029495,50,33.33333333,16.66666667,33
28037,0,,,,
28039,0,,,,
28041,0,,,,
28043,0.13836362,33,0,0,0
28045,0.022097006,0,0,0,0
28047,0.036077081,43,0,0,57
28049,0.020109152,20,20,0,20
28051,0,,,,
28053,0,,,,
28055,0,,,,
28057,0.085689803,0,0,0,0
28059,0.021383056,0,0,0,33
28061,0,,,,
28063,0,,,,
28065,0,,,,
28067,0.014568552,0,0,0,100
28069,0,,,,
28071,0.060612183,33,0,0,0
28073,0,,,,
28075,0.012465719,0,0,0,0
28077,0,,,,
28079,0,,,,
28081,0.011758896,0,0,0,0
28083,0,,,,
28085,0.028653295,0,100,0,100
28087,0.01675884,0,0,0,0
28089,0.020311167,0,50,0,50
28091,0.037818622,0,0,0,0
28093,0.027313449,0,0,0,0
28095,0.027456687,0,0,0,0
28097,0,,,,
28099,0.033573947,100,100,0,0
28101,0,,,,
28103,0.08914245,100,0,100,100
28105,0.041500664,50,0,0,50
28107,0.029008209,100,0,0,100
28109,0.018084818,0,0,0,0
28111,0,,,,
28113,0.049875312,50,0,50,50
28115,0,,,,
28117,0.039385585,0,0,0,0
28119,0,,,,
28121,0,,,,
28123,0,,,,
28125,0,,,,
28127,0,,,,
28129,0,,,,
28131,0.05546927,0,0,0,0
28133,0.035172875,100,0,0,0
28135,0,,,,
28137,0.035100035,100,100,0,100
28139,0.045402951,100,100,0,100
28141,0.051043847,0,0,0,0
28143,0,,,,
28145,0.109433136,0,0,0,0
28147,0.066225166,100,0,0,100
28149,0.020796939,0,100,0,0
28151,0.040201005,0,0,0,0
28153,0,,,,
28155,0.099611515,0,0,0,0
28157,0,,,,
28159,0,,,,
28161,0.080638658,0,0,0,0
28163,0.035467281,0,0,0,0
29001,0.039091513,0,0,0,0
29003,0,,,,
29005,0.18125793,0,0,0,0
29007,0.039030483,0,0,0,0
29009,0.056265121,0,0,0,0
29011,0.081056983,0,0,0,0
29013,0,,,,
29015,0.052737053,0,0,0,0
29017,0.080762397,0,0,0,0
29019,0.059334856,40,0,0,0
29021,0.011147526,100,0,0,0
29023,0.09290874,0,0,0,0
29025,0,,,,
29027,0.067712448,0,0,0,0
29029,0.091230471,0,0,0,0
29031,0.064977258,20,0,0,0
29033,0.220118864,0,0,0,0
29035,0,,,,
29037,0.049812704,0,0,0,0
29039,0.144938039,50,0,0,0
29041,0,,,,
29043,0.037582682,0,0,0,0
29045,0.14349261,0,0,0,0
29047,0.03075882,14,0,0,0
29049,0.048761459,0,0,0,0
29051,0.065476736,0,0,0,0
29053,0.114155251,0,0,0,0
29055,0.120811856,0,0,0,0
29057,0,,,,
29059,0.119054706,0,0,0,0
29061,0,,,,
29063,0,,,,
29065,0.063910015,0,0,0,0
29067,0,,,,
29069,0.031420851,0,0,0,0
29071,0.04930383,0,0,0,0
29073,0.200374032,0,0,0,0
29075,0,,,,
29077,0.028507694,38,0,0,0
29079,0.096730509,0,0,0,0
29081,0.114573786,0,0,0,0
29083,0.135421839,0,0,0,0
29085,0,,,,
29087,0,,,,
29089,0.196676173,0,0,0,0
29091,0.073838884,0,0,0,0
29093,0.096394833,0,0,0,0
29095,0.033954504,48,0,0,4
29097,0.026028562,33,0,0,0
29099,0.018164562,0,0,0,0
29101,0.073533467,25,0,0,0
29103,0,,,,
29105,0.056470057,50,0,0,0
29107,0.241837969,0,0,0,0
29109,0.129981543,0,0,0,0
29111,0,,,,
29113,0.037485474,50,0,0,0
29115,0.160205062,0,0,0,0
29117,0.066502627,0,0,0,0
29119,0.087427872,0,0,0,0
29121,0.064213703,100,0,0,0
29123,0.08033419,0,0,0,0
29125,0,,,,
29127,0.034788659,0,0,0,0
29129,0.26816841,0,0,0,0
29131,0.080589918,0,0,0,0
29133,0.06982265,0,0,0,0
29135,0,,,,
29137,0.229805814,0,0,0,0
29139,0.08336112,0,0,0,0
29141,0.049709201,0,0,0,0
29143,0,,,,
29145,0.016929354,0,0,0,0
29147,0.042700371,0,0,0,0
29149,0.090933891,0,0,0,0
29151,0.072160485,0,0,0,0
29153,0.104155817,0,0,0,0
29155,0.055215063,0,0,0,0
29157,0,,,,
29159,0.023630048,100,0,0,0
29161,0.066685931,0,0,0,0
29163,0.161594398,0,0,0,0
29165,0.043452756,0,0,0,0
29167,0.032240384,100,0,0,0
29169,0.037552339,0,0,0,0
29171,0.202798621,0,0,0,0
29173,0,,,,
29175,0.078957758,0,0,0,0
29177,0.043357614,0,0,0,0
29179,0,,,,
29181,0.142490738,0,0,0,0
29183,0.016274894,0,0,0,0
29185,0,,,,
29186,0.112739572,0,0,0,0
29187,0.030341187,0,0,0,0
29189,0.012994308,23,0,0,0
29195,0.042846737,0,0,0,0
29197,0.228832952,0,0,0,0
29199,0.410088169,50,0,0,0
29201,0.025549963,0,0,0,0
29203,0.120221207,0,0,0,0
29205,0.160410651,0,0,0,0
29207,0.033562678,0,0,0,0
29209,0.063355297,0,0,0,0
29211,0,,,,
29213,0.056650804,0,0,0,0
29215,0.038744673,100,0,0,0
29217,0.048197417,0,0,0,0
29219,0.091594663,0,0,0,0
29221,0.039848575,0,0,0,0
29223,0,,,,
29225,0.02750956,100,0,0,0
29227,0,,,,
29229,0.16103924,0,0,0,0
29510,0.028286587,33,0,0,0
30001,0.106997646,0,0,0,0
30003,0.076563816,0,0,0,0
30005,0,,,,
30007,0,,,,
30009,0.098745927,0,0,0,0
30011,0,,,,
30013,0.024472915,50,50,0,0
30015,0.169376694,0,0,0,0
30017,0.084118439,0,100,0,100
30019,0,,,,
30021,0.216239593,0,50,50,0
30023,0.108377588,0,0,0,0
30025,0,,,,
30027,0.087450809,0,0,0,0
30029,0.043652396,75,25,0,0
30031,0.075582525,43,28.57142857,42.85714286,57
30033,0,,,,
30035,0,,,,
30037,0,,,,
30039,0,,,,
30041,0.061102285,0,0,0,0
30043,0.175423208,0,0,0,0
30045,0,,,,
30047,0.103498241,100,0,0,0
30049,0.015414021,0,0,0,0
30051,0.836120401,0,0,0,0
30053,0.051305731,0,0,0,0
30055,0.587889477,0,0,0,0
30057,0.387947756,0,0,0,0
30059,0,,,,
30061,0,,,,
30063,0.045054381,40,60,40,60
30065,0,,,,
30067,0.128476906,0,50,0,50
30069,0,,,,
30071,0,,,,
30073,0,,,,
30075,0,,,,
30077,0.140924464,0,0,0,0
30079,0,,,,
30081,0.123101165,20,40,60,80
30083,0.092506938,0,0,0,0
30085,0.091516427,0,0,0,0
30087,0,,,,
30089,0.350631136,50,0,0,0
30091,0,,,,
30093,0.058134465,0,0,0,0
30095,0.108754758,0,0,0,0
30097,0.27739251,0,0,0,0
30099,0.165207335,0,0,0,0
30101,0.191570881,0,0,0,0
30103,1.358695652,0,0,0,0
30105,0.266489007,0,50,0,0
30107,0,,,,
30109,0,,,,
30111,0.019752176,0,33.33333333,33.33333333,0
30113,,,,,
31001,0.063574812,0,100,0,100
31003,0.458365164,0,0,0,0
31005,0,,,,
31007,0,,,,
31009,0,,,,
31011,0,,,,
31013,0.08836264,0,0,0,0
31015,0,,,,
31017,0.661594443,0,0,0,0
31019,0.084276173,0,75,0,100
31021,0,,,,
31023,0.120554551,0,0,0,0
31025,0.039788326,0,100,0,100
31027,0.114337983,0,0,0,0
31029,0,,,,
31031,0.174611489,0,0,0,100
31033,0.099324593,0,0,0,0
31035,0.155981906,0,0,0,0
31037,0.093870271,0,0,0,0
31039,0.220458554,0,0,0,0
31041,0.09310987,0,0,0,100
31043,0.047805718,0,100,0,100
31045,0.109265734,0,0,0,0
31047,0.165152766,0,0,0,0
31049,0,,,,
31051,0,,,,
31053,0.054904329,0,0,0,0
31055,0.018822998,50,50,10,60
31057,0,,,,
31059,0.173280194,0,0,0,0
31061,0,,,,
31063,0.364830354,0,0,0,0
31065,0,,,,
31067,0.137576814,33,33.33333333,33.33333333,33
31069,0,,,,
31071,0.498256104,0,0,0,0
31073,0,,,,
31075,0,,,,
31077,0,,,,
31079,0.033142762,0,0,0,50
31081,0.110975474,100,0,0,100
31083,0.586510264,0,0,0,0
31085,0,,,,
31087,0,,,,
31089,0,,,,
31091,0,,,,
31093,0,,,,
31095,0.132961042,0,0,0,0
31097,0,,,,
31099,0.308404009,0,0,0,0
31101,0.121654501,0,0,0,100
31103,0,,,,
31105,0,,,,
31107,0,,,,
31109,0.02044941,50,16.66666667,16.66666667,67
31111,0.055403197,0,0,0,0
31113,0,,,,
31115,0,,,,
31117,0,,,,
31119,0.085638435,0,0,0,67
31121,0,,,,
31123,0.204540806,0,0,0,100
31125,0,,,,
31127,0.27956388,0,50,0,100
31129,0,,,,
31131,0.06350416,0,0,0,0
31133,0,,,,
31135,0,,,,
31137,0.108518719,0,0,0,0
31139,0.139547865,0,0,100,100
31141,0.030598819,0,0,0,0
31143,0.187969925,0,0,0,0
31145,0.091116173,0,0,0,0
31147,0,,,,
31149,0.726744186,0,0,0,0
31151,0.068695473,0,0,0,0
31153,0,,,,
31155,0.144071459,0,0,0,33
31157,0.054106698,0,0,0,50
31159,0.059049306,0,0,0,0
31161,0.376010528,0,0,0,0
31163,0.321750322,0,0,0,0
31165,0,,,,
31167,0,,,,
31169,0.389559797,0,0,0,100
31171,0,,,,
31173,0,,,,
31175,0.236462521,0,0,0,100
31177,0.049377839,0,0,0,0
31179,0.104668202,0,0,0,100
31181,0.268456376,0,0,0,0
31183,0,,,,
31185,0.072748436,0,0,0,100
32001,0.041025641,0,0,0,0
32003,0.005497914,55,0,0,64
32005,0.06383522,0,0,0,0
32007,0.019525148,0,0,0,0
32009,0,,,,
32011,0.499750125,0,0,0,100
32013,0.058657907,0,0,0,0
32015,0,,,,
32017,0.555041628,0,0,0,100
32019,0.116897539,67,0,0,100
32021,0.214915109,0,0,0,0
32023,0.023275842,0,0,0,100
32027,0,,,,
32029,0.254129606,0,0,0,100
32031,0.027912949,0,0,0,67
32033,0.099581757,0,0,0,100
32510,0.03647106,0,0,0,50
33001,0.248644885,20,6.666666667,0,0
33003,0.147160847,29,14.28571429,14.28571429,0
33005,0.065060962,20,20,0,0
33007,0.093469591,0,0,33.33333333,0
33009,0.089705206,25,12.5,25,25
33011,0.042191789,29,11.76470588,0,6
33013,0.088579391,8,7.692307692,0,15
33015,0.04700826,36,7.142857143,0,0
33017,0.072511058,33,11.11111111,11.11111111,0
33019,0.092863444,0,25,25,25
34001,0.01815396,20,20,0,40
34003,0.013059263,25,16.66666667,33.33333333,58
34005,0.017725154,0,12.5,0,0
34007,0.023367261,0,25,0,17
34009,0.041535139,0,25,0,0
34011,0.012675476,0,50,0,0
34013,0.015233375,17,25,16.66666667,17
34015,0.003453206,0,100,100,100
34017,0.009198193,17,50,33.33333333,50
34019,0.031483668,0,25,25,25
34021,0.032581869,8,41.66666667,33.33333333,42
34023,0.00972005,25,37.5,12.5,38
34025,0.014299696,11,33.33333333,55.55555556,33
34027,0.024096434,25,50,33.33333333,25
34029,0.018950161,0,18.18181818,9.090909091,9
34031,0.011931157,67,33.33333333,16.66666667,50
34033,0.015203576,100,0,100,100
34035,0.015257532,0,0,0,0
34037,0.020346984,33,33.33333333,0,33
34039,0.009191582,40,60,20,20
34041,0.027867314,0,33.33333333,0,0
35001,0.014848692,70,90,0,90
35003,0,,,,
35005,0.015201265,0,100,0,100
35006,0,,,,
35007,0.151251607,0,100,0,100
35009,0.020024831,100,100,0,100
35011,0,,,,
35013,0.027979202,33,66.66666667,0,67
35015,0.018375935,0,0,0,0
35017,0.068054988,100,100,50,100
35019,0,,,,
35021,0,,,,
35023,0,,,,
35025,0,,,,
35027,0.196957014,0,0,0,0
35028,0.055069112,0,100,0,100
35029,0.039934507,0,0,0,0
35031,0.027391257,50,100,0,100
35033,0.212539851,100,0,100,100
35035,0.060568435,25,75,25,75
35037,0.114038089,100,100,100,100
35039,0.074408453,33,66.66666667,0,67
35041,0.048973995,0,100,0,100
35043,0.051626988,29,57.14285714,14.28571429,57
35045,0.023341036,100,100,0,100
35047,0.103838566,67,100,0,100
35049,0.034158839,80,100,40,100
35051,0.084068937,100,100,0,100
35053,0.113616997,100,100,0,100
35055,0.152536685,60,60,20,60
35057,0.062418076,0,100,0,100
35059,0.22568269,0,0,0,0
35061,0.026099098,100,100,0,100
36001,0.04910707,7,26.66666667,6.666666667,13
36003,0.082718117,50,100,50,100
36005,0.026269584,54,51.35135135,27.02702703,54
36007,0.035342825,29,28.57142857,0,29
36009,0.075511591,67,83.33333333,50,83
36011,0.062851971,20,60,60,80
36013,0.067396042,33,55.55555556,44.44444444,56
36015,0.056236011,20,20,20,20
36017,0.080107344,0,25,0,0
36019,0.061233987,20,40,40,40
36021,0.112001792,43,57.14285714,57.14285714,57
36023,0.080850548,25,25,25,25
36025,0.169219054,0,62.5,25,0
36027,0.047086997,21,21.42857143,7.142857143,7
36029,0.022848787,14,19.04761905,9.523809524,24
36031,0.179666846,29,57.14285714,28.57142857,57
36033,0.13514818,0,28.57142857,28.57142857,29
36035,0.054619936,0,0,0,0
36037,0.066692232,25,50,25,50
36039,0.102726358,0,20,40,40
36041,0.209292591,0,0,100,0
36043,0.093011719,33,66.66666667,33.33333333,50
36045,0.141358035,18,11.76470588,17.64705882,12
36047,0.016759983,63,67.44186047,62.79069767,72
36049,0.14692918,75,75,50,50
36051,0.108008023,14,14.28571429,0,29
36053,0.124340306,0,11.11111111,0,22
36055,0.026744654,45,45,10,35
36057,0.120141767,17,50,50,50
36059,0.014082075,37,47.36842105,15.78947368,47
36061,0.029646283,56,56.25,54.16666667,58
36063,0.032539373,43,42.85714286,42.85714286,43
36065,0.072787683,35,41.17647059,23.52941176,53
36067,0.023562071,9,27.27272727,0,9
36069,0.073719809,0,62.5,37.5,38
36071,0.050732687,21,47.36842105,36.84210526,53
36073,0.0466897,0,100,0,100
36075,0.057518488,57,42.85714286,85.71428571,71
36077,0.113435641,14,71.42857143,14.28571429,43
36079,0.030118365,0,33.33333333,33.33333333,33
36081,0.009239822,52,52.38095238,42.85714286,62
36083,0.075077424,25,33.33333333,33.33333333,33
36085,0.010621845,40,40,40,40
36087,0.022029412,14,57.14285714,28.57142857,29
36089,0.106921377,75,75,75,75
36091,0.045018075,10,30,10,30
36093,0.025785823,50,75,25,75
36095,0.093460855,67,66.66666667,66.66666667,67
36097,0.162039538,0,0,0,0
36099,0.1132984,25,50,25,50
36101,0.050472931,0,20,0,0
36103,0.014006789,43,47.61904762,33.33333333,38
36105,0.104176162,38,62.5,0,62
36107,0.059431832,33,33.33333333,0,33
36109,0.058505763,50,50,33.33333333,100
36111,0.066009868,33,41.66666667,25,25
36113,0.122066587,62,75,50,62
36115,0.127117297,0,25,12.5,25
36117,0.053785418,40,80,60,60
36119,0.036395021,17,34.28571429,17.14285714,31
36121,0.071612718,0,33.33333333,0,0
36123,0.157828283,50,75,50,75
37001,0.019490644,0,0,0,0
37003,0,,,,
37005,0.091516427,0,0,0,0
37007,0.075898448,0,0,50,0
37009,0.073808909,50,50,0,50
37011,0.056705415,0,0,0,0
37013,0.02104953,0,0,0,0
37015,0,,,,
37017,0,,,,
37019,0.00890813,0,0,0,0
37021,0.057262056,14,0,0,0
37023,0.03314734,67,100,66.66666667,100
37025,0.027100565,0,80,0,0
37027,0.036616624,67,66.66666667,66.66666667,0
37029,0,,,,
37031,0.0295718,0,0,0,0
37033,0,,,,
37035,0.038875462,0,50,0,50
37037,0.04547108,0,0,0,0
37039,0.074096028,0,0,0,0
37041,0.135391281,50,0,0,0
37043,0.094179695,0,0,0,0
37045,0.020518292,100,0,0,0
37047,0.03469933,50,50,0,50
37049,0.009544717,0,0,0,0
37051,0.003085953,0,0,0,0
37053,0,,,,
37055,0.05784861,0,0,0,0
37057,0.018375597,0,0,0,0
37059,0.048270702,0,0,0,0
37061,0,,,,
37063,0.014304054,0,25,0,25
37065,0.017871823,0,100,0,0
37067,0.008376683,0,0,0,0
37069,0.016266775,0,0,0,0
37071,0.0240328,0,20,0,0
37073,0,,,,
37075,0.114942529,0,0,0,0
37077,0.049639288,0,0,0,0
37079,0.046665733,100,0,0,0
37081,0.005989471,67,66.66666667,0,67
37083,0.018516461,0,0,0,0
37085,0.024562984,0,0,0,0
37087,0.067902492,0,25,0,25
37089,0.03694604,0,0,0,0
37091,0,,,,
37093,0.019787874,0,0,0,0
37095,0,,,,
37097,0.036875876,0,0,0,17
37099,0.074169304,67,0,0,0
37101,0.017148933,0,0,0,0
37103,0,,,,
37105,0,,,,
37107,0.016884191,0,0,0,0
37109,0.037824821,100,0,0,0
37111,0.02222321,0,0,0,0
37113,0.029525525,0,0,0,0
37115,0.144634076,0,0,0,0
37117,0.041734485,0,0,0,0
37119,0.013415463,15,0,0,0
37121,0.130140552,0,0,0,0
37123,0.072285673,0,0,0,0
37125,0.033221856,0,0,0,0
37127,0.010448447,0,100,0,100
37129,0.009558676,0,0,0,0
37131,0,,,,
37133,0.010913278,100,100,0,100
37135,0.043496857,0,16.66666667,16.66666667,17
37137,0.076487685,0,0,0,0
37139,0.024636003,0,0,0,0
37141,0.018451887,0,0,0,0
37143,0.073730001,0,0,0,0
37145,0.025466028,0,0,0,0
37147,0.028976436,0,0,0,0
37149,0.19732623,50,0,0,0
37151,0.021057656,0,0,0,0
37153,0.021446801,0,0,0,0
37155,0.022140875,0,0,33.33333333,33
37157,0.032355479,33,0,33.33333333,0
37159,0.014473875,0,50,0,0
37161,0.044561294,0,33.33333333,0,33
37163,0.015637461,0,0,0,0
37165,0.027705436,0,0,0,0
37167,0.016508188,0,100,0,0
37169,0.085501144,0,75,0,75
37171,0.04078248,0,0,33.33333333,0
37173,0.282865427,0,0,0,0
37175,0.030442327,0,0,0,0
37177,0,,,,
37179,0.014387109,0,0,0,0
37181,0.044314455,0,0,0,0
37183,0.013653297,31,23.07692308,0,23
37185,0.048600311,0,0,0,0
37187,0.078517588,0,0,0,0
37189,0.07711438,25,25,0,25
37191,0.008048549,0,0,0,0
37193,0.014428765,0,0,0,0
37195,0.036644802,0,0,0,0
37197,0.052515492,0,0,0,0
37199,0.056721497,0,0,0,0
38001,0,,,,
38003,0.090785293,0,0,0,0
38005,0,,,,
38007,0,,,,
38009,0.151998784,0,0,0,0
38011,0.312304809,0,0,0,0
38013,0.921234454,0,0,0,0
38015,0.046634178,0,0,0,0
38017,0.019211435,0,0,0,0
38019,0.253292806,0,0,0,0
38021,0,,,,
38023,0.448833034,0,0,0,0
38025,0.252079657,0,0,0,0
38027,0,,,,
38029,0,,,,
38031,0,,,,
38033,0.554323725,0,0,0,0
38035,0.014820963,0,0,0,0
38037,0.428632662,0,0,0,0
38039,0.423370025,0,0,0,0
38041,0,,,,
38043,0,,,,
38045,0.486144871,0,0,0,0
38047,0,,,,
38049,0.518224218,0,0,0,0
38051,0.36350418,0,0,0,0
38053,0,,,,
38055,0.107422924,0,0,0,0
38057,0.35352345,0,0,0,0
38059,0.106757767,0,0,0,0
38061,0.228990153,0,0,0,0
38063,0,,,,
38065,0,,,,
38067,0.412597992,0,0,0,0
38069,0.224366166,0,0,0,0
38071,0.173370319,0,0,0,0
38073,0.367376929,0,0,0,0
38075,0.390777648,0,0,0,0
38077,0.061663686,0,0,0,0
38079,0.069531359,0,0,0,0
38081,0,,,,
38083,0.789889415,0,0,0,0
38085,0.230043708,0,0,0,0
38087,0,,,,
38089,0.037353853,0,0,0,0
38091,0,,,,
38093,0.143307538,0,0,0,0
38095,0.431406385,0,0,0,0
38097,0.123885035,0,0,0,0
38099,0,,,,
38101,0.0617303,25,0,0,0
38103,0.234137204,0,0,0,0
38105,0.149829569,0,0,0,0
39001,0,,,,
39003,0.047555188,0,0,0,0
39005,0.018881462,0,0,0,0
39007,0.069728755,14,28.57142857,14.28571429,29
39009,0.015551132,100,100,0,100
39011,0.065457878,0,0,0,0
39013,0.057412697,25,25,25,0
39015,0.022532165,0,0,0,0
39017,0.013492036,40,20,0,0
39019,0.069961871,50,50,0,0
39021,0.075824592,33,33.33333333,33.33333333,0
39023,0,,,,
39025,0.01506894,0,33.33333333,0,0
39027,0.047748651,50,0,0,0
39029,0,,,,
39031,0.054378858,0,50,0,0
39033,0.046675535,0,0,0,0
39035,0.021342001,67,59.25925926,37.03703704,59
39037,0.01904508,100,0,0,0
39039,0.077565478,0,100,0,100
39041,0.027615003,20,40,20,60
39043,0.013089348,0,0,0,0
39045,0.020342569,33,0,0,0
39047,0.034626039,100,100,100,100
39049,0.027602659,18,45.45454545,27.27272727,52
39051,0.023522217,0,0,0,0
39053,0.065129608,0,0,0,0
39055,0.021349274,50,0,0,50
39057,0.079468417,0,0,0,0
39059,0.050229801,50,50,0,0
39061,0.019949179,44,18.75,18.75,0
39063,0.079290613,0,33.33333333,33.33333333,33
39065,0.063237108,0,50,0,50
39067,0.063637521,0,0,0,0
39069,0,,,,
39071,0.093027583,25,0,25,0
39073,0,,,,
39075,0.162696107,0,0,0,0
39077,0.016869096,0,0,0,0
39079,0,,,,
39081,0.029244469,0,50,50,50
39083,0.049419323,0,0,0,0
39085,0.026134453,0,16.66666667,0,0
39087,0.016100726,0,0,0,0
39089,0.035812985,33,16.66666667,0,0
39091,0.021990588,100,0,0,0
39093,0.013267966,50,0,0,50
39095,0.009132462,50,50,50,50
39097,0.069681555,0,0,0,0
39099,0.017010781,50,50,0,50
39101,0.015097074,0,0,0,0
39103,0.028787914,0,0,0,0
39105,0,,,,
39107,0.024464832,0,0,0,0
39109,0.048515428,20,40,20,20
39111,0,,,,
39113,0.016843681,11,11.11111111,33.33333333,11
39115,0.134129166,0,0,0,50
39117,0.057244261,0,0,0,0
39119,0.034904014,0,0,0,0
39121,0,,,,
39123,0.024190232,0,0,0,0
39125,0,,,,
39127,0.111064834,50,0,0,50
39129,0.017730811,0,0,0,0
39131,0,,,,
39133,0.018581489,67,66.66666667,66.66666667,67
39135,0,,,,
39137,0.029241476,0,0,0,0
39139,0.057062271,29,14.28571429,0,0
39141,0.012915058,100,100,100,100
39143,0.016526194,0,100,100,100
39145,0.012742587,0,0,0,0
39147,0.017851405,0,100,100,100
39149,0.020338845,0,0,0,0
39151,0.034678874,8,23.07692308,15.38461538,23
39153,0.020339823,27,0,0,0
39155,0.014464384,0,0,0,0
39157,0.010823448,100,100,100,0
39159,0.018969933,0,0,0,0
39161,0.069579738,0,0,0,0
39163,0,,,,
39165,0.013809548,0,0,0,0
39167,0.048800325,0,0,0,0
39169,0.060950125,0,0,0,0
39171,0,,,,
39173,0.031201248,25,0,0,75
39175,0.044234087,0,0,0,0
40001,0,,,,
40003,0,,,,
40005,0,,,,
40007,0,,,,
40009,0.043325679,0,0,0,0
40011,0,,,,
40013,0.023042006,0,0,0,0
40015,0,,,,
40017,0.016318538,0,0,0,0
40019,0.041593012,50,50,0,50
40021,0.020768432,100,0,0,100
40023,0.065867475,0,0,0,0
40025,0,,,,
40027,0.003764522,0,0,0,0
40029,0,,,,
40031,0.007912018,0,0,0,0
40033,0,,,,
40035,0.067805804,0,0,0,0
40037,0,,,,
40039,0.035043454,0,0,0,0
40041,0,,,,
40043,0,,,,
40045,0,,,,
40047,0.016342807,0,0,0,0
40049,0,,,,
40051,0.03765202,50,0,50,0
40053,0.221434898,0,0,0,0
40055,0.164419599,0,0,0,0
40057,0,,,,
40059,0,,,,
40061,0.077291699,0,0,0,0
40063,0,,,,
40065,0.038114114,0,0,100,0
40067,0,,,,
40069,0,,,,
40071,0.043638585,0,50,0,0
40073,0,,,,
40075,0.107411386,0,0,0,0
40077,0.090752337,0,0,0,0
40079,0.020050929,0,0,100,0
40081,0,,,,
40083,0,,,,
40085,0,,,,
40087,0.056159268,50,50,0,0
40089,0.060235521,0,0,0,0
40091,0.048581422,0,0,0,0
40093,0,,,,
40095,0,,,,
40097,0.024290711,100,0,0,100
40099,0,,,,
40101,0.014165109,0,0,0,0
40103,0.086790488,0,0,0,0
40105,0.094241825,0,0,0,0
40107,0,,,,
40109,0.017525388,15,15.38461538,7.692307692,15
40111,0,,,,
40113,0,,,,
40115,0,,,,
40117,0,,,,
40119,0.051021059,0,0,0,0
40121,0,,,,
40123,0.026344908,0,0,0,0
40125,0.028264556,0,0,50,50
40127,0,,,,
40129,0,,,,
40131,0,,,,
40133,0,,,,
40135,0,,,,
40137,0,,,,
40139,0,,,,
40141,0,,,,
40143,0.016291527,30,0,0,30
40145,0.013328002,0,0,0,0
40147,0.019367459,0,0,0,0
40149,0,,,,
40151,0.113224638,0,0,0,0
40153,0.097333074,0,0,0,0
41001,0.062857502,0,0,0,0
41003,0.023140113,100,50,100,50
41005,0.044287326,29,29.41176471,23.52941176,29
41007,0.134044664,60,60,40,60
41009,0.020289737,0,100,0,100
41011,0.047973902,0,66.66666667,33.33333333,67
41013,0.048241594,0,100,100,100
41015,0.134843581,0,0,33.33333333,33
41017,0.018486908,0,0,0,0
41019,0.055988952,33,50,16.66666667,33
41021,0.51203277,0,100,0,100
41023,0.273336067,0,0,0,0
41025,0.138657793,0,0,0,0
41027,0.177116543,25,25,0,25
41029,0.043602116,44,33.33333333,44.44444444,56
41031,0.045979125,100,100,100,100
41033,0.04823345,50,50,50,50
41035,0.075858721,40,20,40,20
41037,0.257367134,50,50,50,50
41039,0.045128645,31,31.25,18.75,31
41041,0.130008017,83,66.66666667,66.66666667,50
41043,0.033795201,100,100,75,100
41045,0.065295462,0,0,0,0
41047,0.034376611,73,45.45454545,54.54545455,64
41049,0,,,,
41051,0.034244049,85,92.30769231,76.92307692,85
41053,0.026194125,50,50,50,50
41055,0,,,,
41057,0.158184047,50,50,25,50
41059,0.065087217,20,40,40,20
41061,0.038821383,100,100,100,100
41063,0.733030347,80,80,60,100
41065,0.117707066,33,33.33333333,66.66666667,33
41067,0.023736835,54,53.84615385,46.15384615,46
41069,0,,,,
41071,0.039898259,25,25,0,0
42001,0.039415857,50,50,0,50
42003,0.017082365,10,4.761904762,9.523809524,24
42005,0,,,,
42007,0.023495551,0,0,0,0
42009,0.020274106,0,0,0,0
42011,0.014510594,33,16.66666667,0,33
42013,0.039332604,0,0,0,0
42015,0.015925596,0,100,0,100
42017,0.011163331,29,28.57142857,14.28571429,29
42019,0.010812564,0,0,0,0
42021,0.035314725,0,80,20,80
42023,0,,,,
42025,0.030766391,0,50,0,50
42027,0.077334038,8,16.66666667,16.66666667,25
42029,0.019740414,40,20,0,30
42031,0.025223226,0,0,0,0
42033,0.024635396,0,0,0,0
42035,0.050611129,0,50,50,0
42037,0.029901177,0,50,0,50
42039,0.034247357,0,33.33333333,0,33
42041,0.033526951,12,12.5,12.5,12
42043,0.025958133,14,0,0,0
42045,0.008911099,60,60,20,60
42047,0,,,,
42049,0.017816039,0,0,0,0
42051,0.044228218,0,83.33333333,0,17
42053,0.130429112,0,0,0,0
42055,0.019831433,33,33.33333333,0,33
42057,0.06769564,0,0,0,0
42059,0.052514113,0,50,0,0
42061,0.043532203,50,50,0,50
42063,0.011335555,0,0,0,0
42065,0.02233938,0,0,0,0
42067,0,,,,
42069,0.027975028,17,16.66666667,16.66666667,17
42071,0.02467622,15,7.692307692,7.692307692,8
42073,0.04450824,0,0,0,0
42075,0.029574643,50,0,0,0
42077,0.016889752,17,33.33333333,0,33
42079,0.009345008,0,0,0,0
42081,0.042673768,20,20,20,20
42083,0.046374661,0,0,0,0
42085,0.025939216,0,0,0,0
42087,0.085519424,25,0,25,25
42089,0.017772722,0,0,0,0
42091,0.021027633,29,41.17647059,11.76470588,53
42093,0,,,,
42095,0.020048986,0,33.33333333,0,50
42097,0.021180158,0,0,0,0
42099,0,,,,
42101,0.029723308,83,76.08695652,4.347826087,74
42103,0,,,,
42105,0.05689253,0,0,0,0
42107,0.020399421,0,0,0,0
42109,0.025206695,0,0,0,0
42111,0.01299427,0,0,0,100
42113,0.154774803,0,0,0,0
42115,0,,,,
42117,0.046973718,0,0,0,50
42119,0.044491902,0,0,0,0
42121,0.036851415,0,0,0,0
42123,0.024303699,0,0,0,0
42125,0.014373599,0,0,0,0
42127,0.019247426,0,0,0,0
42129,0.030270092,0,9.090909091,0,9
42131,0.035555556,0,0,0,0
42133,0.015987356,14,28.57142857,14.28571429,29
44001,0.10174182,40,60,60,40
44003,0.024265513,75,100,75,100
44005,0.060948852,20,40,20,40
44007,0.041379991,50,53.84615385,50,65
44009,0.134978483,0,11.76470588,17.64705882,29
45001,0.0796781,0,0,0,50
45003,0.006142053,0,0,0,0
45005,0.100120144,0,0,0,0
45007,0.026405429,20,20,20,20
45009,0,,,,
45011,0.090041419,50,50,50,50
45013,0.041654517,29,28.57142857,0,14
45015,0.015807694,0,33.33333333,66.66666667,67
45017,0.067069081,0,0,0,0
45019,0.032862127,17,0,0,17
45021,0.017965578,0,0,0,0
45023,0.030725742,0,100,100,100
45025,0.065071687,0,0,0,33
45027,0.0582123,0,50,50,50
45029,0.052420517,50,50,50,50
45031,0.014675883,0,0,0,0
45033,0,,,,
45035,0.007017741,0,0,0,0
45037,0.075909971,0,0,0,0
45039,0,,,,
45041,0.014498217,100,50,50,100
45043,0.033228663,0,0,100,100
45045,0.017108457,38,25,25,25
45047,0.028671369,0,0,0,0
45049,0.096497153,0,0,0,50
45051,0.021255115,50,66.66666667,66.66666667,50
45053,0.038710177,0,0,0,0
45055,0.016040293,100,100,100,100
45057,0.012643983,0,0,0,0
45059,0.015100494,0,0,0,0
45061,0,,,,
45063,0.025887,14,14.28571429,14.28571429,14
45065,0.100573268,0,0,0,0
45067,0.030809995,0,0,0,0
45069,0.03553029,0,0,0,100
45071,0.026612732,0,0,0,0
45073,0.040199928,0,33.33333333,0,33
45075,0.032795487,0,0,0,0
45077,0.041781566,40,20,20,20
45079,0.0533225,5,4.761904762,4.761904762,5
45081,0.050268939,0,0,0,0
45083,0.013853054,100,100,100,100
45085,0.02776441,0,0,0,0
45087,0.035395724,0,0,0,0
45089,0.0297442,0,0,0,0
45091,0.017047755,0,25,0,50
46003,0,,,,
46005,0.056328508,0,0,0,0
46007,0,,,,
46009,0,,,,
46011,0.030647583,0,0,0,0
46013,0.026787388,0,0,0,0
46015,0.188928774,0,0,0,0
46017,0,,,,
46019,0.097770825,0,0,0,100
46021,0.716332378,0,0,0,0
46023,0.108506944,0,0,0,0
46025,0,,,,
46027,0.2122992,100,0,0,0
46029,0.072448019,0,0,0,0
46031,0,,,,
46033,0.119918455,0,0,0,0
46035,0,,,,
46037,0,,,,
46039,0,,,,
46041,0,,,,
46043,0,,,,
46045,0,,,,
46047,0.143451442,0,0,0,0
46049,0,,,,
46051,0.137760022,0,0,0,0
46053,0,,,,
46055,0,,,,
46057,0.168976005,0,0,0,0
46059,0,,,,
46061,0,,,,
46063,0,,,,
46065,0.114613181,0,0,0,0
46067,0,,,,
46069,0.695894224,0,0,0,0
46071,0,,,,
46073,0.488519785,0,0,0,0
46075,0,,,,
46077,0,,,,
46079,0,,,,
46081,0.163954585,0,0,0,0
46083,0,,,,
46085,0,,,,
46087,0,,,,
46089,0,,,,
46091,0.214086919,0,0,0,0
46093,0.076769538,50,0,0,0
46095,0.475963827,0,0,0,0
46097,0,,,,
46099,0.022852311,50,0,0,0
46101,0,,,,
46103,0.038333637,50,0,0,0
46105,0,,,,
46107,0,,,,
46109,0,,,,
46111,0.430292599,0,0,0,0
46113,0.071128814,100,0,0,0
46115,0,,,,
46117,0,,,,
46119,0,,,,
46121,0,,,,
46123,0,,,,
46125,0.120365912,0,0,0,0
46127,0,,,,
46129,0,,,,
46135,0.044241915,0,0,0,0
46137,0,,,,
47001,0.013259786,0,0,0,0
47003,0,,,,
47005,0,,,,
47007,0,,,,
47009,0.008053021,0,0,0,0
47011,0.009887872,0,0,0,0
47013,0,,,,
47015,0.072406053,0,0,0,0
47017,0,,,,
47019,0,,,,
47021,0,,,,
47023,0,,,,
47025,0.031509957,0,0,0,0
47027,0,,,,
47029,0,,,,
47031,0.037578445,50,50,50,50
47033,0.06838542,0,0,0,0
47035,0.017534938,0,0,0,0
47037,0.013882569,22,0,11.11111111,0
47039,0,,,,
47041,0.052907254,0,0,0,0
47043,0.019848753,0,0,0,0
47045,0.026140374,0,0,0,0
47047,0.025867198,0,0,0,0
47049,0,,,,
47051,0,,,,
47053,0,,,,
47055,0.034397358,0,0,0,0
47057,0,,,,
47059,0.043592613,33,0,0,0
47061,0,,,,
47063,0.015937271,0,0,0,0
47065,0.014469895,20,0,0,0
47067,0,,,,
47069,0,,,,
47071,0.038535645,0,0,0,0
47073,0.017671903,0,0,0,0
47075,0,,,,
47077,0.035684973,0,0,0,0
47079,0.030920503,0,0,0,0
47081,0.041373604,0,0,0,0
47083,0,,,,
47085,0,,,,
47087,0,,,,
47089,0.038320783,0,0,0,0
47091,0.22105554,25,0,0,0
47093,0.013595854,33,0,0,0
47095,0,,,,
47097,0,,,,
47099,0.047521741,0,0,0,0
47101,0.08406187,0,0,0,0
47103,0,,,,
47105,0,,,,
47107,0.019078144,0,0,0,0
47109,0,,,,
47111,0.044448395,0,0,0,0
47113,0.020272462,0,0,0,0
47115,0,,,,
47117,0.032380274,0,0,0,0
47119,0.024393219,0,0,0,0
47121,0,,,,
47123,0,,,,
47125,0.010841989,0,0,0,0
47127,0,,,,
47129,0.045597556,0,0,0,0
47131,0.031908105,0,0,0,0
47133,0.045065345,0,0,0,0
47135,0.127226463,0,0,0,0
47137,0,,,,
47139,0,,,,
47141,0.013655792,0,0,0,0
47143,0.031010637,0,0,0,0
47145,0,,,,
47147,0.01494076,0,0,0,0
47149,0.010930794,33,33.33333333,0,0
47151,0,,,,
47153,0,,,,
47155,0.021618817,0,0,0,0
47157,0.009566693,44,11.11111111,11.11111111,56
47159,0.052350539,0,0,0,0
47161,0,,,,
47163,0.019134361,0,33.33333333,0,0
47165,0.006019636,0,0,0,0
47167,0.016206142,0,0,0,0
47169,0,,,,
47171,0.054839594,0,0,0,0
47173,0,,,,
47175,0,,,,
47177,0.025101032,0,0,0,0
47179,0.031975954,50,0,0,0
47181,0,,,,
47183,0.028741414,0,0,0,0
47185,0.038340618,0,0,0,0
47187,0.015551213,33,0,0,0
47189,0.008406116,0,0,0,0
48001,0,,,,
48003,0,,,,
48005,0,,,,
48007,0.041985053,0,0,0,0
48009,0,,,,
48011,0,,,,
48013,0,,,,
48015,0,,,,
48017,0,,,,
48019,0,,,,
48021,0.0267512,50,0,0,0
48023,0,,,,
48025,0,,,,
48027,0.009286862,0,0,0,0
48029,0.010080058,44,5.555555556,44.44444444,44
48031,0,,,,
48033,0,,,,
48035,0,,,,
48037,0.010735604,100,0,0,0
48039,0.003079112,0,0,0,0
48041,0.00498343,0,0,0,0
48043,0,,,,
48045,0,,,,
48047,0,,,,
48049,0.026437541,0,0,0,0
48051,0,,,,
48053,0,,,,
48055,0.025817112,0,0,0,0
48057,0,,,,
48059,0.073980913,0,0,0,0
48061,0.004812817,100,100,50,50
48063,0,,,,
48065,0,,,,
48067,0,,,,
48069,0,,,,
48071,0,,,,
48073,0.019528961,100,100,100,0
48075,0,,,,
48077,0.09492169,0,0,100,100
48079,0,,,,
48081,0,,,,
48083,0,,,,
48085,0.004792474,0,0,0,0
48087,0,,,,
48089,0,,,,
48091,0.008742481,0,0,0,0
48093,0,,,,
48095,0,,,,
48097,0,,,,
48099,0,,,,
48101,0,,,,
48103,0,,,,
48105,0,,,,
48107,0,,,,
48109,0,,,,
48111,0,,,,
48113,0.003667716,11,0,0,0
48115,0,,,,
48117,0.051652893,0,0,0,0
48119,0,,,,
48121,0.005655277,0,0,0,0
48123,0.048863914,0,0,0,0
48125,0,,,,
48127,0,,,,
48129,0,,,,
48131,0,,,,
48133,0,,,,
48135,0,,,,
48137,0,,,,
48139,0.006494814,0,0,0,0
48141,0.015711906,15,0,0,0
48143,0,,,,
48145,0,,,,
48147,0,,,,
48149,0.040494027,0,0,0,0
48151,0,,,,
48153,0,,,,
48155,0,,,,
48157,0.003188303,0,0,0,0
48159,0.187969925,0,0,0,0
48161,0,,,,
48163,0,,,,
48165,0,,,,
48167,0.013311857,0,0,0,0
48169,0,,,,
48171,0.039756689,0,0,0,0
48173,0,,,,
48175,0,,,,
48177,0,,,,
48179,0,,,,
48181,0.016402181,0,0,0,0
48183,0.00815275,0,0,0,0
48185,0.037337117,0,0,0,0
48187,0.021452936,0,66.66666667,0,0
48189,0,,,,
48191,0,,,,
48193,0,,,,
48195,0,,,,
48197,0,,,,
48199,0,,,,
48201,0.002115805,11,11.11111111,11.11111111,11
48203,0,,,,
48205,0,,,,
48207,0,,,,
48209,0.02958755,0,0,0,0
48211,0,,,,
48213,0.012643184,0,0,0,0
48215,0.001239846,0,0,0,0
48217,0,,,,
48219,0,,,,
48221,0,,,,
48223,0.028193634,0,0,0,0
48225,0,,,,
48227,0,,,,
48229,0,,,,
48231,0.011483825,0,0,0,0
48233,0,,,,
48235,0,,,,
48237,0,,,,
48239,0,,,,
48241,0.027837319,0,0,0,0
48243,0,,,,
48245,0.007942402,0,0,0,0
48247,0,,,,
48249,0,,,,
48251,0.006517163,0,0,0,0
48253,0,,,,
48255,0,,,,
48257,0,,,,
48259,0.05562354,0,0,0,0
48261,0,,,,
48263,0,,,,
48265,0.020085968,0,0,0,0
48267,0,,,,
48269,0,,,,
48271,0.277546489,0,0,0,0
48273,0,,,,
48275,0,,,,
48277,0.020075887,0,0,0,0
48279,0.071387778,0,0,0,0
48281,0.049733924,0,0,0,0
48283,0,,,,
48285,0,,,,
48287,0,,,,
48289,0,,,,
48291,0,,,,
48293,0,,,,
48295,0,,,,
48297,0,,,,
48299,0,,,,
48301,0,,,,
48303,0.01049832,67,0,66.66666667,0
48305,0,,,,
48307,0,,,,
48309,0.008378472,50,0,0,0
48311,0,,,,
48313,0,,,,
48315,0,,,,
48317,0,,,,
48319,0,,,,
48321,0,,,,
48323,0,,,,
48325,0,,,,
48327,0,,,,
48329,0.013638378,0,0,0,0
48331,0,,,,
48333,0,,,,
48335,0,,,,
48337,0,,,,
48339,0.004123312,0,0,0,0
48341,0.044816923,0,0,0,0
48343,0,,,,
48345,0,,,,
48347,0.015143714,0,0,0,0
48349,0.020842452,0,0,0,0
48351,0,,,,
48353,0,,,,
48355,0.011504468,0,0,0,0
48357,0,,,,
48359,0,,,,
48361,0,,,,
48363,0,,,,
48365,0,,,,
48367,0,,,,
48369,0,,,,
48371,0,,,,
48373,0.021902926,0,0,0,0
48375,0.008174276,0,0,0,0
48377,0,,,,
48379,0,,,,
48381,0,,,,
48383,0,,,,
48385,0,,,,
48387,0,,,,
48389,0,,,,
48391,0,,,,
48393,0,,,,
48395,0,,,,
48397,0,,,,
48399,0,,,,
48401,0,,,,
48403,0,,,,
48405,0,,,,
48407,0,,,,
48409,0,,,,
48411,0,,,,
48413,0,,,,
48415,0,,,,
48417,0,,,,
48419,0,,,,
48421,0,,,,
48423,0.013965115,0,0,0,0
48425,0,,,,
48427,0,,,,
48429,0,,,,
48431,0,,,,
48433,0,,,,
48435,0,,,,
48437,0,,,,
48439,0.006382459,33,25,8.333333333,8
48441,0.007492152,0,0,0,0
48443,0,,,,
48445,0,,,,
48447,0,,,,
48449,0,,,,
48451,0.008827606,0,0,0,0
48453,0.015516839,29,47.05882353,23.52941176,0
48455,0,,,,
48457,0,,,,
48459,0,,,,
48461,0,,,,
48463,0,,,,
48465,0,,,,
48467,0,,,,
48469,0.011202097,0,0,0,0
48471,0.014618173,0,0,0,0
48473,0,,,,
48475,0,,,,
48477,0.029331534,0,0,0,0
48479,0.003858441,100,0,0,0
48481,0.024221872,0,0,0,0
48483,0,,,,
48485,0.022803457,33,0,33.33333333,67
48487,0.075426158,0,0,0,100
48489,0,,,,
48491,0.017534938,0,12.5,0,0
48493,0,,,,
48495,0,,,,
48497,0,,,,
48499,0.023797059,0,0,0,0
48501,0,,,,
48503,0,,,,
48505,0,,,,
48507,0,,,,
49001,0,,,,
49003,0,,,,
49005,0.025969529,0,0,0,0
49007,0.047067683,0,0,0,0
49009,0,,,,
49011,0.009499413,0,0,0,0
49013,0.051964249,0,0,0,0
49015,0,,,,
49017,0.392541708,0,0,0,0
49019,0.107204117,0,0,0,0
49021,0.042780749,50,0,0,0
49023,0,,,,
49025,0.138484974,0,0,0,0
49027,0,,,,
49029,0,,,,
49031,0,,,,
49033,0,,,,
49035,0.007519914,50,0,0,0
49037,0,,,,
49039,0.071669175,0,0,0,0
49041,0,,,,
49043,0.078941136,33,0,0,0
49045,0.016702856,0,0,0,0
49047,0.028965357,0,0,0,0
49049,0.01110075,0,0,0,0
49051,0.039567918,0,0,0,0
49053,0.020716944,33,0,0,0
49055,0.365363537,0,0,0,0
49057,0,,,,
50001,0.108858348,50,50,25,50
50003,0.190751288,71,42.85714286,42.85714286,43
50005,0.417724366,23,30.76923077,7.692307692,23
50007,0.100943825,62,12.5,12.5,6
50009,0.160616768,100,0,0,0
50011,0.082963455,25,0,25,25
50013,0.286409852,100,0,100,0
50015,0.160269252,0,50,0,25
50017,0.172866823,0,20,60,20
50019,0.295104947,25,12.5,37.5,12
50021,0.098572344,50,66.66666667,33.33333333,67
50023,0.117716304,86,42.85714286,14.28571429,14
50025,0.27282028,75,58.33333333,8.333333333,50
50027,0.16011101,56,11.11111111,33.33333333,0
51001,0.059986203,50,0,0,0
51003,0.048899277,0,0,0,0
51005,0,,,,
51007,0.078376048,0,0,0,0
51009,0.030879447,0,0,0,0
51011,0,,,,
51013,0.036191726,12,0,0,25
51015,0.013576258,0,0,0,0
51017,0.214961307,0,0,0,0
51019,0.014369881,0,0,0,0
51021,0.148411992,0,0,0,0
51023,0.060324546,0,0,0,0
51025,0,,,,
51027,0,,,,
51029,0.058520599,0,0,0,0
51031,0.018128093,0,0,0,0
51033,0.069032169,0,0,0,0
51035,0.033499715,0,0,0,100
51036,0,,,,
51037,0,,,,
51041,0.030877921,10,0,0,0
51043,0.069817776,0,0,0,0
51045,0,,,,
51047,0.041744067,0,0,0,0
51049,0,,,,
51051,0.063734863,0,0,0,0
51053,0,,,,
51057,0.089023413,0,0,0,0
51059,0.01787946,0,0,0,0
51061,0.075140513,0,0,0,0
51063,0.064977258,100,0,0,0
51065,0.077020834,0,0,0,0
51067,0.035454078,0,0,0,0
51069,0.012450664,0,0,0,0
51071,0,,,,
51073,0.054221114,0,0,0,0
51075,0.14053497,100,0,0,0
51077,0.065863136,100,0,0,0
51079,0.053273667,0,0,0,0
51081,0,,,,
51083,0.055789562,0,0,0,100
51085,0.02980093,33,0,0,0
51087,0.006350577,50,0,0,0
51089,0,,,,
51091,0.445434298,100,0,0,0
51093,0.056498771,50,0,0,0
51095,0.014499688,0,0,0,0
51097,0.141924496,0,0,0,0
51099,0.040816327,100,0,0,0
51101,0.062574307,0,0,0,0
51103,0.088999644,0,0,0,0
51105,0.039255712,0,0,0,0
51107,0.02374606,0,0,0,0
51109,0.089739755,33,0,0,0
51111,0.079440737,0,0,0,0
51113,0.075757576,0,0,0,0
51115,0.112561909,0,0,0,0
51117,0.031497055,0,0,0,0
51119,0.277213084,0,0,0,0
51121,0.031514591,33,0,0,0
51125,0.202333581,0,0,0,0
51127,0.052167562,0,0,0,0
51131,0.245378701,33,33.33333333,33.33333333,33
51133,0.080997894,0,0,0,0
51135,0.063171194,0,0,0,0
51137,0.058400981,0,0,0,0
51139,0.041849759,0,0,0,0
51141,0.108395209,50,0,0,0
51143,0.015921792,0,0,0,100
51145,0.035558084,0,0,0,0
51147,0.043032963,0,0,0,100
51149,0.027070193,100,0,0,0
51153,0.013944117,0,0,0,0
51155,0.08636573,0,0,0,33
51157,0,,,,
51159,0.11038746,0,0,0,0
51161,0.021528294,50,0,0,0
51163,0.044654818,0,0,0,0
51165,0.012921399,100,100,100,100
51167,0.035155563,0,0,0,0
51169,0.087792459,50,0,0,0
51171,0.0469671,50,0,0,0
51173,0.063055678,0,0,0,50
51175,0,,,,
51177,0.023869387,67,0,0,0
51179,0,,,,
51181,0.146113384,0,0,0,0
51183,0,,,,
51185,0.067769043,33,0,0,67
51187,0.026267402,0,0,0,0
51191,0.036238449,100,50,0,100
51193,0,,,,
51195,0.073317366,67,0,0,67
51197,0.034186865,100,0,0,100
51199,0.015118072,0,0,0,0
51510,0.027342201,25,0,0,25
51515,0.167672703,0,0,0,0
51520,0,,,,
51530,0.149097957,0,0,0,0
51540,0.068250068,67,0,0,0
51550,0.008755916,0,0,0,0
51560,,,,,
51570,0,,,,
51580,0.173280194,0,0,0,0
51590,0.023257977,100,0,0,100
51595,0.174216028,0,0,0,100
51600,0,,,,
51610,0.075591504,0,0,0,0
51620,0.117260788,0,0,0,100
51630,0.036620647,100,0,0,0
51640,0.289519398,0,0,0,0
51650,0.014616037,0,0,0,0
51660,0.039230301,50,0,0,0
51670,0,,,,
51678,0.285795942,0,0,0,0
51680,0.012967982,100,0,0,0
51683,0.049255018,100,0,0,0
51685,0.063299152,0,0,0,0
51690,0.072817301,100,0,0,100
51700,0.022132953,0,0,0,0
51710,0.004068646,100,0,0,0
51720,0.245821042,100,0,0,100
51730,0.031276389,0,0,0,0
51735,0,,,,
51740,0.010365917,0,0,0,0
51750,0.059934073,0,0,0,0
51760,0.057058899,58,0,0,0
51770,0.020519345,0,0,0,0
51775,0.040048058,100,0,0,0
51780,,,,,
51790,0.041804272,0,0,0,100
51800,0.023479414,0,0,0,0
51810,0.008948125,25,25,0,0
51820,0.047377647,0,0,0,0
51830,0.065932617,100,0,0,0
51840,0.074401994,0,0,0,0
51901,,,,,
51903,,,,,
51907,,,,,
51909,,,,,
51911,,,,,
51913,,,,,
51918,,,,,
51919,,,,,
51921,,,,,
51923,,,,,
51929,,,,,
51931,,,,,
51933,,,,,
51939,,,,,
51941,,,,,
51942,,,,,
51944,,,,,
51945,,,,,
51947,,,,,
51949,,,,,
51951,,,,,
51953,,,,,
51955,,,,,
51958,,,,,
53001,0.052617732,0,0,0,0
53003,0,,,,
53005,0.027412581,40,40,0,40
53007,0.040712744,33,33.33333333,0,33
53009,0.027830733,50,100,50,100
53011,0.01368966,67,66.66666667,0,67
53013,0,,,,
53015,0.039217224,0,0,0,0
53017,0,,,,
53019,0,,,,
53021,0.011648902,0,0,0,0
53023,0,,,,
53025,0.010902391,0,100,100,100
53027,0.013948558,0,0,0,0
53029,0.063149652,40,80,40,80
53031,0.100489047,0,0,0,0
53033,0.019427729,62,82.05128205,7.692307692,77
53035,0.031373656,88,87.5,0,75
53037,0.023996928,0,0,0,0
53039,0.048311513,0,0,0,0
53041,0.03967152,67,100,33.33333333,100
53043,0.095812973,0,100,0,100
53045,0.032877433,50,50,0,50
53047,0.145366445,17,16.66666667,16.66666667,17
53049,0.145808019,0,33.33333333,33.33333333,33
53051,0.077041602,0,0,0,0
53053,0.018480166,33,53.33333333,33.33333333,53
53055,0.18958544,33,66.66666667,66.66666667,67
53057,0.050751975,33,33.33333333,0,33
53059,0,,,,
53061,0.012277705,33,55.55555556,11.11111111,33
53063,0.021020106,50,50,0,40
53065,0.091873765,25,50,25,50
53067,0.027096914,43,57.14285714,14.28571429,57
53069,0.250438267,0,100,0,100
53071,0.016833883,0,0,0,0
53073,0.019487289,50,50,25,50
53075,0.021456465,0,0,0,0
53077,0.00809792,0,50,0,50
54001,0.121263566,50,50,50,50
54003,0.009337243,0,100,0,100
54005,0,,,,
54007,0.207354161,0,0,0,0
54009,0.167693791,50,50,25,75
54011,0.020624085,0,0,0,50
54013,0.262915736,50,0,100,100
54015,0.107561579,0,0,0,0
54017,0.122279286,0,0,0,0
54019,0.043602433,100,100,100,100
54021,0.114521301,0,0,100,100
54023,0.084631009,0,0,0,0
54025,0.111669458,50,25,0,50
54027,0.042178076,0,0,0,100
54029,0.06599571,0,100,0,100
54031,0,,,,
54033,0.057852794,25,75,0,75
54035,0.034206746,0,100,0,100
54037,0.110083664,17,0,0,17
54039,0.010406964,50,50,50,50
54041,0.061083623,0,100,0,100
54043,0.046238498,0,0,0,0
54045,0.02764875,0,0,0,100
54047,0,,,,
54049,0.03528706,0,0,0,0
54051,0.030605374,0,100,0,100
54053,0.073586225,0,100,0,50
54055,0.031988228,0,0,0,0
54057,0.143081986,75,75,50,75
54059,0.038309773,0,0,0,0
54061,0.01993382,100,100,100,100
54063,0.07427765,0,0,0,0
54065,0.057237708,100,100,0,100
54067,0.038125739,0,0,0,0
54069,0.045377198,0,0,0,100
54071,0.132170235,0,0,0,0
54073,0.263331139,0,50,0,50
54075,0.230096641,50,50,0,50
54077,0.088673445,0,33.33333333,0,33
54079,0.035439001,100,100,0,100
54081,0,,,,
54083,0.068064253,50,0,50,50
54085,0.097694412,0,100,100,100
54087,0.204304004,100,100,0,100
54089,0.072796098,0,0,0,0
54091,0.058854688,0,0,0,0
54093,0.285918513,0,0,0,100
54095,0.221312382,0,0,0,50
54097,0.04085468,100,100,100,100
54099,0.048020361,0,0,0,0
54101,0.110582771,0,100,0,100
54103,0.060893923,100,0,0,100
54105,0,,,,
54107,0.011533892,100,0,0,0
54109,0.042968246,0,0,0,0
55001,0.048358238,0,100,0,0
55003,0.062531266,0,0,0,0
55005,0.109330243,0,20,40,40
55007,0.264918207,0,0,0,0
55009,0.023712416,17,16.66666667,0,0
55011,0.075001875,0,100,0,0
55013,0.325055259,0,80,80,0
55015,0.060442439,0,33.33333333,0,33
55017,0.031785385,0,50,0,0
55019,0.174241324,0,100,33.33333333,100
55021,0.159182157,11,66.66666667,0,67
55023,0.241545894,0,25,0,25
55025,0.069510231,20,28.57142857,17.14285714,29
55027,0.067861788,0,33.33333333,0,17
55029,0.071898479,50,100,100,50
55031,0.114194359,0,60,0,60
55033,0.06807043,0,66.66666667,33.33333333,67
55035,0.049663776,0,20,40,40
55037,0,,,,
55039,0.039276141,50,75,25,50
55041,0,,,,
55043,0.078297806,0,0,0,0
55045,0.027093663,0,0,0,0
55047,0.105047534,0,50,0,50
55049,0.084008905,0,0,0,0
55051,0.168520391,0,0,0,0
55053,0.146448621,33,66.66666667,33.33333333,67
55055,0.047338399,25,50,25,25
55057,0,,,,
55059,0.047637195,0,12.5,0,0
55061,0.048487199,0,0,0,0
55063,0.060105958,14,14.28571429,14.28571429,14
55065,0.118673233,0,0,0,0
55067,0.050900947,0,100,0,100
55069,0.105663567,0,100,66.66666667,100
55071,0.037188085,33,66.66666667,0,33
55073,0.051953835,14,42.85714286,14.28571429,43
55075,0.048119722,0,0,0,0
55077,0,,,,
55078,0,,,,
55079,0.023031705,27,27.27272727,4.545454545,32
55081,0.044345898,0,50,0,0
55083,0,,,,
55085,0.056000448,0,0,0,0
55087,0.033554044,50,66.66666667,16.66666667,17
55089,0.034553056,33,0,0,33
55091,0.270635995,0,0,0,0
55093,0.049002793,50,50,0,50
55095,0.160513644,14,71.42857143,28.57142857,57
55097,0.042593671,33,66.66666667,0,33
55099,0.216309756,0,33.33333333,33.33333333,33
55101,0.030801296,17,33.33333333,0,17
55103,0.112246043,0,0,0,0
55105,0.043636001,14,14.28571429,0,14
55107,0.139703828,0,100,0,100
55109,0.046925225,25,25,25,25
55111,0.079876032,0,20,0,0
55113,0.120619987,50,50,0,50
55115,0.048068835,50,100,50,100
55117,0.026084915,67,100,33.33333333,100
55119,0.097627648,50,100,0,100
55121,0.068266375,0,0,0,0
55123,0.165234633,20,60,0,60
55125,0.093729497,0,50,0,0
55127,0.058336817,0,16.66666667,16.66666667,17
55129,0.06318716,0,0,100,0
55131,0.037690052,20,0,0,20
55133,0.030589459,17,66.66666667,33.33333333,42
55135,0,,,,
55137,0,,,,
55139,0.035546287,50,66.66666667,16.66666667,50
55141,0.053746103,50,25,0,25
56001,0.080480738,33,0,0,0
56003,0.254366627,0,0,0,0
56005,0.020888165,0,0,0,0
56007,0.063832504,0,0,0,0
56009,0.071387778,0,0,0,0
56011,0,,,,
56013,0.145949891,0,0,0,0
56015,0.220005867,0,0,0,0
56017,0.207382829,0,0,0,0
56019,0.116076611,0,0,0,0
56021,0.042335658,25,0,0,0
56023,0.055676187,0,0,0,0
56025,0.025438496,0,0,0,0
56027,0.407166124,0,0,0,0
56029,0.034840778,0,0,0,0
56031,0.114207401,0,0,0,100
56033,0.0675767,0,0,0,0
56035,0.096450617,0,0,0,0
56037,0.044182296,0,0,0,0
56039,0.046136101,100,0,0,0
56041,0.095124851,0,0,0,0
56043,0.118147448,0,0,0,0
56045,0.2824061,0,0,0,0
72001,,,,,
72003,,,,,
72005,,,,,
72007,,,,,
72009,,,,,
72011,,,,,
72013,,,,,
72015,,,,,
72017,,,,,
72019,,,,,
72021,,,,,
72023,,,,,
72025,,,,,
72027,,,,,
72029,,,,,
72031,,,,,
72033,,,,,
72035,,,,,
72037,,,,,
72039,,,,,
72041,,,,,
72043,,,,,
72045,,,,,
72047,,,,,
72049,,,,,
72051,,,,,
72053,,,,,
72054,,,,,
72055,,,,,
72057,,,,,
72059,,,,,
72061,,,,,
72063,,,,,
72065,,,,,
72067,,,,,
72069,,,,,
72071,,,,,
72073,,,,,
72075,,,,,
72077,,,,,
72079,,,,,
72081,,,,,
72083,,,,,
72085,,,,,
72087,,,,,
72089,,,,,
72091,,,,,
72093,,,,,
72095,,,,,
72097,,,,,
72099,,,,,
72101,,,,,
72103,,,,,
72105,,,,,
72107,,,,,
72109,,,,,
72111,,,,,
72113,,,,,
72115,,,,,
72117,,,,,
72119,,,,,
72121,,,,,
72123,,,,,
72125,,,,,
72127,,,,,
72129,,,,,
72131,,,,,
72133,,,,,
72135,,,,,
72137,,,,,
72139,,,,,
72141,,,,,
72143,,,,,
72145,,,,,
72147,,,,,
72149,,,,,
72151,,,,,
72153,,,,,
